W20260912 09:38:16.324843 138302704840832 feature_extraction.cc:445] Your current options use the maximum number of threads on the machine to extract features. Extracting SIFT features on the CPU can consume a lot of RAM per thread for large images. Consider reducing the maximum image size and/or the first octave or manually limit the number of extraction threads. Ignore this warning, if your machine has sufficient memory for the current settings.
I20260912 09:38:16.325077 138296854312640 feature_extraction.cc:498] === Feature extraction ===
I20260912 09:38:16.325826 138296420177600 sift.cc:765] Creating SIFT CPU feature extractor
I20260912 09:38:16.325841 138296336316096 sift.cc:765] Creating SIFT CPU feature extractor
I20260912 09:38:16.325926 138296311137984 sift.cc:765] Creating SIFT CPU feature extractor
I20260912 09:38:16.325956 138296302745280 sift.cc:765] Creating SIFT CPU feature extractor
I20260912 09:38:16.325971 138296319530688 sift.cc:765] Creating SIFT CPU feature extractor
I20260912 09:38:16.325974 138296327923392 sift.cc:765] Creating SIFT CPU feature extractor
I20260912 09:38:16.325995 138296294352576 sift.cc:765] Creating SIFT CPU feature extractor
I20260912 09:38:16.326058 138296285959872 sift.cc:765] Creating SIFT CPU feature extractor
I20260912 09:38:16.326116 138296193705664 sift.cc:765] Creating SIFT CPU feature extractor
I20260912 09:38:16.326174 138296202098368 sift.cc:765] Creating SIFT CPU feature extractor
I20260912 09:38:16.326179 138296185312960 sift.cc:765] Creating SIFT CPU feature extractor
I20260912 09:38:16.326224 138296168527552 sift.cc:765] Creating SIFT CPU feature extractor
I20260912 09:38:16.326287 138296176920256 sift.cc:765] Creating SIFT CPU feature extractor
I20260912 09:38:16.326289 138296160134848 sift.cc:765] Creating SIFT CPU feature extractor
I20260912 09:38:16.326322 138296151742144 sift.cc:765] Creating SIFT CPU feature extractor
I20260912 09:38:16.326368 138295933662912 sift.cc:765] Creating SIFT CPU feature extractor
I20260912 09:38:16.326415 138295925270208 sift.cc:765] Creating SIFT CPU feature extractor
I20260912 09:38:16.326445 138295916877504 sift.cc:765] Creating SIFT CPU feature extractor
I20260912 09:38:16.326496 138295908484800 sift.cc:765] Creating SIFT CPU feature extractor
I20260912 09:38:16.326516 138295900092096 sift.cc:765] Creating SIFT CPU feature extractor
I20260912 09:38:16.326568 138295891699392 sift.cc:765] Creating SIFT CPU feature extractor
I20260912 09:38:16.326583 138295883306688 sift.cc:765] Creating SIFT CPU feature extractor
I20260912 09:38:16.326604 138295799445184 sift.cc:765] Creating SIFT CPU feature extractor
I20260912 09:38:16.326658 138295791052480 sift.cc:765] Creating SIFT CPU feature extractor
I20260912 09:38:16.574105 138295782659776 feature_extraction.cc:270] Processed file [1/6]
I20260912 09:38:16.574157 138295782659776 feature_extraction.cc:273]   Name:            image_4.png
I20260912 09:38:16.574162 138295782659776 feature_extraction.cc:282]   Dimensions:      518 x 518
I20260912 09:38:16.574165 138295782659776 feature_extraction.cc:285]   Camera:          #4 - PINHOLE
I20260912 09:38:16.574169 138295782659776 feature_extraction.cc:289]   Focal Length:    663.43px (Prior)
I20260912 09:38:16.574179 138295782659776 feature_extraction.cc:294]   Features:        2477 (SIFT)
I20260912 09:38:16.576837 138295782659776 feature_extraction.cc:270] Processed file [2/6]
I20260912 09:38:16.576852 138295782659776 feature_extraction.cc:273]   Name:            image_6.png
I20260912 09:38:16.576856 138295782659776 feature_extraction.cc:282]   Dimensions:      518 x 518
I20260912 09:38:16.576859 138295782659776 feature_extraction.cc:285]   Camera:          #6 - PINHOLE
I20260912 09:38:16.576862 138295782659776 feature_extraction.cc:289]   Focal Length:    663.43px (Prior)
I20260912 09:38:16.576869 138295782659776 feature_extraction.cc:294]   Features:        2060 (SIFT)
I20260912 09:38:16.579345 138295782659776 feature_extraction.cc:270] Processed file [3/6]
I20260912 09:38:16.579359 138295782659776 feature_extraction.cc:273]   Name:            image_5.png
I20260912 09:38:16.579367 138295782659776 feature_extraction.cc:282]   Dimensions:      518 x 518
I20260912 09:38:16.579370 138295782659776 feature_extraction.cc:285]   Camera:          #5 - PINHOLE
I20260912 09:38:16.579373 138295782659776 feature_extraction.cc:289]   Focal Length:    663.43px (Prior)
I20260912 09:38:16.579379 138295782659776 feature_extraction.cc:294]   Features:        2295 (SIFT)
I20260912 09:38:16.581613 138295782659776 feature_extraction.cc:270] Processed file [4/6]
I20260912 09:38:16.581637 138295782659776 feature_extraction.cc:273]   Name:            image_3.png
I20260912 09:38:16.581641 138295782659776 feature_extraction.cc:282]   Dimensions:      518 x 518
I20260912 09:38:16.581644 138295782659776 feature_extraction.cc:285]   Camera:          #3 - PINHOLE
I20260912 09:38:16.581647 138295782659776 feature_extraction.cc:289]   Focal Length:    663.43px (Prior)
I20260912 09:38:16.581653 138295782659776 feature_extraction.cc:294]   Features:        2676 (SIFT)
I20260912 09:38:16.583866 138295782659776 feature_extraction.cc:270] Processed file [5/6]
I20260912 09:38:16.583874 138295782659776 feature_extraction.cc:273]   Name:            image_2.png
I20260912 09:38:16.583877 138295782659776 feature_extraction.cc:282]   Dimensions:      518 x 518
I20260912 09:38:16.583880 138295782659776 feature_extraction.cc:285]   Camera:          #2 - PINHOLE
I20260912 09:38:16.583882 138295782659776 feature_extraction.cc:289]   Focal Length:    663.43px (Prior)
I20260912 09:38:16.583887 138295782659776 feature_extraction.cc:294]   Features:        2879 (SIFT)
I20260912 09:38:16.586505 138295782659776 feature_extraction.cc:270] Processed file [6/6]
I20260912 09:38:16.586511 138295782659776 feature_extraction.cc:273]   Name:            image_1.png
I20260912 09:38:16.586513 138295782659776 feature_extraction.cc:282]   Dimensions:      518 x 518
I20260912 09:38:16.586515 138295782659776 feature_extraction.cc:285]   Camera:          #1 - PINHOLE
I20260912 09:38:16.586517 138295782659776 feature_extraction.cc:289]   Focal Length:    663.43px (Prior)
I20260912 09:38:16.586519 138295782659776 feature_extraction.cc:294]   Features:        3162 (SIFT)
I20260912 09:38:16.587297 138296854312640 timer.cc:90] Elapsed time: 0.004 [minutes]
I20260912 09:38:16.629638 138296854312640 feature_matching.cc:196] === Feature matching & geometric verification ===
I20260912 09:38:16.629875 138295782659776 sift.cc:1686] Creating SIFT CPU feature matcher
I20260912 09:38:16.629881 138296837527232 sift.cc:1686] Creating SIFT CPU feature matcher
I20260912 09:38:16.629895 138296845919936 sift.cc:1686] Creating SIFT CPU feature matcher
I20260912 09:38:16.629916 138296829134528 sift.cc:1686] Creating SIFT CPU feature matcher
I20260912 09:38:16.629953 138296730576576 sift.cc:1686] Creating SIFT CPU feature matcher
I20260912 09:38:16.629977 138295791052480 sift.cc:1686] Creating SIFT CPU feature matcher
I20260912 09:38:16.629986 138296722183872 sift.cc:1686] Creating SIFT CPU feature matcher
I20260912 09:38:16.630061 138295799445184 sift.cc:1686] Creating SIFT CPU feature matcher
I20260912 09:38:16.630069 138296697005760 sift.cc:1686] Creating SIFT CPU feature matcher
I20260912 09:38:16.630083 138296820741824 sift.cc:1686] Creating SIFT CPU feature matcher
I20260912 09:38:16.630078 138296738969280 sift.cc:1686] Creating SIFT CPU feature matcher
I20260912 09:38:16.630120 138296604751552 sift.cc:1686] Creating SIFT CPU feature matcher
I20260912 09:38:16.630124 138296713791168 sift.cc:1686] Creating SIFT CPU feature matcher
I20260912 09:38:16.630168 138296587966144 sift.cc:1686] Creating SIFT CPU feature matcher
I20260912 09:38:16.630200 138296579573440 sift.cc:1686] Creating SIFT CPU feature matcher
I20260912 09:38:16.630209 138296705398464 sift.cc:1686] Creating SIFT CPU feature matcher
I20260912 09:38:16.630211 138296688613056 sift.cc:1686] Creating SIFT CPU feature matcher
I20260912 09:38:16.630253 138296562788032 sift.cc:1686] Creating SIFT CPU feature matcher
I20260912 09:38:16.630272 138296596358848 sift.cc:1686] Creating SIFT CPU feature matcher
I20260912 09:38:16.630307 138296470533824 sift.cc:1686] Creating SIFT CPU feature matcher
I20260912 09:38:16.630344 138296571180736 sift.cc:1686] Creating SIFT CPU feature matcher
I20260912 09:38:16.630356 138296453748416 sift.cc:1686] Creating SIFT CPU feature matcher
I20260912 09:38:16.630403 138296554395328 sift.cc:1686] Creating SIFT CPU feature matcher
I20260912 09:38:16.630568 138296462141120 sift.cc:1686] Creating SIFT CPU feature matcher
I20260912 09:38:16.631090 138296854312640 pairing.cc:179] Generating exhaustive image pairs...
I20260912 09:38:16.631103 138296854312640 pairing.cc:212] Processing block [1/1, 1/1]
I20260912 09:38:16.705573 138296854312640 feature_matching.cc:218] in 0.074s
I20260912 09:38:16.705602 138296854312640 timer.cc:90] Elapsed time: 0.001 [minutes]
I20260912 09:38:16.733285 138302704840832 incremental_pipeline.cc:353] Loading database
I20260912 09:38:16.733325 138302704840832 database_cache.cc:73] Loading rigs...
I20260912 09:38:16.733349 138302704840832 database_cache.cc:83]  6 in 0.000s
I20260912 09:38:16.733355 138302704840832 database_cache.cc:91] Loading cameras...
I20260912 09:38:16.733368 138302704840832 database_cache.cc:109]  6 in 0.000s
I20260912 09:38:16.733370 138302704840832 database_cache.cc:117] Loading frames...
I20260912 09:38:16.733394 138302704840832 database_cache.cc:127]  6 in 0.000s
I20260912 09:38:16.733397 138302704840832 database_cache.cc:135] Loading matches...
I20260912 09:38:16.733429 138302704840832 database_cache.cc:140]  13 in 0.000s
I20260912 09:38:16.733432 138302704840832 database_cache.cc:148] Loading images...
I20260912 09:38:16.734200 138302704840832 database_cache.cc:245]  6 in 0.001s (connected 6, loaded 6)
I20260912 09:38:16.734205 138302704840832 database_cache.cc:259] Loading pose priors...
I20260912 09:38:16.734211 138302704840832 database_cache.cc:267]  0 in 0.000s
I20260912 09:38:16.734214 138302704840832 database_cache.cc:275] Building correspondence graph...
I20260912 09:38:16.734683 138302704840832 database_cache.cc:304]  in 0.000s (ignored 0)
I20260912 09:38:16.734688 138302704840832 timer.cc:90] Elapsed time: 0.000 [minutes]
I20260912 09:38:16.734897 138302704840832 incremental_pipeline.cc:465] Finding good initial image pair
I20260912 09:38:16.745391 138302704840832 incremental_pipeline.cc:492] Registering initial image pair #4 and #5
I20260912 09:38:16.745905 138302704840832 incremental_pipeline.cc:510] Global bundle adjustment
I20260912 09:38:16.754606 138302704840832 incremental_pipeline.cc:620] Registering image #6 (num_reg_frames=2)
I20260912 09:38:16.754611 138302704840832 incremental_pipeline.cc:623] => Image sees 69 / 836 points
I20260912 09:38:16.758988 138302704840832 incremental_pipeline.cc:88] Retriangulation and Global bundle adjustment
I20260912 09:38:16.764985 138302704840832 incremental_pipeline.cc:620] Registering image #2 (num_reg_frames=3)
I20260912 09:38:16.764990 138302704840832 incremental_pipeline.cc:623] => Image sees 32 / 243 points
I20260912 09:38:16.767467 138302704840832 incremental_pipeline.cc:88] Retriangulation and Global bundle adjustment
I20260912 09:38:16.771645 138302704840832 incremental_pipeline.cc:620] Registering image #1 (num_reg_frames=4)
I20260912 09:38:16.771650 138302704840832 incremental_pipeline.cc:623] => Image sees 38 / 159 points
I20260912 09:38:16.774180 138302704840832 incremental_pipeline.cc:88] Retriangulation and Global bundle adjustment
I20260912 09:38:16.778587 138302704840832 incremental_pipeline.cc:88] Retriangulation and Global bundle adjustment
I20260912 09:38:16.779135 138302704840832 incremental_pipeline.cc:826] Keeping successful reconstruction
I20260912 09:38:16.779568 138302704840832 timer.cc:90] Elapsed time: 0.001 [minutes]
[1/40] apple/110_13051_23361  registered 5/6  arm 14.87 deg -> refined 3.46 deg  (0.5s)
W20260912 09:38:16.877473 138302704840832 feature_extraction.cc:445] Your current options use the maximum number of threads on the machine to extract features. Extracting SIFT features on the CPU can consume a lot of RAM per thread for large images. Consider reducing the maximum image size and/or the first octave or manually limit the number of extraction threads. Ignore this warning, if your machine has sufficient memory for the current settings.
I20260912 09:38:16.877656 138296470533824 feature_extraction.cc:498] === Feature extraction ===
I20260912 09:38:16.878130 138296462141120 sift.cc:765] Creating SIFT CPU feature extractor
I20260912 09:38:16.878145 138296445355712 sift.cc:765] Creating SIFT CPU feature extractor
I20260912 09:38:16.878168 138296436963008 sift.cc:765] Creating SIFT CPU feature extractor
I20260912 09:38:16.878177 138296453748416 sift.cc:765] Creating SIFT CPU feature extractor
I20260912 09:38:16.878177 138296579573440 sift.cc:765] Creating SIFT CPU feature extractor
I20260912 09:38:16.878197 138296587966144 sift.cc:765] Creating SIFT CPU feature extractor
I20260912 09:38:16.878216 138296327923392 sift.cc:765] Creating SIFT CPU feature extractor
I20260912 09:38:16.878197 138296596358848 sift.cc:765] Creating SIFT CPU feature extractor
I20260912 09:38:16.878252 138296302745280 sift.cc:765] Creating SIFT CPU feature extractor
I20260912 09:38:16.878278 138296285959872 sift.cc:765] Creating SIFT CPU feature extractor
I20260912 09:38:16.878307 138296193705664 sift.cc:765] Creating SIFT CPU feature extractor
I20260912 09:38:16.878335 138296176920256 sift.cc:765] Creating SIFT CPU feature extractor
I20260912 09:38:16.878342 138296336316096 sift.cc:765] Creating SIFT CPU feature extractor
I20260912 09:38:16.878343 138296428570304 sift.cc:765] Creating SIFT CPU feature extractor
I20260912 09:38:16.878361 138296160134848 sift.cc:765] Creating SIFT CPU feature extractor
I20260912 09:38:16.878360 138296420177600 sift.cc:765] Creating SIFT CPU feature extractor
I20260912 09:38:16.878378 138296151742144 sift.cc:765] Creating SIFT CPU feature extractor
I20260912 09:38:16.878390 138295933662912 sift.cc:765] Creating SIFT CPU feature extractor
I20260912 09:38:16.878343 138296311137984 sift.cc:765] Creating SIFT CPU feature extractor
I20260912 09:38:16.878398 138296319530688 sift.cc:765] Creating SIFT CPU feature extractor
I20260912 09:38:16.878392 138296168527552 sift.cc:765] Creating SIFT CPU feature extractor
I20260912 09:38:16.878398 138296294352576 sift.cc:765] Creating SIFT CPU feature extractor
I20260912 09:38:16.878402 138296185312960 sift.cc:765] Creating SIFT CPU feature extractor
I20260912 09:38:16.878399 138296202098368 sift.cc:765] Creating SIFT CPU feature extractor
I20260912 09:38:17.062231 138295925270208 feature_extraction.cc:270] Processed file [1/6]
I20260912 09:38:17.062285 138295925270208 feature_extraction.cc:273]   Name:            image_6.png
I20260912 09:38:17.062290 138295925270208 feature_extraction.cc:282]   Dimensions:      518 x 518
I20260912 09:38:17.062293 138295925270208 feature_extraction.cc:285]   Camera:          #6 - PINHOLE
I20260912 09:38:17.062297 138295925270208 feature_extraction.cc:289]   Focal Length:    606.22px (Prior)
I20260912 09:38:17.062307 138295925270208 feature_extraction.cc:294]   Features:        1417 (SIFT)
I20260912 09:38:17.064222 138295925270208 feature_extraction.cc:270] Processed file [2/6]
I20260912 09:38:17.064239 138295925270208 feature_extraction.cc:273]   Name:            image_4.png
I20260912 09:38:17.064243 138295925270208 feature_extraction.cc:282]   Dimensions:      518 x 518
I20260912 09:38:17.064245 138295925270208 feature_extraction.cc:285]   Camera:          #4 - PINHOLE
I20260912 09:38:17.064249 138295925270208 feature_extraction.cc:289]   Focal Length:    606.22px (Prior)
I20260912 09:38:17.064255 138295925270208 feature_extraction.cc:294]   Features:        1279 (SIFT)
I20260912 09:38:17.075667 138295925270208 feature_extraction.cc:270] Processed file [3/6]
I20260912 09:38:17.075693 138295925270208 feature_extraction.cc:273]   Name:            image_5.png
I20260912 09:38:17.075698 138295925270208 feature_extraction.cc:282]   Dimensions:      518 x 518
I20260912 09:38:17.075701 138295925270208 feature_extraction.cc:285]   Camera:          #5 - PINHOLE
I20260912 09:38:17.075704 138295925270208 feature_extraction.cc:289]   Focal Length:    606.22px (Prior)
I20260912 09:38:17.075722 138295925270208 feature_extraction.cc:294]   Features:        1938 (SIFT)
I20260912 09:38:17.092907 138295925270208 feature_extraction.cc:270] Processed file [4/6]
I20260912 09:38:17.092946 138295925270208 feature_extraction.cc:273]   Name:            image_1.png
I20260912 09:38:17.092951 138295925270208 feature_extraction.cc:282]   Dimensions:      518 x 518
I20260912 09:38:17.092954 138295925270208 feature_extraction.cc:285]   Camera:          #1 - PINHOLE
I20260912 09:38:17.092975 138295925270208 feature_extraction.cc:289]   Focal Length:    606.22px (Prior)
I20260912 09:38:17.092987 138295925270208 feature_extraction.cc:294]   Features:        2589 (SIFT)
I20260912 09:38:17.106184 138295925270208 feature_extraction.cc:270] Processed file [5/6]
I20260912 09:38:17.106209 138295925270208 feature_extraction.cc:273]   Name:            image_3.png
I20260912 09:38:17.106213 138295925270208 feature_extraction.cc:282]   Dimensions:      518 x 518
I20260912 09:38:17.106216 138295925270208 feature_extraction.cc:285]   Camera:          #3 - PINHOLE
I20260912 09:38:17.106219 138295925270208 feature_extraction.cc:289]   Focal Length:    606.22px (Prior)
I20260912 09:38:17.106226 138295925270208 feature_extraction.cc:294]   Features:        2752 (SIFT)
I20260912 09:38:17.109066 138295925270208 feature_extraction.cc:270] Processed file [6/6]
I20260912 09:38:17.109088 138295925270208 feature_extraction.cc:273]   Name:            image_2.png
I20260912 09:38:17.109092 138295925270208 feature_extraction.cc:282]   Dimensions:      518 x 518
I20260912 09:38:17.109095 138295925270208 feature_extraction.cc:285]   Camera:          #2 - PINHOLE
I20260912 09:38:17.109098 138295925270208 feature_extraction.cc:289]   Focal Length:    606.22px (Prior)
I20260912 09:38:17.109105 138295925270208 feature_extraction.cc:294]   Features:        2828 (SIFT)
I20260912 09:38:17.113414 138296470533824 timer.cc:90] Elapsed time: 0.004 [minutes]
I20260912 09:38:17.133440 138296470533824 feature_matching.cc:196] === Feature matching & geometric verification ===
I20260912 09:38:17.133673 138295925270208 sift.cc:1686] Creating SIFT CPU feature matcher
I20260912 09:38:17.133721 138297107986112 sift.cc:1686] Creating SIFT CPU feature matcher
I20260912 09:38:17.133756 138297116378816 sift.cc:1686] Creating SIFT CPU feature matcher
I20260912 09:38:17.133673 138296151742144 sift.cc:1686] Creating SIFT CPU feature matcher
I20260912 09:38:17.133784 138297099593408 sift.cc:1686] Creating SIFT CPU feature matcher
I20260912 09:38:17.133684 138295933662912 sift.cc:1686] Creating SIFT CPU feature matcher
I20260912 09:38:17.133824 138297091200704 sift.cc:1686] Creating SIFT CPU feature matcher
I20260912 09:38:17.133871 138296854312640 sift.cc:1686] Creating SIFT CPU feature matcher
I20260912 09:38:17.133901 138297007404736 sift.cc:1686] Creating SIFT CPU feature matcher
I20260912 09:38:17.133784 138297124771520 sift.cc:1686] Creating SIFT CPU feature matcher
I20260912 09:38:17.134003 138296845919936 sift.cc:1686] Creating SIFT CPU feature matcher
I20260912 09:38:17.134003 138296999012032 sift.cc:1686] Creating SIFT CPU feature matcher
I20260912 09:38:17.133778 138297133164224 sift.cc:1686] Creating SIFT CPU feature matcher
I20260912 09:38:17.134073 138296837527232 sift.cc:1686] Creating SIFT CPU feature matcher
I20260912 09:38:17.134097 138296730576576 sift.cc:1686] Creating SIFT CPU feature matcher
I20260912 09:38:17.134112 138296705398464 sift.cc:1686] Creating SIFT CPU feature matcher
I20260912 09:38:17.134073 138296738969280 sift.cc:1686] Creating SIFT CPU feature matcher
I20260912 09:38:17.134140 138296722183872 sift.cc:1686] Creating SIFT CPU feature matcher
I20260912 09:38:17.134162 138296820741824 sift.cc:1686] Creating SIFT CPU feature matcher
I20260912 09:38:17.134178 138296713791168 sift.cc:1686] Creating SIFT CPU feature matcher
I20260912 09:38:17.134186 138296697005760 sift.cc:1686] Creating SIFT CPU feature matcher
I20260912 09:38:17.134199 138296688613056 sift.cc:1686] Creating SIFT CPU feature matcher
I20260912 09:38:17.134162 138296829134528 sift.cc:1686] Creating SIFT CPU feature matcher
I20260912 09:38:17.134386 138296604751552 sift.cc:1686] Creating SIFT CPU feature matcher
I20260912 09:38:17.134913 138296470533824 pairing.cc:179] Generating exhaustive image pairs...
I20260912 09:38:17.134927 138296470533824 pairing.cc:212] Processing block [1/1, 1/1]
I20260912 09:38:17.199811 138296470533824 feature_matching.cc:218] in 0.065s
I20260912 09:38:17.199850 138296470533824 timer.cc:90] Elapsed time: 0.001 [minutes]
I20260912 09:38:17.239229 138302704840832 incremental_pipeline.cc:353] Loading database
I20260912 09:38:17.239268 138302704840832 database_cache.cc:73] Loading rigs...
I20260912 09:38:17.239291 138302704840832 database_cache.cc:83]  6 in 0.000s
I20260912 09:38:17.239297 138302704840832 database_cache.cc:91] Loading cameras...
I20260912 09:38:17.239308 138302704840832 database_cache.cc:109]  6 in 0.000s
I20260912 09:38:17.239311 138302704840832 database_cache.cc:117] Loading frames...
I20260912 09:38:17.239335 138302704840832 database_cache.cc:127]  6 in 0.000s
I20260912 09:38:17.239338 138302704840832 database_cache.cc:135] Loading matches...
I20260912 09:38:17.239369 138302704840832 database_cache.cc:140]  15 in 0.000s
I20260912 09:38:17.239372 138302704840832 database_cache.cc:148] Loading images...
I20260912 09:38:17.239663 138302704840832 database_cache.cc:245]  6 in 0.000s (connected 6, loaded 6)
I20260912 09:38:17.239668 138302704840832 database_cache.cc:259] Loading pose priors...
I20260912 09:38:17.239673 138302704840832 database_cache.cc:267]  0 in 0.000s
I20260912 09:38:17.239676 138302704840832 database_cache.cc:275] Building correspondence graph...
I20260912 09:38:17.239998 138302704840832 database_cache.cc:304]  in 0.000s (ignored 0)
I20260912 09:38:17.240002 138302704840832 timer.cc:90] Elapsed time: 0.000 [minutes]
I20260912 09:38:17.240077 138302704840832 incremental_pipeline.cc:465] Finding good initial image pair
I20260912 09:38:17.247422 138302704840832 incremental_pipeline.cc:492] Registering initial image pair #6 and #5
I20260912 09:38:17.247890 138302704840832 incremental_pipeline.cc:510] Global bundle adjustment
I20260912 09:38:17.256294 138302704840832 incremental_pipeline.cc:620] Registering image #4 (num_reg_frames=2)
I20260912 09:38:17.256299 138302704840832 incremental_pipeline.cc:623] => Image sees 62 / 463 points
I20260912 09:38:17.261598 138302704840832 incremental_pipeline.cc:88] Retriangulation and Global bundle adjustment
I20260912 09:38:17.269450 138302704840832 incremental_pipeline.cc:620] Registering image #3 (num_reg_frames=3)
I20260912 09:38:17.269456 138302704840832 incremental_pipeline.cc:623] => Image sees 58 / 338 points
I20260912 09:38:17.275882 138302704840832 incremental_pipeline.cc:88] Retriangulation and Global bundle adjustment
I20260912 09:38:17.286745 138302704840832 incremental_pipeline.cc:620] Registering image #1 (num_reg_frames=4)
I20260912 09:38:17.286751 138302704840832 incremental_pipeline.cc:623] => Image sees 71 / 279 points
I20260912 09:38:17.299969 138302704840832 incremental_pipeline.cc:88] Retriangulation and Global bundle adjustment
I20260912 09:38:17.313453 138302704840832 incremental_pipeline.cc:620] Registering image #2 (num_reg_frames=5)
I20260912 09:38:17.313459 138302704840832 incremental_pipeline.cc:623] => Image sees 58 / 161 points
I20260912 09:38:17.327910 138302704840832 incremental_pipeline.cc:88] Retriangulation and Global bundle adjustment
I20260912 09:38:17.342273 138302704840832 incremental_pipeline.cc:88] Retriangulation and Global bundle adjustment
I20260912 09:38:17.343366 138302704840832 incremental_pipeline.cc:826] Keeping successful reconstruction
I20260912 09:38:17.343791 138302704840832 timer.cc:90] Elapsed time: 0.002 [minutes]
[2/40] apple/189_20393_38136  registered 6/6  arm 5.38 deg -> refined 100.70 deg  (0.5s)
W20260912 09:38:17.520846 138302704840832 feature_extraction.cc:445] Your current options use the maximum number of threads on the machine to extract features. Extracting SIFT features on the CPU can consume a lot of RAM per thread for large images. Consider reducing the maximum image size and/or the first octave or manually limit the number of extraction threads. Ignore this warning, if your machine has sufficient memory for the current settings.
I20260912 09:38:17.521018 138296688613056 feature_extraction.cc:498] === Feature extraction ===
I20260912 09:38:17.521834 138296562788032 sift.cc:765] Creating SIFT CPU feature extractor
I20260912 09:38:17.521945 138296554395328 sift.cc:765] Creating SIFT CPU feature extractor
I20260912 09:38:17.522040 138296445355712 sift.cc:765] Creating SIFT CPU feature extractor
I20260912 09:38:17.522069 138296462141120 sift.cc:765] Creating SIFT CPU feature extractor
I20260912 09:38:17.522126 138296336316096 sift.cc:765] Creating SIFT CPU feature extractor
I20260912 09:38:17.522133 138296453748416 sift.cc:765] Creating SIFT CPU feature extractor
I20260912 09:38:17.522153 138296428570304 sift.cc:765] Creating SIFT CPU feature extractor
I20260912 09:38:17.522138 138296436963008 sift.cc:765] Creating SIFT CPU feature extractor
I20260912 09:38:17.522051 138296470533824 sift.cc:765] Creating SIFT CPU feature extractor
I20260912 09:38:17.522207 138296311137984 sift.cc:765] Creating SIFT CPU feature extractor
I20260912 09:38:17.522211 138296420177600 sift.cc:765] Creating SIFT CPU feature extractor
I20260912 09:38:17.522254 138296319530688 sift.cc:765] Creating SIFT CPU feature extractor
I20260912 09:38:17.522272 138296302745280 sift.cc:765] Creating SIFT CPU feature extractor
I20260912 09:38:17.522213 138296327923392 sift.cc:765] Creating SIFT CPU feature extractor
I20260912 09:38:17.522300 138296294352576 sift.cc:765] Creating SIFT CPU feature extractor
I20260912 09:38:17.522343 138296285959872 sift.cc:765] Creating SIFT CPU feature extractor
I20260912 09:38:17.522357 138296193705664 sift.cc:765] Creating SIFT CPU feature extractor
I20260912 09:38:17.522387 138296202098368 sift.cc:765] Creating SIFT CPU feature extractor
I20260912 09:38:17.522415 138296176920256 sift.cc:765] Creating SIFT CPU feature extractor
I20260912 09:38:17.522442 138296168527552 sift.cc:765] Creating SIFT CPU feature extractor
I20260912 09:38:17.522495 138296185312960 sift.cc:765] Creating SIFT CPU feature extractor
I20260912 09:38:17.522507 138296160134848 sift.cc:765] Creating SIFT CPU feature extractor
I20260912 09:38:17.522581 138295933662912 sift.cc:765] Creating SIFT CPU feature extractor
I20260912 09:38:17.522674 138296151742144 sift.cc:765] Creating SIFT CPU feature extractor
I20260912 09:38:17.709348 138295925270208 feature_extraction.cc:270] Processed file [1/6]
I20260912 09:38:17.709409 138295925270208 feature_extraction.cc:273]   Name:            image_3.png
I20260912 09:38:17.709414 138295925270208 feature_extraction.cc:282]   Dimensions:      518 x 518
I20260912 09:38:17.709417 138295925270208 feature_extraction.cc:285]   Camera:          #3 - PINHOLE
I20260912 09:38:17.709421 138295925270208 feature_extraction.cc:289]   Focal Length:    597.33px (Prior)
I20260912 09:38:17.709432 138295925270208 feature_extraction.cc:294]   Features:        1286 (SIFT)
I20260912 09:38:17.716588 138295925270208 feature_extraction.cc:270] Processed file [2/6]
I20260912 09:38:17.716623 138295925270208 feature_extraction.cc:273]   Name:            image_4.png
I20260912 09:38:17.716631 138295925270208 feature_extraction.cc:282]   Dimensions:      518 x 518
I20260912 09:38:17.716635 138295925270208 feature_extraction.cc:285]   Camera:          #4 - PINHOLE
I20260912 09:38:17.716638 138295925270208 feature_extraction.cc:289]   Focal Length:    597.33px (Prior)
I20260912 09:38:17.716647 138295925270208 feature_extraction.cc:294]   Features:        1417 (SIFT)
I20260912 09:38:17.719607 138295925270208 feature_extraction.cc:270] Processed file [3/6]
I20260912 09:38:17.719618 138295925270208 feature_extraction.cc:273]   Name:            image_6.png
I20260912 09:38:17.719621 138295925270208 feature_extraction.cc:282]   Dimensions:      518 x 518
I20260912 09:38:17.719624 138295925270208 feature_extraction.cc:285]   Camera:          #6 - PINHOLE
I20260912 09:38:17.719631 138295925270208 feature_extraction.cc:289]   Focal Length:    597.33px (Prior)
I20260912 09:38:17.719636 138295925270208 feature_extraction.cc:294]   Features:        1613 (SIFT)
I20260912 09:38:17.720034 138295925270208 feature_extraction.cc:270] Processed file [4/6]
I20260912 09:38:17.720039 138295925270208 feature_extraction.cc:273]   Name:            image_1.png
I20260912 09:38:17.720041 138295925270208 feature_extraction.cc:282]   Dimensions:      518 x 518
I20260912 09:38:17.720044 138295925270208 feature_extraction.cc:285]   Camera:          #1 - PINHOLE
I20260912 09:38:17.720056 138295925270208 feature_extraction.cc:289]   Focal Length:    597.33px (Prior)
I20260912 09:38:17.720060 138295925270208 feature_extraction.cc:294]   Features:        1713 (SIFT)
I20260912 09:38:17.723432 138295925270208 feature_extraction.cc:270] Processed file [5/6]
I20260912 09:38:17.723456 138295925270208 feature_extraction.cc:273]   Name:            image_2.png
I20260912 09:38:17.723460 138295925270208 feature_extraction.cc:282]   Dimensions:      518 x 518
I20260912 09:38:17.723463 138295925270208 feature_extraction.cc:285]   Camera:          #2 - PINHOLE
I20260912 09:38:17.723466 138295925270208 feature_extraction.cc:289]   Focal Length:    597.33px (Prior)
I20260912 09:38:17.723473 138295925270208 feature_extraction.cc:294]   Features:        1748 (SIFT)
I20260912 09:38:17.728858 138295925270208 feature_extraction.cc:270] Processed file [6/6]
I20260912 09:38:17.728872 138295925270208 feature_extraction.cc:273]   Name:            image_5.png
I20260912 09:38:17.728875 138295925270208 feature_extraction.cc:282]   Dimensions:      518 x 518
I20260912 09:38:17.728876 138295925270208 feature_extraction.cc:285]   Camera:          #5 - PINHOLE
I20260912 09:38:17.728878 138295925270208 feature_extraction.cc:289]   Focal Length:    597.33px (Prior)
I20260912 09:38:17.728882 138295925270208 feature_extraction.cc:294]   Features:        1746 (SIFT)
I20260912 09:38:17.729788 138296688613056 timer.cc:90] Elapsed time: 0.003 [minutes]
I20260912 09:38:17.774742 138296688613056 feature_matching.cc:196] === Feature matching & geometric verification ===
I20260912 09:38:17.774989 138295925270208 sift.cc:1686] Creating SIFT CPU feature matcher
I20260912 09:38:17.774994 138297116378816 sift.cc:1686] Creating SIFT CPU feature matcher
I20260912 09:38:17.775033 138297107986112 sift.cc:1686] Creating SIFT CPU feature matcher
I20260912 09:38:17.775084 138297133164224 sift.cc:1686] Creating SIFT CPU feature matcher
I20260912 09:38:17.775092 138297099593408 sift.cc:1686] Creating SIFT CPU feature matcher
I20260912 09:38:17.775122 138295933662912 sift.cc:1686] Creating SIFT CPU feature matcher
I20260912 09:38:17.775038 138297124771520 sift.cc:1686] Creating SIFT CPU feature matcher
I20260912 09:38:17.775159 138296999012032 sift.cc:1686] Creating SIFT CPU feature matcher
I20260912 09:38:17.775205 138297091200704 sift.cc:1686] Creating SIFT CPU feature matcher
I20260912 09:38:17.775203 138296151742144 sift.cc:1686] Creating SIFT CPU feature matcher
I20260912 09:38:17.775245 138296854312640 sift.cc:1686] Creating SIFT CPU feature matcher
I20260912 09:38:17.775265 138296845919936 sift.cc:1686] Creating SIFT CPU feature matcher
I20260912 09:38:17.775207 138297007404736 sift.cc:1686] Creating SIFT CPU feature matcher
I20260912 09:38:17.775330 138296829134528 sift.cc:1686] Creating SIFT CPU feature matcher
I20260912 09:38:17.775381 138296722183872 sift.cc:1686] Creating SIFT CPU feature matcher
I20260912 09:38:17.775408 138296730576576 sift.cc:1686] Creating SIFT CPU feature matcher
I20260912 09:38:17.775414 138296738969280 sift.cc:1686] Creating SIFT CPU feature matcher
I20260912 09:38:17.775426 138296705398464 sift.cc:1686] Creating SIFT CPU feature matcher
I20260912 09:38:17.775475 138296837527232 sift.cc:1686] Creating SIFT CPU feature matcher
I20260912 09:38:17.775482 138296820741824 sift.cc:1686] Creating SIFT CPU feature matcher
I20260912 09:38:17.775476 138296713791168 sift.cc:1686] Creating SIFT CPU feature matcher
I20260912 09:38:17.775495 138296697005760 sift.cc:1686] Creating SIFT CPU feature matcher
I20260912 09:38:17.775512 138296596358848 sift.cc:1686] Creating SIFT CPU feature matcher
I20260912 09:38:17.775587 138296604751552 sift.cc:1686] Creating SIFT CPU feature matcher
I20260912 09:38:17.776315 138296688613056 pairing.cc:179] Generating exhaustive image pairs...
I20260912 09:38:17.776326 138296688613056 pairing.cc:212] Processing block [1/1, 1/1]
I20260912 09:38:17.830849 138296688613056 feature_matching.cc:218] in 0.055s
I20260912 09:38:17.830874 138296688613056 timer.cc:90] Elapsed time: 0.001 [minutes]
I20260912 09:38:17.878245 138302704840832 incremental_pipeline.cc:353] Loading database
I20260912 09:38:17.878296 138302704840832 database_cache.cc:73] Loading rigs...
I20260912 09:38:17.878321 138302704840832 database_cache.cc:83]  6 in 0.000s
I20260912 09:38:17.878329 138302704840832 database_cache.cc:91] Loading cameras...
I20260912 09:38:17.878341 138302704840832 database_cache.cc:109]  6 in 0.000s
I20260912 09:38:17.878344 138302704840832 database_cache.cc:117] Loading frames...
I20260912 09:38:17.878368 138302704840832 database_cache.cc:127]  6 in 0.000s
I20260912 09:38:17.878371 138302704840832 database_cache.cc:135] Loading matches...
I20260912 09:38:17.878385 138302704840832 database_cache.cc:140]  2 in 0.000s
I20260912 09:38:17.878388 138302704840832 database_cache.cc:148] Loading images...
I20260912 09:38:17.878524 138302704840832 database_cache.cc:245]  6 in 0.000s (connected 3, loaded 3)
I20260912 09:38:17.878528 138302704840832 database_cache.cc:259] Loading pose priors...
I20260912 09:38:17.878540 138302704840832 database_cache.cc:267]  0 in 0.000s
I20260912 09:38:17.878543 138302704840832 database_cache.cc:275] Building correspondence graph...
I20260912 09:38:17.878587 138302704840832 database_cache.cc:304]  in 0.000s (ignored 0)
I20260912 09:38:17.878591 138302704840832 timer.cc:90] Elapsed time: 0.000 [minutes]
I20260912 09:38:17.878644 138302704840832 incremental_pipeline.cc:465] Finding good initial image pair
I20260912 09:38:17.880265 138302704840832 incremental_pipeline.cc:472] => No good initial image pair found.
I20260912 09:38:17.880276 138302704840832 incremental_pipeline.cc:800] Discarding reconstruction due to no initial pair
I20260912 09:38:17.880292 138302704840832 incremental_pipeline.cc:429] => Relaxing the initialization constraints.
I20260912 09:38:17.880323 138302704840832 incremental_pipeline.cc:465] Finding good initial image pair
I20260912 09:38:17.883123 138302704840832 incremental_pipeline.cc:492] Registering initial image pair #1 and #5
I20260912 09:38:17.883200 138302704840832 incremental_pipeline.cc:510] Global bundle adjustment
I20260912 09:38:17.883517 138302704840832 incremental_pipeline.cc:791] Discarding reconstruction due to bad initial pair
I20260912 09:38:17.883561 138302704840832 incremental_pipeline.cc:465] Finding good initial image pair
I20260912 09:38:17.884146 138302704840832 incremental_pipeline.cc:472] => No good initial image pair found.
I20260912 09:38:17.884149 138302704840832 incremental_pipeline.cc:800] Discarding reconstruction due to no initial pair
I20260912 09:38:17.884154 138302704840832 incremental_pipeline.cc:442] => Relaxing the initialization constraints.
I20260912 09:38:17.884165 138302704840832 incremental_pipeline.cc:465] Finding good initial image pair
I20260912 09:38:17.886620 138302704840832 incremental_pipeline.cc:492] Registering initial image pair #1 and #5
I20260912 09:38:17.886678 138302704840832 incremental_pipeline.cc:510] Global bundle adjustment
I20260912 09:38:17.886926 138302704840832 incremental_pipeline.cc:791] Discarding reconstruction due to bad initial pair
I20260912 09:38:17.886956 138302704840832 incremental_pipeline.cc:465] Finding good initial image pair
I20260912 09:38:17.887519 138302704840832 incremental_pipeline.cc:472] => No good initial image pair found.
I20260912 09:38:17.887521 138302704840832 incremental_pipeline.cc:800] Discarding reconstruction due to no initial pair
I20260912 09:38:17.887526 138302704840832 incremental_pipeline.cc:429] => Relaxing the initialization constraints.
I20260912 09:38:17.887542 138302704840832 incremental_pipeline.cc:465] Finding good initial image pair
I20260912 09:38:17.890697 138302704840832 incremental_pipeline.cc:492] Registering initial image pair #5 and #4
I20260912 09:38:17.890756 138302704840832 incremental_pipeline.cc:510] Global bundle adjustment
I20260912 09:38:17.890855 138302704840832 incremental_pipeline.cc:791] Discarding reconstruction due to bad initial pair
I20260912 09:38:17.890886 138302704840832 incremental_pipeline.cc:465] Finding good initial image pair
I20260912 09:38:17.891412 138302704840832 incremental_pipeline.cc:472] => No good initial image pair found.
I20260912 09:38:17.891421 138302704840832 incremental_pipeline.cc:800] Discarding reconstruction due to no initial pair
I20260912 09:38:17.891426 138302704840832 incremental_pipeline.cc:442] => Relaxing the initialization constraints.
I20260912 09:38:17.891436 138302704840832 incremental_pipeline.cc:465] Finding good initial image pair
I20260912 09:38:17.894141 138302704840832 incremental_pipeline.cc:492] Registering initial image pair #5 and #4
I20260912 09:38:17.894199 138302704840832 incremental_pipeline.cc:510] Global bundle adjustment
I20260912 09:38:17.894296 138302704840832 incremental_pipeline.cc:791] Discarding reconstruction due to bad initial pair
I20260912 09:38:17.894326 138302704840832 incremental_pipeline.cc:465] Finding good initial image pair
I20260912 09:38:17.894881 138302704840832 incremental_pipeline.cc:472] => No good initial image pair found.
I20260912 09:38:17.894885 138302704840832 incremental_pipeline.cc:800] Discarding reconstruction due to no initial pair
I20260912 09:38:17.894890 138302704840832 timer.cc:90] Elapsed time: 0.000 [minutes]
E20260912 09:38:17.894892 138302704840832 sfm.cc:310] Failed to create any sparse model
[3/40] ball/123_14363_28981  registered 0/6  FAILED  (0.4s)
W20260912 09:38:18.005582 138302704840832 feature_extraction.cc:445] Your current options use the maximum number of threads on the machine to extract features. Extracting SIFT features on the CPU can consume a lot of RAM per thread for large images. Consider reducing the maximum image size and/or the first octave or manually limit the number of extraction threads. Ignore this warning, if your machine has sufficient memory for the current settings.
I20260912 09:38:18.005775 138296688613056 feature_extraction.cc:498] === Feature extraction ===
I20260912 09:38:18.006292 138296462141120 sift.cc:765] Creating SIFT CPU feature extractor
I20260912 09:38:18.006307 138296445355712 sift.cc:765] Creating SIFT CPU feature extractor
I20260912 09:38:18.006320 138296562788032 sift.cc:765] Creating SIFT CPU feature extractor
I20260912 09:38:18.006322 138296554395328 sift.cc:765] Creating SIFT CPU feature extractor
I20260912 09:38:18.006340 138296436963008 sift.cc:765] Creating SIFT CPU feature extractor
I20260912 09:38:18.006342 138296420177600 sift.cc:765] Creating SIFT CPU feature extractor
I20260912 09:38:18.006324 138296453748416 sift.cc:765] Creating SIFT CPU feature extractor
I20260912 09:38:18.006372 138296470533824 sift.cc:765] Creating SIFT CPU feature extractor
I20260912 09:38:18.006372 138296336316096 sift.cc:765] Creating SIFT CPU feature extractor
I20260912 09:38:18.006386 138296311137984 sift.cc:765] Creating SIFT CPU feature extractor
I20260912 09:38:18.006392 138296327923392 sift.cc:765] Creating SIFT CPU feature extractor
I20260912 09:38:18.006387 138296319530688 sift.cc:765] Creating SIFT CPU feature extractor
I20260912 09:38:18.006429 138296294352576 sift.cc:765] Creating SIFT CPU feature extractor
I20260912 09:38:18.006476 138296185312960 sift.cc:765] Creating SIFT CPU feature extractor
I20260912 09:38:18.006490 138296428570304 sift.cc:765] Creating SIFT CPU feature extractor
I20260912 09:38:18.006505 138296168527552 sift.cc:765] Creating SIFT CPU feature extractor
I20260912 09:38:18.006539 138296151742144 sift.cc:765] Creating SIFT CPU feature extractor
I20260912 09:38:18.006554 138296302745280 sift.cc:765] Creating SIFT CPU feature extractor
I20260912 09:38:18.006616 138296160134848 sift.cc:765] Creating SIFT CPU feature extractor
I20260912 09:38:18.006620 138296285959872 sift.cc:765] Creating SIFT CPU feature extractor
I20260912 09:38:18.006620 138296176920256 sift.cc:765] Creating SIFT CPU feature extractor
I20260912 09:38:18.006620 138296193705664 sift.cc:765] Creating SIFT CPU feature extractor
I20260912 09:38:18.006621 138295933662912 sift.cc:765] Creating SIFT CPU feature extractor
I20260912 09:38:18.006624 138296202098368 sift.cc:765] Creating SIFT CPU feature extractor
I20260912 09:38:18.162421 138295925270208 feature_extraction.cc:270] Processed file [1/6]
I20260912 09:38:18.162506 138295925270208 feature_extraction.cc:273]   Name:            image_1.png
I20260912 09:38:18.162512 138295925270208 feature_extraction.cc:282]   Dimensions:      518 x 518
I20260912 09:38:18.162515 138295925270208 feature_extraction.cc:285]   Camera:          #1 - PINHOLE
I20260912 09:38:18.162519 138295925270208 feature_extraction.cc:289]   Focal Length:    557.62px (Prior)
I20260912 09:38:18.162538 138295925270208 feature_extraction.cc:294]   Features:        598 (SIFT)
I20260912 09:38:18.172810 138295925270208 feature_extraction.cc:270] Processed file [2/6]
I20260912 09:38:18.172832 138295925270208 feature_extraction.cc:273]   Name:            image_2.png
I20260912 09:38:18.172837 138295925270208 feature_extraction.cc:282]   Dimensions:      518 x 518
I20260912 09:38:18.172840 138295925270208 feature_extraction.cc:285]   Camera:          #2 - PINHOLE
I20260912 09:38:18.172843 138295925270208 feature_extraction.cc:289]   Focal Length:    557.62px (Prior)
I20260912 09:38:18.172850 138295925270208 feature_extraction.cc:294]   Features:        930 (SIFT)
I20260912 09:38:18.175190 138295925270208 feature_extraction.cc:270] Processed file [3/6]
I20260912 09:38:18.175209 138295925270208 feature_extraction.cc:273]   Name:            image_4.png
I20260912 09:38:18.175213 138295925270208 feature_extraction.cc:282]   Dimensions:      518 x 518
I20260912 09:38:18.175216 138295925270208 feature_extraction.cc:285]   Camera:          #4 - PINHOLE
I20260912 09:38:18.175219 138295925270208 feature_extraction.cc:289]   Focal Length:    557.62px (Prior)
I20260912 09:38:18.175228 138295925270208 feature_extraction.cc:294]   Features:        842 (SIFT)
I20260912 09:38:18.175499 138295925270208 feature_extraction.cc:270] Processed file [4/6]
I20260912 09:38:18.175506 138295925270208 feature_extraction.cc:273]   Name:            image_5.png
I20260912 09:38:18.175508 138295925270208 feature_extraction.cc:282]   Dimensions:      518 x 518
I20260912 09:38:18.175511 138295925270208 feature_extraction.cc:285]   Camera:          #5 - PINHOLE
I20260912 09:38:18.175514 138295925270208 feature_extraction.cc:289]   Focal Length:    557.62px (Prior)
I20260912 09:38:18.175518 138295925270208 feature_extraction.cc:294]   Features:        677 (SIFT)
I20260912 09:38:18.177439 138295925270208 feature_extraction.cc:270] Processed file [5/6]
I20260912 09:38:18.177464 138295925270208 feature_extraction.cc:273]   Name:            image_3.png
I20260912 09:38:18.177468 138295925270208 feature_extraction.cc:282]   Dimensions:      518 x 518
I20260912 09:38:18.177472 138295925270208 feature_extraction.cc:285]   Camera:          #3 - PINHOLE
I20260912 09:38:18.177475 138295925270208 feature_extraction.cc:289]   Focal Length:    557.62px (Prior)
I20260912 09:38:18.177481 138295925270208 feature_extraction.cc:294]   Features:        939 (SIFT)
I20260912 09:38:18.180356 138295925270208 feature_extraction.cc:270] Processed file [6/6]
I20260912 09:38:18.180374 138295925270208 feature_extraction.cc:273]   Name:            image_6.png
I20260912 09:38:18.180379 138295925270208 feature_extraction.cc:282]   Dimensions:      518 x 518
I20260912 09:38:18.180382 138295925270208 feature_extraction.cc:285]   Camera:          #6 - PINHOLE
I20260912 09:38:18.180385 138295925270208 feature_extraction.cc:289]   Focal Length:    557.62px (Prior)
I20260912 09:38:18.180391 138295925270208 feature_extraction.cc:294]   Features:        781 (SIFT)
I20260912 09:38:18.181223 138296688613056 timer.cc:90] Elapsed time: 0.003 [minutes]
I20260912 09:38:18.207821 138296688613056 feature_matching.cc:196] === Feature matching & geometric verification ===
I20260912 09:38:18.207999 138295925270208 sift.cc:1686] Creating SIFT CPU feature matcher
I20260912 09:38:18.208018 138295933662912 sift.cc:1686] Creating SIFT CPU feature matcher
I20260912 09:38:18.208075 138297116378816 sift.cc:1686] Creating SIFT CPU feature matcher
I20260912 09:38:18.208088 138297124771520 sift.cc:1686] Creating SIFT CPU feature matcher
I20260912 09:38:18.208096 138296151742144 sift.cc:1686] Creating SIFT CPU feature matcher
I20260912 09:38:18.208189 138297107986112 sift.cc:1686] Creating SIFT CPU feature matcher
I20260912 09:38:18.208275 138297007404736 sift.cc:1686] Creating SIFT CPU feature matcher
I20260912 09:38:18.208104 138297133164224 sift.cc:1686] Creating SIFT CPU feature matcher
I20260912 09:38:18.208343 138297099593408 sift.cc:1686] Creating SIFT CPU feature matcher
I20260912 09:38:18.208344 138296845919936 sift.cc:1686] Creating SIFT CPU feature matcher
I20260912 09:38:18.208387 138296837527232 sift.cc:1686] Creating SIFT CPU feature matcher
I20260912 09:38:18.208349 138296854312640 sift.cc:1686] Creating SIFT CPU feature matcher
I20260912 09:38:18.208420 138296730576576 sift.cc:1686] Creating SIFT CPU feature matcher
I20260912 09:38:18.208428 138296820741824 sift.cc:1686] Creating SIFT CPU feature matcher
I20260912 09:38:18.208446 138296829134528 sift.cc:1686] Creating SIFT CPU feature matcher
I20260912 09:38:18.208484 138296713791168 sift.cc:1686] Creating SIFT CPU feature matcher
I20260912 09:38:18.208348 138296999012032 sift.cc:1686] Creating SIFT CPU feature matcher
I20260912 09:38:18.208393 138296738969280 sift.cc:1686] Creating SIFT CPU feature matcher
I20260912 09:38:18.208544 138296697005760 sift.cc:1686] Creating SIFT CPU feature matcher
I20260912 09:38:18.208551 138296705398464 sift.cc:1686] Creating SIFT CPU feature matcher
I20260912 09:38:18.208346 138297091200704 sift.cc:1686] Creating SIFT CPU feature matcher
I20260912 09:38:18.208579 138296604751552 sift.cc:1686] Creating SIFT CPU feature matcher
I20260912 09:38:18.208599 138296722183872 sift.cc:1686] Creating SIFT CPU feature matcher
I20260912 09:38:18.208667 138296596358848 sift.cc:1686] Creating SIFT CPU feature matcher
I20260912 09:38:18.209355 138296688613056 pairing.cc:179] Generating exhaustive image pairs...
I20260912 09:38:18.209366 138296688613056 pairing.cc:212] Processing block [1/1, 1/1]
I20260912 09:38:18.233697 138296688613056 feature_matching.cc:218] in 0.024s
I20260912 09:38:18.233711 138296688613056 timer.cc:90] Elapsed time: 0.000 [minutes]
I20260912 09:38:18.261073 138302704840832 incremental_pipeline.cc:353] Loading database
I20260912 09:38:18.261112 138302704840832 database_cache.cc:73] Loading rigs...
I20260912 09:38:18.261135 138302704840832 database_cache.cc:83]  6 in 0.000s
I20260912 09:38:18.261141 138302704840832 database_cache.cc:91] Loading cameras...
I20260912 09:38:18.261153 138302704840832 database_cache.cc:109]  6 in 0.000s
I20260912 09:38:18.261156 138302704840832 database_cache.cc:117] Loading frames...
I20260912 09:38:18.261177 138302704840832 database_cache.cc:127]  6 in 0.000s
I20260912 09:38:18.261180 138302704840832 database_cache.cc:135] Loading matches...
I20260912 09:38:18.261201 138302704840832 database_cache.cc:140]  7 in 0.000s
I20260912 09:38:18.261204 138302704840832 database_cache.cc:148] Loading images...
I20260912 09:38:18.261339 138302704840832 database_cache.cc:245]  6 in 0.000s (connected 6, loaded 6)
I20260912 09:38:18.261343 138302704840832 database_cache.cc:259] Loading pose priors...
I20260912 09:38:18.261348 138302704840832 database_cache.cc:267]  0 in 0.000s
I20260912 09:38:18.261351 138302704840832 database_cache.cc:275] Building correspondence graph...
I20260912 09:38:18.261445 138302704840832 database_cache.cc:304]  in 0.000s (ignored 0)
I20260912 09:38:18.261449 138302704840832 timer.cc:90] Elapsed time: 0.000 [minutes]
I20260912 09:38:18.261514 138302704840832 incremental_pipeline.cc:465] Finding good initial image pair
I20260912 09:38:18.266507 138302704840832 incremental_pipeline.cc:492] Registering initial image pair #1 and #6
I20260912 09:38:18.266672 138302704840832 incremental_pipeline.cc:510] Global bundle adjustment
I20260912 09:38:18.267153 138302704840832 incremental_pipeline.cc:791] Discarding reconstruction due to bad initial pair
I20260912 09:38:18.267200 138302704840832 incremental_pipeline.cc:465] Finding good initial image pair
I20260912 09:38:18.268189 138302704840832 incremental_pipeline.cc:472] => No good initial image pair found.
I20260912 09:38:18.268195 138302704840832 incremental_pipeline.cc:800] Discarding reconstruction due to no initial pair
I20260912 09:38:18.268209 138302704840832 incremental_pipeline.cc:429] => Relaxing the initialization constraints.
I20260912 09:38:18.268228 138302704840832 incremental_pipeline.cc:465] Finding good initial image pair
I20260912 09:38:18.272244 138302704840832 incremental_pipeline.cc:492] Registering initial image pair #1 and #6
I20260912 09:38:18.272378 138302704840832 incremental_pipeline.cc:510] Global bundle adjustment
I20260912 09:38:18.272790 138302704840832 incremental_pipeline.cc:791] Discarding reconstruction due to bad initial pair
I20260912 09:38:18.272828 138302704840832 incremental_pipeline.cc:465] Finding good initial image pair
I20260912 09:38:18.273470 138302704840832 incremental_pipeline.cc:472] => No good initial image pair found.
I20260912 09:38:18.273472 138302704840832 incremental_pipeline.cc:800] Discarding reconstruction due to no initial pair
I20260912 09:38:18.273479 138302704840832 incremental_pipeline.cc:442] => Relaxing the initialization constraints.
I20260912 09:38:18.273492 138302704840832 incremental_pipeline.cc:465] Finding good initial image pair
I20260912 09:38:18.277716 138302704840832 incremental_pipeline.cc:492] Registering initial image pair #1 and #6
I20260912 09:38:18.277844 138302704840832 incremental_pipeline.cc:510] Global bundle adjustment
I20260912 09:38:18.281848 138302704840832 incremental_pipeline.cc:88] Retriangulation and Global bundle adjustment
I20260912 09:38:18.281987 138302704840832 incremental_pipeline.cc:826] Keeping successful reconstruction
I20260912 09:38:18.282138 138302704840832 incremental_pipeline.cc:465] Finding good initial image pair
I20260912 09:38:18.282803 138302704840832 incremental_pipeline.cc:472] => No good initial image pair found.
I20260912 09:38:18.282807 138302704840832 incremental_pipeline.cc:800] Discarding reconstruction due to no initial pair
I20260912 09:38:18.282815 138302704840832 incremental_pipeline.cc:429] => Relaxing the initialization constraints.
I20260912 09:38:18.282830 138302704840832 incremental_pipeline.cc:465] Finding good initial image pair
I20260912 09:38:18.285157 138302704840832 incremental_pipeline.cc:472] => No good initial image pair found.
I20260912 09:38:18.285159 138302704840832 incremental_pipeline.cc:800] Discarding reconstruction due to no initial pair
I20260912 09:38:18.285166 138302704840832 incremental_pipeline.cc:442] => Relaxing the initialization constraints.
I20260912 09:38:18.285179 138302704840832 incremental_pipeline.cc:465] Finding good initial image pair
I20260912 09:38:18.287987 138302704840832 incremental_pipeline.cc:492] Registering initial image pair #5 and #3
I20260912 09:38:18.288023 138302704840832 incremental_pipeline.cc:791] Discarding reconstruction due to bad initial pair
I20260912 09:38:18.288046 138302704840832 incremental_pipeline.cc:465] Finding good initial image pair
I20260912 09:38:18.288592 138302704840832 incremental_pipeline.cc:472] => No good initial image pair found.
I20260912 09:38:18.288594 138302704840832 incremental_pipeline.cc:800] Discarding reconstruction due to no initial pair
I20260912 09:38:18.288600 138302704840832 timer.cc:90] Elapsed time: 0.000 [minutes]
[4/40] ball/375_42693_85518  registered 2/6  FAILED  (0.3s)
W20260912 09:38:18.375542 138302704840832 feature_extraction.cc:445] Your current options use the maximum number of threads on the machine to extract features. Extracting SIFT features on the CPU can consume a lot of RAM per thread for large images. Consider reducing the maximum image size and/or the first octave or manually limit the number of extraction threads. Ignore this warning, if your machine has sufficient memory for the current settings.
I20260912 09:38:18.375754 138296688613056 feature_extraction.cc:498] === Feature extraction ===
I20260912 09:38:18.376258 138296453748416 sift.cc:765] Creating SIFT CPU feature extractor
I20260912 09:38:18.376258 138296445355712 sift.cc:765] Creating SIFT CPU feature extractor
I20260912 09:38:18.376296 138296436963008 sift.cc:765] Creating SIFT CPU feature extractor
I20260912 09:38:18.376299 138296470533824 sift.cc:765] Creating SIFT CPU feature extractor
I20260912 09:38:18.376342 138296420177600 sift.cc:765] Creating SIFT CPU feature extractor
I20260912 09:38:18.376353 138296428570304 sift.cc:765] Creating SIFT CPU feature extractor
I20260912 09:38:18.376303 138296554395328 sift.cc:765] Creating SIFT CPU feature extractor
I20260912 09:38:18.376344 138296336316096 sift.cc:765] Creating SIFT CPU feature extractor
I20260912 09:38:18.376387 138296319530688 sift.cc:765] Creating SIFT CPU feature extractor
I20260912 09:38:18.376412 138296302745280 sift.cc:765] Creating SIFT CPU feature extractor
I20260912 09:38:18.376298 138296562788032 sift.cc:765] Creating SIFT CPU feature extractor
I20260912 09:38:18.376422 138296294352576 sift.cc:765] Creating SIFT CPU feature extractor
I20260912 09:38:18.376455 138296285959872 sift.cc:765] Creating SIFT CPU feature extractor
I20260912 09:38:18.376460 138296202098368 sift.cc:765] Creating SIFT CPU feature extractor
I20260912 09:38:18.376463 138296193705664 sift.cc:765] Creating SIFT CPU feature extractor
I20260912 09:38:18.376501 138296185312960 sift.cc:765] Creating SIFT CPU feature extractor
I20260912 09:38:18.376504 138296168527552 sift.cc:765] Creating SIFT CPU feature extractor
I20260912 09:38:18.376503 138296176920256 sift.cc:765] Creating SIFT CPU feature extractor
I20260912 09:38:18.376528 138295933662912 sift.cc:765] Creating SIFT CPU feature extractor
I20260912 09:38:18.376538 138296311137984 sift.cc:765] Creating SIFT CPU feature extractor
I20260912 09:38:18.376534 138296160134848 sift.cc:765] Creating SIFT CPU feature extractor
I20260912 09:38:18.376354 138296462141120 sift.cc:765] Creating SIFT CPU feature extractor
I20260912 09:38:18.376535 138296151742144 sift.cc:765] Creating SIFT CPU feature extractor
I20260912 09:38:18.376536 138296327923392 sift.cc:765] Creating SIFT CPU feature extractor
I20260912 09:38:18.563117 138295925270208 feature_extraction.cc:270] Processed file [1/6]
I20260912 09:38:18.563170 138295925270208 feature_extraction.cc:273]   Name:            image_1.png
I20260912 09:38:18.563175 138295925270208 feature_extraction.cc:282]   Dimensions:      518 x 518
I20260912 09:38:18.563178 138295925270208 feature_extraction.cc:285]   Camera:          #1 - PINHOLE
I20260912 09:38:18.563182 138295925270208 feature_extraction.cc:289]   Focal Length:    513.72px (Prior)
I20260912 09:38:18.563193 138295925270208 feature_extraction.cc:294]   Features:        1596 (SIFT)
I20260912 09:38:18.569881 138295925270208 feature_extraction.cc:270] Processed file [2/6]
I20260912 09:38:18.569924 138295925270208 feature_extraction.cc:273]   Name:            image_3.png
I20260912 09:38:18.569929 138295925270208 feature_extraction.cc:282]   Dimensions:      518 x 518
I20260912 09:38:18.569932 138295925270208 feature_extraction.cc:285]   Camera:          #3 - PINHOLE
I20260912 09:38:18.569936 138295925270208 feature_extraction.cc:289]   Focal Length:    513.72px (Prior)
I20260912 09:38:18.569945 138295925270208 feature_extraction.cc:294]   Features:        1699 (SIFT)
I20260912 09:38:18.571418 138295925270208 feature_extraction.cc:270] Processed file [3/6]
I20260912 09:38:18.571442 138295925270208 feature_extraction.cc:273]   Name:            image_2.png
I20260912 09:38:18.571446 138295925270208 feature_extraction.cc:282]   Dimensions:      518 x 518
I20260912 09:38:18.571462 138295925270208 feature_extraction.cc:285]   Camera:          #2 - PINHOLE
I20260912 09:38:18.571467 138295925270208 feature_extraction.cc:289]   Focal Length:    513.72px (Prior)
I20260912 09:38:18.571473 138295925270208 feature_extraction.cc:294]   Features:        1850 (SIFT)
I20260912 09:38:18.579708 138295925270208 feature_extraction.cc:270] Processed file [4/6]
I20260912 09:38:18.579731 138295925270208 feature_extraction.cc:273]   Name:            image_4.png
I20260912 09:38:18.579735 138295925270208 feature_extraction.cc:282]   Dimensions:      518 x 518
I20260912 09:38:18.579738 138295925270208 feature_extraction.cc:285]   Camera:          #4 - PINHOLE
I20260912 09:38:18.579742 138295925270208 feature_extraction.cc:289]   Focal Length:    513.72px (Prior)
I20260912 09:38:18.579765 138295925270208 feature_extraction.cc:294]   Features:        1850 (SIFT)
I20260912 09:38:18.585857 138295925270208 feature_extraction.cc:270] Processed file [5/6]
I20260912 09:38:18.585880 138295925270208 feature_extraction.cc:273]   Name:            image_5.png
I20260912 09:38:18.585884 138295925270208 feature_extraction.cc:282]   Dimensions:      518 x 518
I20260912 09:38:18.585887 138295925270208 feature_extraction.cc:285]   Camera:          #5 - PINHOLE
I20260912 09:38:18.585891 138295925270208 feature_extraction.cc:289]   Focal Length:    513.72px (Prior)
I20260912 09:38:18.585897 138295925270208 feature_extraction.cc:294]   Features:        1936 (SIFT)
I20260912 09:38:18.593082 138295925270208 feature_extraction.cc:270] Processed file [6/6]
I20260912 09:38:18.593105 138295925270208 feature_extraction.cc:273]   Name:            image_6.png
I20260912 09:38:18.593109 138295925270208 feature_extraction.cc:282]   Dimensions:      518 x 518
I20260912 09:38:18.593112 138295925270208 feature_extraction.cc:285]   Camera:          #6 - PINHOLE
I20260912 09:38:18.593115 138295925270208 feature_extraction.cc:289]   Focal Length:    513.72px (Prior)
I20260912 09:38:18.593122 138295925270208 feature_extraction.cc:294]   Features:        2271 (SIFT)
I20260912 09:38:18.594061 138296688613056 timer.cc:90] Elapsed time: 0.004 [minutes]
I20260912 09:38:18.629267 138296688613056 feature_matching.cc:196] === Feature matching & geometric verification ===
I20260912 09:38:18.629540 138297133164224 sift.cc:1686] Creating SIFT CPU feature matcher
I20260912 09:38:18.629558 138295933662912 sift.cc:1686] Creating SIFT CPU feature matcher
I20260912 09:38:18.629572 138297099593408 sift.cc:1686] Creating SIFT CPU feature matcher
I20260912 09:38:18.629560 138296151742144 sift.cc:1686] Creating SIFT CPU feature matcher
I20260912 09:38:18.629592 138297116378816 sift.cc:1686] Creating SIFT CPU feature matcher
I20260912 09:38:18.629637 138297107986112 sift.cc:1686] Creating SIFT CPU feature matcher
I20260912 09:38:18.629528 138295925270208 sift.cc:1686] Creating SIFT CPU feature matcher
I20260912 09:38:18.629659 138297007404736 sift.cc:1686] Creating SIFT CPU feature matcher
I20260912 09:38:18.629682 138297091200704 sift.cc:1686] Creating SIFT CPU feature matcher
I20260912 09:38:18.629730 138296854312640 sift.cc:1686] Creating SIFT CPU feature matcher
I20260912 09:38:18.629751 138296999012032 sift.cc:1686] Creating SIFT CPU feature matcher
I20260912 09:38:18.629596 138297124771520 sift.cc:1686] Creating SIFT CPU feature matcher
I20260912 09:38:18.629770 138296845919936 sift.cc:1686] Creating SIFT CPU feature matcher
I20260912 09:38:18.629816 138296829134528 sift.cc:1686] Creating SIFT CPU feature matcher
I20260912 09:38:18.629824 138296738969280 sift.cc:1686] Creating SIFT CPU feature matcher
I20260912 09:38:18.629858 138296820741824 sift.cc:1686] Creating SIFT CPU feature matcher
I20260912 09:38:18.629906 138296730576576 sift.cc:1686] Creating SIFT CPU feature matcher
I20260912 09:38:18.629919 138296837527232 sift.cc:1686] Creating SIFT CPU feature matcher
I20260912 09:38:18.629945 138296713791168 sift.cc:1686] Creating SIFT CPU feature matcher
I20260912 09:38:18.629981 138296705398464 sift.cc:1686] Creating SIFT CPU feature matcher
I20260912 09:38:18.630031 138296697005760 sift.cc:1686] Creating SIFT CPU feature matcher
I20260912 09:38:18.630053 138296722183872 sift.cc:1686] Creating SIFT CPU feature matcher
I20260912 09:38:18.630147 138296596358848 sift.cc:1686] Creating SIFT CPU feature matcher
I20260912 09:38:18.630191 138296604751552 sift.cc:1686] Creating SIFT CPU feature matcher
I20260912 09:38:18.630751 138296688613056 pairing.cc:179] Generating exhaustive image pairs...
I20260912 09:38:18.630764 138296688613056 pairing.cc:212] Processing block [1/1, 1/1]
I20260912 09:38:18.672608 138296688613056 feature_matching.cc:218] in 0.042s
I20260912 09:38:18.672645 138296688613056 timer.cc:90] Elapsed time: 0.001 [minutes]
I20260912 09:38:18.683117 138302704840832 incremental_pipeline.cc:353] Loading database
I20260912 09:38:18.683142 138302704840832 database_cache.cc:73] Loading rigs...
I20260912 09:38:18.683154 138302704840832 database_cache.cc:83]  6 in 0.000s
I20260912 09:38:18.683157 138302704840832 database_cache.cc:91] Loading cameras...
I20260912 09:38:18.683163 138302704840832 database_cache.cc:109]  6 in 0.000s
I20260912 09:38:18.683164 138302704840832 database_cache.cc:117] Loading frames...
I20260912 09:38:18.683175 138302704840832 database_cache.cc:127]  6 in 0.000s
I20260912 09:38:18.683176 138302704840832 database_cache.cc:135] Loading matches...
I20260912 09:38:18.683183 138302704840832 database_cache.cc:140]  2 in 0.000s
I20260912 09:38:18.683184 138302704840832 database_cache.cc:148] Loading images...
I20260912 09:38:18.683275 138302704840832 database_cache.cc:245]  6 in 0.000s (connected 4, loaded 4)
I20260912 09:38:18.683277 138302704840832 database_cache.cc:259] Loading pose priors...
I20260912 09:38:18.683279 138302704840832 database_cache.cc:267]  0 in 0.000s
I20260912 09:38:18.683281 138302704840832 database_cache.cc:275] Building correspondence graph...
I20260912 09:38:18.683305 138302704840832 database_cache.cc:304]  in 0.000s (ignored 0)
I20260912 09:38:18.683307 138302704840832 timer.cc:90] Elapsed time: 0.000 [minutes]
I20260912 09:38:18.683343 138302704840832 incremental_pipeline.cc:465] Finding good initial image pair
I20260912 09:38:18.684417 138302704840832 incremental_pipeline.cc:472] => No good initial image pair found.
I20260912 09:38:18.684421 138302704840832 incremental_pipeline.cc:800] Discarding reconstruction due to no initial pair
I20260912 09:38:18.684430 138302704840832 incremental_pipeline.cc:429] => Relaxing the initialization constraints.
I20260912 09:38:18.684450 138302704840832 incremental_pipeline.cc:465] Finding good initial image pair
I20260912 09:38:18.686093 138302704840832 incremental_pipeline.cc:492] Registering initial image pair #1 and #3
I20260912 09:38:18.686138 138302704840832 incremental_pipeline.cc:791] Discarding reconstruction due to bad initial pair
I20260912 09:38:18.686169 138302704840832 incremental_pipeline.cc:465] Finding good initial image pair
I20260912 09:38:18.686790 138302704840832 incremental_pipeline.cc:472] => No good initial image pair found.
I20260912 09:38:18.686792 138302704840832 incremental_pipeline.cc:800] Discarding reconstruction due to no initial pair
I20260912 09:38:18.686797 138302704840832 incremental_pipeline.cc:442] => Relaxing the initialization constraints.
I20260912 09:38:18.686810 138302704840832 incremental_pipeline.cc:465] Finding good initial image pair
I20260912 09:38:18.688818 138302704840832 incremental_pipeline.cc:492] Registering initial image pair #1 and #3
I20260912 09:38:18.688856 138302704840832 incremental_pipeline.cc:791] Discarding reconstruction due to bad initial pair
I20260912 09:38:18.688884 138302704840832 incremental_pipeline.cc:465] Finding good initial image pair
I20260912 09:38:18.689419 138302704840832 incremental_pipeline.cc:472] => No good initial image pair found.
I20260912 09:38:18.689420 138302704840832 incremental_pipeline.cc:800] Discarding reconstruction due to no initial pair
I20260912 09:38:18.689425 138302704840832 incremental_pipeline.cc:429] => Relaxing the initialization constraints.
I20260912 09:38:18.689436 138302704840832 incremental_pipeline.cc:465] Finding good initial image pair
I20260912 09:38:18.690952 138302704840832 incremental_pipeline.cc:492] Registering initial image pair #3 and #1
I20260912 09:38:18.690990 138302704840832 incremental_pipeline.cc:791] Discarding reconstruction due to bad initial pair
I20260912 09:38:18.691017 138302704840832 incremental_pipeline.cc:465] Finding good initial image pair
I20260912 09:38:18.691515 138302704840832 incremental_pipeline.cc:472] => No good initial image pair found.
I20260912 09:38:18.691516 138302704840832 incremental_pipeline.cc:800] Discarding reconstruction due to no initial pair
I20260912 09:38:18.691521 138302704840832 incremental_pipeline.cc:442] => Relaxing the initialization constraints.
I20260912 09:38:18.691537 138302704840832 incremental_pipeline.cc:465] Finding good initial image pair
I20260912 09:38:18.692963 138302704840832 incremental_pipeline.cc:492] Registering initial image pair #1 and #3
I20260912 09:38:18.693000 138302704840832 incremental_pipeline.cc:791] Discarding reconstruction due to bad initial pair
I20260912 09:38:18.693028 138302704840832 incremental_pipeline.cc:465] Finding good initial image pair
I20260912 09:38:18.693563 138302704840832 incremental_pipeline.cc:472] => No good initial image pair found.
I20260912 09:38:18.693565 138302704840832 incremental_pipeline.cc:800] Discarding reconstruction due to no initial pair
I20260912 09:38:18.693570 138302704840832 timer.cc:90] Elapsed time: 0.000 [minutes]
E20260912 09:38:18.693573 138302704840832 sfm.cc:310] Failed to create any sparse model
[5/40] bench/415_57112_110099  registered 0/6  FAILED  (0.3s)
W20260912 09:38:18.779145 138302704840832 feature_extraction.cc:445] Your current options use the maximum number of threads on the machine to extract features. Extracting SIFT features on the CPU can consume a lot of RAM per thread for large images. Consider reducing the maximum image size and/or the first octave or manually limit the number of extraction threads. Ignore this warning, if your machine has sufficient memory for the current settings.
I20260912 09:38:18.779322 138296688613056 feature_extraction.cc:498] === Feature extraction ===
I20260912 09:38:18.779802 138296470533824 sift.cc:765] Creating SIFT CPU feature extractor
I20260912 09:38:18.779846 138296453748416 sift.cc:765] Creating SIFT CPU feature extractor
I20260912 09:38:18.779872 138296420177600 sift.cc:765] Creating SIFT CPU feature extractor
I20260912 09:38:18.779849 138296445355712 sift.cc:765] Creating SIFT CPU feature extractor
I20260912 09:38:18.779875 138296562788032 sift.cc:765] Creating SIFT CPU feature extractor
I20260912 09:38:18.779918 138296327923392 sift.cc:765] Creating SIFT CPU feature extractor
I20260912 09:38:18.779939 138296554395328 sift.cc:765] Creating SIFT CPU feature extractor
I20260912 09:38:18.779962 138296311137984 sift.cc:765] Creating SIFT CPU feature extractor
I20260912 09:38:18.780004 138296294352576 sift.cc:765] Creating SIFT CPU feature extractor
I20260912 09:38:18.780015 138296462141120 sift.cc:765] Creating SIFT CPU feature extractor
I20260912 09:38:18.780037 138296168527552 sift.cc:765] Creating SIFT CPU feature extractor
I20260912 09:38:18.780046 138296193705664 sift.cc:765] Creating SIFT CPU feature extractor
I20260912 09:38:18.780016 138296428570304 sift.cc:765] Creating SIFT CPU feature extractor
I20260912 09:38:18.780088 138296436963008 sift.cc:765] Creating SIFT CPU feature extractor
I20260912 09:38:18.780092 138296302745280 sift.cc:765] Creating SIFT CPU feature extractor
I20260912 09:38:18.780089 138296185312960 sift.cc:765] Creating SIFT CPU feature extractor
I20260912 09:38:18.780093 138296336316096 sift.cc:765] Creating SIFT CPU feature extractor
I20260912 09:38:18.780109 138296176920256 sift.cc:765] Creating SIFT CPU feature extractor
I20260912 09:38:18.780094 138296319530688 sift.cc:765] Creating SIFT CPU feature extractor
I20260912 09:38:18.780097 138296202098368 sift.cc:765] Creating SIFT CPU feature extractor
I20260912 09:38:18.780099 138296285959872 sift.cc:765] Creating SIFT CPU feature extractor
I20260912 09:38:18.780099 138296160134848 sift.cc:765] Creating SIFT CPU feature extractor
I20260912 09:38:18.780121 138295933662912 sift.cc:765] Creating SIFT CPU feature extractor
I20260912 09:38:18.780098 138296151742144 sift.cc:765] Creating SIFT CPU feature extractor
I20260912 09:38:18.950458 138295925270208 feature_extraction.cc:270] Processed file [1/6]
I20260912 09:38:18.950509 138295925270208 feature_extraction.cc:273]   Name:            image_4.png
I20260912 09:38:18.950513 138295925270208 feature_extraction.cc:282]   Dimensions:      518 x 518
I20260912 09:38:18.950515 138295925270208 feature_extraction.cc:285]   Camera:          #4 - PINHOLE
I20260912 09:38:18.950519 138295925270208 feature_extraction.cc:289]   Focal Length:    484.12px (Prior)
I20260912 09:38:18.950528 138295925270208 feature_extraction.cc:294]   Features:        1367 (SIFT)
I20260912 09:38:18.961409 138295925270208 feature_extraction.cc:270] Processed file [2/6]
I20260912 09:38:18.961438 138295925270208 feature_extraction.cc:273]   Name:            image_1.png
I20260912 09:38:18.961441 138295925270208 feature_extraction.cc:282]   Dimensions:      518 x 518
I20260912 09:38:18.961445 138295925270208 feature_extraction.cc:285]   Camera:          #1 - PINHOLE
I20260912 09:38:18.961448 138295925270208 feature_extraction.cc:289]   Focal Length:    484.12px (Prior)
I20260912 09:38:18.961458 138295925270208 feature_extraction.cc:294]   Features:        1473 (SIFT)
I20260912 09:38:18.963717 138295925270208 feature_extraction.cc:270] Processed file [3/6]
I20260912 09:38:18.963721 138295925270208 feature_extraction.cc:273]   Name:            image_5.png
I20260912 09:38:18.963722 138295925270208 feature_extraction.cc:282]   Dimensions:      518 x 518
I20260912 09:38:18.963723 138295925270208 feature_extraction.cc:285]   Camera:          #5 - PINHOLE
I20260912 09:38:18.963725 138295925270208 feature_extraction.cc:289]   Focal Length:    484.12px (Prior)
I20260912 09:38:18.963727 138295925270208 feature_extraction.cc:294]   Features:        1632 (SIFT)
I20260912 09:38:18.967696 138295925270208 feature_extraction.cc:270] Processed file [4/6]
I20260912 09:38:18.967716 138295925270208 feature_extraction.cc:273]   Name:            image_3.png
I20260912 09:38:18.967719 138295925270208 feature_extraction.cc:282]   Dimensions:      518 x 518
I20260912 09:38:18.967722 138295925270208 feature_extraction.cc:285]   Camera:          #3 - PINHOLE
I20260912 09:38:18.967725 138295925270208 feature_extraction.cc:289]   Focal Length:    484.12px (Prior)
I20260912 09:38:18.967730 138295925270208 feature_extraction.cc:294]   Features:        1492 (SIFT)
I20260912 09:38:18.996239 138295925270208 feature_extraction.cc:270] Processed file [5/6]
I20260912 09:38:18.996276 138295925270208 feature_extraction.cc:273]   Name:            image_2.png
I20260912 09:38:18.996280 138295925270208 feature_extraction.cc:282]   Dimensions:      518 x 518
I20260912 09:38:18.996283 138295925270208 feature_extraction.cc:285]   Camera:          #2 - PINHOLE
I20260912 09:38:18.996287 138295925270208 feature_extraction.cc:289]   Focal Length:    484.12px (Prior)
I20260912 09:38:18.996298 138295925270208 feature_extraction.cc:294]   Features:        1833 (SIFT)
I20260912 09:38:18.999124 138295925270208 feature_extraction.cc:270] Processed file [6/6]
I20260912 09:38:18.999130 138295925270208 feature_extraction.cc:273]   Name:            image_6.png
I20260912 09:38:18.999133 138295925270208 feature_extraction.cc:282]   Dimensions:      518 x 518
I20260912 09:38:18.999136 138295925270208 feature_extraction.cc:285]   Camera:          #6 - PINHOLE
I20260912 09:38:18.999139 138295925270208 feature_extraction.cc:289]   Focal Length:    484.12px (Prior)
I20260912 09:38:18.999143 138295925270208 feature_extraction.cc:294]   Features:        2217 (SIFT)
I20260912 09:38:19.001810 138296688613056 timer.cc:90] Elapsed time: 0.004 [minutes]
I20260912 09:38:19.032944 138296688613056 feature_matching.cc:196] === Feature matching & geometric verification ===
I20260912 09:38:19.033189 138295925270208 sift.cc:1686] Creating SIFT CPU feature matcher
I20260912 09:38:19.033206 138297133164224 sift.cc:1686] Creating SIFT CPU feature matcher
I20260912 09:38:19.033218 138297116378816 sift.cc:1686] Creating SIFT CPU feature matcher
I20260912 09:38:19.033219 138296151742144 sift.cc:1686] Creating SIFT CPU feature matcher
I20260912 09:38:19.033250 138295933662912 sift.cc:1686] Creating SIFT CPU feature matcher
I20260912 09:38:19.033264 138297124771520 sift.cc:1686] Creating SIFT CPU feature matcher
I20260912 09:38:19.033291 138297099593408 sift.cc:1686] Creating SIFT CPU feature matcher
I20260912 09:38:19.033316 138297107986112 sift.cc:1686] Creating SIFT CPU feature matcher
I20260912 09:38:19.033343 138297007404736 sift.cc:1686] Creating SIFT CPU feature matcher
I20260912 09:38:19.033356 138296854312640 sift.cc:1686] Creating SIFT CPU feature matcher
I20260912 09:38:19.033361 138297091200704 sift.cc:1686] Creating SIFT CPU feature matcher
I20260912 09:38:19.033400 138296999012032 sift.cc:1686] Creating SIFT CPU feature matcher
I20260912 09:38:19.033396 138296837527232 sift.cc:1686] Creating SIFT CPU feature matcher
I20260912 09:38:19.033426 138296845919936 sift.cc:1686] Creating SIFT CPU feature matcher
I20260912 09:38:19.033485 138296829134528 sift.cc:1686] Creating SIFT CPU feature matcher
I20260912 09:38:19.033546 138296722183872 sift.cc:1686] Creating SIFT CPU feature matcher
I20260912 09:38:19.033595 138296820741824 sift.cc:1686] Creating SIFT CPU feature matcher
I20260912 09:38:19.033630 138296697005760 sift.cc:1686] Creating SIFT CPU feature matcher
I20260912 09:38:19.033685 138296730576576 sift.cc:1686] Creating SIFT CPU feature matcher
I20260912 09:38:19.033686 138296738969280 sift.cc:1686] Creating SIFT CPU feature matcher
I20260912 09:38:19.033727 138296705398464 sift.cc:1686] Creating SIFT CPU feature matcher
I20260912 09:38:19.033687 138296713791168 sift.cc:1686] Creating SIFT CPU feature matcher
I20260912 09:38:19.033811 138296596358848 sift.cc:1686] Creating SIFT CPU feature matcher
I20260912 09:38:19.033834 138296604751552 sift.cc:1686] Creating SIFT CPU feature matcher
I20260912 09:38:19.034396 138296688613056 pairing.cc:179] Generating exhaustive image pairs...
I20260912 09:38:19.034406 138296688613056 pairing.cc:212] Processing block [1/1, 1/1]
I20260912 09:38:19.079771 138296688613056 feature_matching.cc:218] in 0.045s
I20260912 09:38:19.079806 138296688613056 timer.cc:90] Elapsed time: 0.001 [minutes]
I20260912 09:38:19.086300 138302704840832 incremental_pipeline.cc:353] Loading database
I20260912 09:38:19.086337 138302704840832 database_cache.cc:73] Loading rigs...
I20260912 09:38:19.086360 138302704840832 database_cache.cc:83]  6 in 0.000s
I20260912 09:38:19.086367 138302704840832 database_cache.cc:91] Loading cameras...
I20260912 09:38:19.086378 138302704840832 database_cache.cc:109]  6 in 0.000s
I20260912 09:38:19.086382 138302704840832 database_cache.cc:117] Loading frames...
I20260912 09:38:19.086404 138302704840832 database_cache.cc:127]  6 in 0.000s
I20260912 09:38:19.086408 138302704840832 database_cache.cc:135] Loading matches...
I20260912 09:38:19.086422 138302704840832 database_cache.cc:140]  3 in 0.000s
I20260912 09:38:19.086425 138302704840832 database_cache.cc:148] Loading images...
I20260912 09:38:19.086595 138302704840832 database_cache.cc:245]  6 in 0.000s (connected 4, loaded 4)
I20260912 09:38:19.086599 138302704840832 database_cache.cc:259] Loading pose priors...
I20260912 09:38:19.086605 138302704840832 database_cache.cc:267]  0 in 0.000s
I20260912 09:38:19.086608 138302704840832 database_cache.cc:275] Building correspondence graph...
I20260912 09:38:19.086658 138302704840832 database_cache.cc:304]  in 0.000s (ignored 0)
I20260912 09:38:19.086662 138302704840832 timer.cc:90] Elapsed time: 0.000 [minutes]
I20260912 09:38:19.086717 138302704840832 incremental_pipeline.cc:465] Finding good initial image pair
I20260912 09:38:19.087631 138302704840832 incremental_pipeline.cc:472] => No good initial image pair found.
I20260912 09:38:19.087639 138302704840832 incremental_pipeline.cc:800] Discarding reconstruction due to no initial pair
I20260912 09:38:19.087662 138302704840832 incremental_pipeline.cc:429] => Relaxing the initialization constraints.
I20260912 09:38:19.087700 138302704840832 incremental_pipeline.cc:465] Finding good initial image pair
I20260912 09:38:19.088559 138302704840832 incremental_pipeline.cc:472] => No good initial image pair found.
I20260912 09:38:19.088564 138302704840832 incremental_pipeline.cc:800] Discarding reconstruction due to no initial pair
I20260912 09:38:19.088573 138302704840832 incremental_pipeline.cc:442] => Relaxing the initialization constraints.
I20260912 09:38:19.088601 138302704840832 incremental_pipeline.cc:465] Finding good initial image pair
I20260912 09:38:19.089406 138302704840832 incremental_pipeline.cc:472] => No good initial image pair found.
I20260912 09:38:19.089418 138302704840832 incremental_pipeline.cc:800] Discarding reconstruction due to no initial pair
I20260912 09:38:19.089426 138302704840832 incremental_pipeline.cc:429] => Relaxing the initialization constraints.
I20260912 09:38:19.089453 138302704840832 incremental_pipeline.cc:465] Finding good initial image pair
I20260912 09:38:19.091357 138302704840832 incremental_pipeline.cc:472] => No good initial image pair found.
I20260912 09:38:19.091362 138302704840832 incremental_pipeline.cc:800] Discarding reconstruction due to no initial pair
I20260912 09:38:19.091371 138302704840832 incremental_pipeline.cc:442] => Relaxing the initialization constraints.
I20260912 09:38:19.091397 138302704840832 incremental_pipeline.cc:465] Finding good initial image pair
I20260912 09:38:19.094197 138302704840832 incremental_pipeline.cc:472] => No good initial image pair found.
I20260912 09:38:19.094200 138302704840832 incremental_pipeline.cc:800] Discarding reconstruction due to no initial pair
I20260912 09:38:19.094205 138302704840832 timer.cc:90] Elapsed time: 0.000 [minutes]
E20260912 09:38:19.094208 138302704840832 sfm.cc:310] Failed to create any sparse model
[6/40] bench/415_57121_110109  registered 0/6  FAILED  (0.3s)
W20260912 09:38:19.240482 138302704840832 feature_extraction.cc:445] Your current options use the maximum number of threads on the machine to extract features. Extracting SIFT features on the CPU can consume a lot of RAM per thread for large images. Consider reducing the maximum image size and/or the first octave or manually limit the number of extraction threads. Ignore this warning, if your machine has sufficient memory for the current settings.
I20260912 09:38:19.240683 138296688613056 feature_extraction.cc:498] === Feature extraction ===
I20260912 09:38:19.241218 138296562788032 sift.cc:765] Creating SIFT CPU feature extractor
I20260912 09:38:19.241235 138296470533824 sift.cc:765] Creating SIFT CPU feature extractor
I20260912 09:38:19.241246 138296554395328 sift.cc:765] Creating SIFT CPU feature extractor
I20260912 09:38:19.241248 138296462141120 sift.cc:765] Creating SIFT CPU feature extractor
I20260912 09:38:19.241269 138296453748416 sift.cc:765] Creating SIFT CPU feature extractor
I20260912 09:38:19.241274 138296445355712 sift.cc:765] Creating SIFT CPU feature extractor
I20260912 09:38:19.241312 138296436963008 sift.cc:765] Creating SIFT CPU feature extractor
I20260912 09:38:19.241337 138296327923392 sift.cc:765] Creating SIFT CPU feature extractor
I20260912 09:38:19.241451 138296336316096 sift.cc:765] Creating SIFT CPU feature extractor
I20260912 09:38:19.241455 138296428570304 sift.cc:765] Creating SIFT CPU feature extractor
I20260912 09:38:19.241459 138296319530688 sift.cc:765] Creating SIFT CPU feature extractor
I20260912 09:38:19.241459 138296420177600 sift.cc:765] Creating SIFT CPU feature extractor
I20260912 09:38:19.241479 138296168527552 sift.cc:765] Creating SIFT CPU feature extractor
I20260912 09:38:19.241493 138296285959872 sift.cc:765] Creating SIFT CPU feature extractor
I20260912 09:38:19.241501 138296302745280 sift.cc:765] Creating SIFT CPU feature extractor
I20260912 09:38:19.241506 138296185312960 sift.cc:765] Creating SIFT CPU feature extractor
I20260912 09:38:19.241518 138296151742144 sift.cc:765] Creating SIFT CPU feature extractor
I20260912 09:38:19.241563 138296311137984 sift.cc:765] Creating SIFT CPU feature extractor
I20260912 09:38:19.241568 138296294352576 sift.cc:765] Creating SIFT CPU feature extractor
I20260912 09:38:19.241566 138296160134848 sift.cc:765] Creating SIFT CPU feature extractor
I20260912 09:38:19.241563 138295933662912 sift.cc:765] Creating SIFT CPU feature extractor
I20260912 09:38:19.241567 138296202098368 sift.cc:765] Creating SIFT CPU feature extractor
I20260912 09:38:19.241566 138296176920256 sift.cc:765] Creating SIFT CPU feature extractor
I20260912 09:38:19.241568 138296193705664 sift.cc:765] Creating SIFT CPU feature extractor
I20260912 09:38:19.423259 138295925270208 feature_extraction.cc:270] Processed file [1/6]
I20260912 09:38:19.423325 138295925270208 feature_extraction.cc:273]   Name:            image_3.png
I20260912 09:38:19.423355 138295925270208 feature_extraction.cc:282]   Dimensions:      518 x 518
I20260912 09:38:19.423359 138295925270208 feature_extraction.cc:285]   Camera:          #3 - PINHOLE
I20260912 09:38:19.423364 138295925270208 feature_extraction.cc:289]   Focal Length:    623.99px (Prior)
I20260912 09:38:19.423375 138295925270208 feature_extraction.cc:294]   Features:        1217 (SIFT)
I20260912 09:38:19.432411 138295925270208 feature_extraction.cc:270] Processed file [2/6]
I20260912 09:38:19.432459 138295925270208 feature_extraction.cc:273]   Name:            image_2.png
I20260912 09:38:19.432463 138295925270208 feature_extraction.cc:282]   Dimensions:      518 x 518
I20260912 09:38:19.432466 138295925270208 feature_extraction.cc:285]   Camera:          #2 - PINHOLE
I20260912 09:38:19.432470 138295925270208 feature_extraction.cc:289]   Focal Length:    623.99px (Prior)
I20260912 09:38:19.432480 138295925270208 feature_extraction.cc:294]   Features:        1761 (SIFT)
I20260912 09:38:19.435237 138295925270208 feature_extraction.cc:270] Processed file [3/6]
I20260912 09:38:19.435248 138295925270208 feature_extraction.cc:273]   Name:            image_1.png
I20260912 09:38:19.435251 138295925270208 feature_extraction.cc:282]   Dimensions:      518 x 518
I20260912 09:38:19.435254 138295925270208 feature_extraction.cc:285]   Camera:          #1 - PINHOLE
I20260912 09:38:19.435257 138295925270208 feature_extraction.cc:289]   Focal Length:    623.99px (Prior)
I20260912 09:38:19.435262 138295925270208 feature_extraction.cc:294]   Features:        1761 (SIFT)
I20260912 09:38:19.443671 138295925270208 feature_extraction.cc:270] Processed file [4/6]
I20260912 09:38:19.443690 138295925270208 feature_extraction.cc:273]   Name:            image_4.png
I20260912 09:38:19.443693 138295925270208 feature_extraction.cc:282]   Dimensions:      518 x 518
I20260912 09:38:19.443695 138295925270208 feature_extraction.cc:285]   Camera:          #4 - PINHOLE
I20260912 09:38:19.443697 138295925270208 feature_extraction.cc:289]   Focal Length:    623.99px (Prior)
I20260912 09:38:19.443701 138295925270208 feature_extraction.cc:294]   Features:        1806 (SIFT)
I20260912 09:38:19.445142 138295925270208 feature_extraction.cc:270] Processed file [5/6]
I20260912 09:38:19.445159 138295925270208 feature_extraction.cc:273]   Name:            image_6.png
I20260912 09:38:19.445163 138295925270208 feature_extraction.cc:282]   Dimensions:      518 x 518
I20260912 09:38:19.445165 138295925270208 feature_extraction.cc:285]   Camera:          #6 - PINHOLE
I20260912 09:38:19.445167 138295925270208 feature_extraction.cc:289]   Focal Length:    623.99px (Prior)
I20260912 09:38:19.445172 138295925270208 feature_extraction.cc:294]   Features:        1692 (SIFT)
I20260912 09:38:19.451357 138295925270208 feature_extraction.cc:270] Processed file [6/6]
I20260912 09:38:19.451375 138295925270208 feature_extraction.cc:273]   Name:            image_5.png
I20260912 09:38:19.451378 138295925270208 feature_extraction.cc:282]   Dimensions:      518 x 518
I20260912 09:38:19.451380 138295925270208 feature_extraction.cc:285]   Camera:          #5 - PINHOLE
I20260912 09:38:19.451383 138295925270208 feature_extraction.cc:289]   Focal Length:    623.99px (Prior)
I20260912 09:38:19.451395 138295925270208 feature_extraction.cc:294]   Features:        1848 (SIFT)
I20260912 09:38:19.453484 138296688613056 timer.cc:90] Elapsed time: 0.004 [minutes]
I20260912 09:38:19.494777 138296688613056 feature_matching.cc:196] === Feature matching & geometric verification ===
I20260912 09:38:19.495116 138297133164224 sift.cc:1686] Creating SIFT CPU feature matcher
I20260912 09:38:19.495129 138297124771520 sift.cc:1686] Creating SIFT CPU feature matcher
I20260912 09:38:19.495116 138295925270208 sift.cc:1686] Creating SIFT CPU feature matcher
I20260912 09:38:19.495235 138297007404736 sift.cc:1686] Creating SIFT CPU feature matcher
I20260912 09:38:19.495264 138297107986112 sift.cc:1686] Creating SIFT CPU feature matcher
I20260912 09:38:19.495280 138296151742144 sift.cc:1686] Creating SIFT CPU feature matcher
I20260912 09:38:19.495342 138296837527232 sift.cc:1686] Creating SIFT CPU feature matcher
I20260912 09:38:19.495361 138296829134528 sift.cc:1686] Creating SIFT CPU feature matcher
I20260912 09:38:19.495376 138296845919936 sift.cc:1686] Creating SIFT CPU feature matcher
I20260912 09:38:19.495395 138295933662912 sift.cc:1686] Creating SIFT CPU feature matcher
I20260912 09:38:19.495448 138296820741824 sift.cc:1686] Creating SIFT CPU feature matcher
I20260912 09:38:19.495473 138296738969280 sift.cc:1686] Creating SIFT CPU feature matcher
I20260912 09:38:19.495264 138297099593408 sift.cc:1686] Creating SIFT CPU feature matcher
I20260912 09:38:19.495520 138297116378816 sift.cc:1686] Creating SIFT CPU feature matcher
I20260912 09:38:19.495299 138297091200704 sift.cc:1686] Creating SIFT CPU feature matcher
I20260912 09:38:19.495590 138296722183872 sift.cc:1686] Creating SIFT CPU feature matcher
I20260912 09:38:19.495606 138296705398464 sift.cc:1686] Creating SIFT CPU feature matcher
I20260912 09:38:19.495268 138296854312640 sift.cc:1686] Creating SIFT CPU feature matcher
I20260912 09:38:19.495568 138296713791168 sift.cc:1686] Creating SIFT CPU feature matcher
I20260912 09:38:19.495668 138296697005760 sift.cc:1686] Creating SIFT CPU feature matcher
I20260912 09:38:19.495688 138296604751552 sift.cc:1686] Creating SIFT CPU feature matcher
I20260912 09:38:19.495384 138296999012032 sift.cc:1686] Creating SIFT CPU feature matcher
I20260912 09:38:19.495689 138296596358848 sift.cc:1686] Creating SIFT CPU feature matcher
I20260912 09:38:19.495591 138296730576576 sift.cc:1686] Creating SIFT CPU feature matcher
I20260912 09:38:19.496385 138296688613056 pairing.cc:179] Generating exhaustive image pairs...
I20260912 09:38:19.496396 138296688613056 pairing.cc:212] Processing block [1/1, 1/1]
I20260912 09:38:19.540025 138296688613056 feature_matching.cc:218] in 0.044s
I20260912 09:38:19.540064 138296688613056 timer.cc:90] Elapsed time: 0.001 [minutes]
I20260912 09:38:19.548621 138302704840832 incremental_pipeline.cc:353] Loading database
I20260912 09:38:19.548660 138302704840832 database_cache.cc:73] Loading rigs...
I20260912 09:38:19.548681 138302704840832 database_cache.cc:83]  6 in 0.000s
I20260912 09:38:19.548687 138302704840832 database_cache.cc:91] Loading cameras...
I20260912 09:38:19.548697 138302704840832 database_cache.cc:109]  6 in 0.000s
I20260912 09:38:19.548700 138302704840832 database_cache.cc:117] Loading frames...
I20260912 09:38:19.548719 138302704840832 database_cache.cc:127]  6 in 0.000s
I20260912 09:38:19.548722 138302704840832 database_cache.cc:135] Loading matches...
I20260912 09:38:19.548747 138302704840832 database_cache.cc:140]  15 in 0.000s
I20260912 09:38:19.548750 138302704840832 database_cache.cc:148] Loading images...
I20260912 09:38:19.548947 138302704840832 database_cache.cc:245]  6 in 0.000s (connected 6, loaded 6)
I20260912 09:38:19.548951 138302704840832 database_cache.cc:259] Loading pose priors...
I20260912 09:38:19.548955 138302704840832 database_cache.cc:267]  0 in 0.000s
I20260912 09:38:19.548958 138302704840832 database_cache.cc:275] Building correspondence graph...
I20260912 09:38:19.549178 138302704840832 database_cache.cc:304]  in 0.000s (ignored 0)
I20260912 09:38:19.549185 138302704840832 timer.cc:90] Elapsed time: 0.000 [minutes]
I20260912 09:38:19.549242 138302704840832 incremental_pipeline.cc:465] Finding good initial image pair
I20260912 09:38:19.554458 138302704840832 incremental_pipeline.cc:492] Registering initial image pair #4 and #6
I20260912 09:38:19.554709 138302704840832 incremental_pipeline.cc:510] Global bundle adjustment
I20260912 09:38:19.561672 138302704840832 incremental_pipeline.cc:620] Registering image #5 (num_reg_frames=2)
I20260912 09:38:19.561676 138302704840832 incremental_pipeline.cc:623] => Image sees 47 / 333 points
I20260912 09:38:19.568388 138302704840832 incremental_pipeline.cc:88] Retriangulation and Global bundle adjustment
I20260912 09:38:19.574846 138302704840832 incremental_pipeline.cc:620] Registering image #1 (num_reg_frames=3)
I20260912 09:38:19.574856 138302704840832 incremental_pipeline.cc:623] => Image sees 42 / 238 points
I20260912 09:38:19.584249 138302704840832 incremental_pipeline.cc:88] Retriangulation and Global bundle adjustment
I20260912 09:38:19.600122 138302704840832 incremental_pipeline.cc:620] Registering image #3 (num_reg_frames=4)
I20260912 09:38:19.600127 138302704840832 incremental_pipeline.cc:623] => Image sees 53 / 288 points
I20260912 09:38:19.606931 138302704840832 incremental_pipeline.cc:88] Retriangulation and Global bundle adjustment
I20260912 09:38:19.618143 138302704840832 incremental_pipeline.cc:620] Registering image #2 (num_reg_frames=5)
I20260912 09:38:19.618148 138302704840832 incremental_pipeline.cc:623] => Image sees 71 / 193 points
I20260912 09:38:19.626700 138302704840832 incremental_pipeline.cc:88] Retriangulation and Global bundle adjustment
I20260912 09:38:19.639470 138302704840832 incremental_pipeline.cc:88] Retriangulation and Global bundle adjustment
I20260912 09:38:19.650245 138302704840832 incremental_pipeline.cc:826] Keeping successful reconstruction
I20260912 09:38:19.650738 138302704840832 timer.cc:90] Elapsed time: 0.002 [minutes]
[7/40] book/119_13962_28926  registered 6/6  arm 10.49 deg -> refined 125.58 deg  (0.4s)
W20260912 09:38:19.773134 138302704840832 feature_extraction.cc:445] Your current options use the maximum number of threads on the machine to extract features. Extracting SIFT features on the CPU can consume a lot of RAM per thread for large images. Consider reducing the maximum image size and/or the first octave or manually limit the number of extraction threads. Ignore this warning, if your machine has sufficient memory for the current settings.
I20260912 09:38:19.773305 138296688613056 feature_extraction.cc:498] === Feature extraction ===
I20260912 09:38:19.773816 138296562788032 sift.cc:765] Creating SIFT CPU feature extractor
I20260912 09:38:19.773875 138296462141120 sift.cc:765] Creating SIFT CPU feature extractor
I20260912 09:38:19.773940 138296470533824 sift.cc:765] Creating SIFT CPU feature extractor
I20260912 09:38:19.773942 138296445355712 sift.cc:765] Creating SIFT CPU feature extractor
I20260912 09:38:19.773948 138296453748416 sift.cc:765] Creating SIFT CPU feature extractor
I20260912 09:38:19.773967 138296428570304 sift.cc:765] Creating SIFT CPU feature extractor
I20260912 09:38:19.773945 138296420177600 sift.cc:765] Creating SIFT CPU feature extractor
I20260912 09:38:19.773982 138296327923392 sift.cc:765] Creating SIFT CPU feature extractor
I20260912 09:38:19.773948 138296554395328 sift.cc:765] Creating SIFT CPU feature extractor
I20260912 09:38:19.774010 138296319530688 sift.cc:765] Creating SIFT CPU feature extractor
I20260912 09:38:19.774016 138296336316096 sift.cc:765] Creating SIFT CPU feature extractor
I20260912 09:38:19.774019 138296294352576 sift.cc:765] Creating SIFT CPU feature extractor
I20260912 09:38:19.774013 138296302745280 sift.cc:765] Creating SIFT CPU feature extractor
I20260912 09:38:19.774010 138296311137984 sift.cc:765] Creating SIFT CPU feature extractor
I20260912 09:38:19.773968 138296436963008 sift.cc:765] Creating SIFT CPU feature extractor
I20260912 09:38:19.774060 138296193705664 sift.cc:765] Creating SIFT CPU feature extractor
I20260912 09:38:19.774066 138296202098368 sift.cc:765] Creating SIFT CPU feature extractor
I20260912 09:38:19.774025 138296285959872 sift.cc:765] Creating SIFT CPU feature extractor
I20260912 09:38:19.774091 138296176920256 sift.cc:765] Creating SIFT CPU feature extractor
I20260912 09:38:19.774105 138296185312960 sift.cc:765] Creating SIFT CPU feature extractor
I20260912 09:38:19.774121 138296160134848 sift.cc:765] Creating SIFT CPU feature extractor
I20260912 09:38:19.774140 138296151742144 sift.cc:765] Creating SIFT CPU feature extractor
I20260912 09:38:19.774277 138296168527552 sift.cc:765] Creating SIFT CPU feature extractor
I20260912 09:38:19.774293 138295933662912 sift.cc:765] Creating SIFT CPU feature extractor
I20260912 09:38:19.935032 138295925270208 feature_extraction.cc:270] Processed file [1/6]
I20260912 09:38:19.935092 138295925270208 feature_extraction.cc:273]   Name:            image_1.png
I20260912 09:38:19.935122 138295925270208 feature_extraction.cc:282]   Dimensions:      518 x 518
I20260912 09:38:19.935126 138295925270208 feature_extraction.cc:285]   Camera:          #1 - PINHOLE
I20260912 09:38:19.935130 138295925270208 feature_extraction.cc:289]   Focal Length:    501.59px (Prior)
I20260912 09:38:19.935141 138295925270208 feature_extraction.cc:294]   Features:        974 (SIFT)
I20260912 09:38:19.936063 138295925270208 feature_extraction.cc:270] Processed file [2/6]
I20260912 09:38:19.936086 138295925270208 feature_extraction.cc:273]   Name:            image_4.png
I20260912 09:38:19.936090 138295925270208 feature_extraction.cc:282]   Dimensions:      518 x 518
I20260912 09:38:19.936093 138295925270208 feature_extraction.cc:285]   Camera:          #4 - PINHOLE
I20260912 09:38:19.936096 138295925270208 feature_extraction.cc:289]   Focal Length:    501.59px (Prior)
I20260912 09:38:19.936102 138295925270208 feature_extraction.cc:294]   Features:        585 (SIFT)
I20260912 09:38:19.941799 138295925270208 feature_extraction.cc:270] Processed file [3/6]
I20260912 09:38:19.941823 138295925270208 feature_extraction.cc:273]   Name:            image_2.png
I20260912 09:38:19.941828 138295925270208 feature_extraction.cc:282]   Dimensions:      518 x 518
I20260912 09:38:19.941831 138295925270208 feature_extraction.cc:285]   Camera:          #2 - PINHOLE
I20260912 09:38:19.941834 138295925270208 feature_extraction.cc:289]   Focal Length:    501.59px (Prior)
I20260912 09:38:19.941840 138295925270208 feature_extraction.cc:294]   Features:        1057 (SIFT)
I20260912 09:38:19.944595 138295925270208 feature_extraction.cc:270] Processed file [4/6]
I20260912 09:38:19.944617 138295925270208 feature_extraction.cc:273]   Name:            image_5.png
I20260912 09:38:19.944621 138295925270208 feature_extraction.cc:282]   Dimensions:      518 x 518
I20260912 09:38:19.944624 138295925270208 feature_extraction.cc:285]   Camera:          #5 - PINHOLE
I20260912 09:38:19.944627 138295925270208 feature_extraction.cc:289]   Focal Length:    501.59px (Prior)
I20260912 09:38:19.944633 138295925270208 feature_extraction.cc:294]   Features:        734 (SIFT)
I20260912 09:38:19.944882 138295925270208 feature_extraction.cc:270] Processed file [5/6]
I20260912 09:38:19.944889 138295925270208 feature_extraction.cc:273]   Name:            image_6.png
I20260912 09:38:19.944891 138295925270208 feature_extraction.cc:282]   Dimensions:      518 x 518
I20260912 09:38:19.944894 138295925270208 feature_extraction.cc:285]   Camera:          #6 - PINHOLE
I20260912 09:38:19.944896 138295925270208 feature_extraction.cc:289]   Focal Length:    501.59px (Prior)
I20260912 09:38:19.944900 138295925270208 feature_extraction.cc:294]   Features:        605 (SIFT)
I20260912 09:38:19.947413 138295925270208 feature_extraction.cc:270] Processed file [6/6]
I20260912 09:38:19.947435 138295925270208 feature_extraction.cc:273]   Name:            image_3.png
I20260912 09:38:19.947439 138295925270208 feature_extraction.cc:282]   Dimensions:      518 x 518
I20260912 09:38:19.947442 138295925270208 feature_extraction.cc:285]   Camera:          #3 - PINHOLE
I20260912 09:38:19.947454 138295925270208 feature_extraction.cc:289]   Focal Length:    501.59px (Prior)
I20260912 09:38:19.947461 138295925270208 feature_extraction.cc:294]   Features:        1003 (SIFT)
I20260912 09:38:19.949368 138296688613056 timer.cc:90] Elapsed time: 0.003 [minutes]
I20260912 09:38:19.975426 138296688613056 feature_matching.cc:196] === Feature matching & geometric verification ===
I20260912 09:38:19.975735 138295925270208 sift.cc:1686] Creating SIFT CPU feature matcher
I20260912 09:38:19.975745 138297133164224 sift.cc:1686] Creating SIFT CPU feature matcher
I20260912 09:38:19.975780 138297099593408 sift.cc:1686] Creating SIFT CPU feature matcher
I20260912 09:38:19.975789 138297091200704 sift.cc:1686] Creating SIFT CPU feature matcher
I20260912 09:38:19.975834 138296999012032 sift.cc:1686] Creating SIFT CPU feature matcher
I20260912 09:38:19.975848 138296845919936 sift.cc:1686] Creating SIFT CPU feature matcher
I20260912 09:38:19.975866 138295933662912 sift.cc:1686] Creating SIFT CPU feature matcher
I20260912 09:38:19.975868 138297007404736 sift.cc:1686] Creating SIFT CPU feature matcher
I20260912 09:38:19.975748 138297124771520 sift.cc:1686] Creating SIFT CPU feature matcher
I20260912 09:38:19.975919 138296837527232 sift.cc:1686] Creating SIFT CPU feature matcher
I20260912 09:38:19.975930 138296829134528 sift.cc:1686] Creating SIFT CPU feature matcher
I20260912 09:38:19.975976 138296820741824 sift.cc:1686] Creating SIFT CPU feature matcher
I20260912 09:38:19.976028 138296713791168 sift.cc:1686] Creating SIFT CPU feature matcher
I20260912 09:38:19.976035 138296854312640 sift.cc:1686] Creating SIFT CPU feature matcher
I20260912 09:38:19.976043 138296738969280 sift.cc:1686] Creating SIFT CPU feature matcher
I20260912 09:38:19.976035 138296151742144 sift.cc:1686] Creating SIFT CPU feature matcher
I20260912 09:38:19.976126 138296697005760 sift.cc:1686] Creating SIFT CPU feature matcher
I20260912 09:38:19.976147 138296705398464 sift.cc:1686] Creating SIFT CPU feature matcher
I20260912 09:38:19.976148 138296730576576 sift.cc:1686] Creating SIFT CPU feature matcher
I20260912 09:38:19.976224 138297107986112 sift.cc:1686] Creating SIFT CPU feature matcher
I20260912 09:38:19.976234 138296722183872 sift.cc:1686] Creating SIFT CPU feature matcher
I20260912 09:38:19.976226 138296596358848 sift.cc:1686] Creating SIFT CPU feature matcher
I20260912 09:38:19.976266 138296604751552 sift.cc:1686] Creating SIFT CPU feature matcher
I20260912 09:38:19.976445 138297116378816 sift.cc:1686] Creating SIFT CPU feature matcher
I20260912 09:38:19.976845 138296688613056 pairing.cc:179] Generating exhaustive image pairs...
I20260912 09:38:19.976858 138296688613056 pairing.cc:212] Processing block [1/1, 1/1]
I20260912 09:38:19.997099 138296688613056 feature_matching.cc:218] in 0.020s
I20260912 09:38:19.997113 138296688613056 timer.cc:90] Elapsed time: 0.000 [minutes]
I20260912 09:38:20.029969 138302704840832 incremental_pipeline.cc:353] Loading database
I20260912 09:38:20.030009 138302704840832 database_cache.cc:73] Loading rigs...
I20260912 09:38:20.030032 138302704840832 database_cache.cc:83]  6 in 0.000s
I20260912 09:38:20.030039 138302704840832 database_cache.cc:91] Loading cameras...
I20260912 09:38:20.030050 138302704840832 database_cache.cc:109]  6 in 0.000s
I20260912 09:38:20.030054 138302704840832 database_cache.cc:117] Loading frames...
I20260912 09:38:20.030076 138302704840832 database_cache.cc:127]  6 in 0.000s
I20260912 09:38:20.030080 138302704840832 database_cache.cc:135] Loading matches...
I20260912 09:38:20.030093 138302704840832 database_cache.cc:140]  2 in 0.000s
I20260912 09:38:20.030096 138302704840832 database_cache.cc:148] Loading images...
I20260912 09:38:20.030207 138302704840832 database_cache.cc:245]  6 in 0.000s (connected 4, loaded 4)
I20260912 09:38:20.030211 138302704840832 database_cache.cc:259] Loading pose priors...
I20260912 09:38:20.030216 138302704840832 database_cache.cc:267]  0 in 0.000s
I20260912 09:38:20.030219 138302704840832 database_cache.cc:275] Building correspondence graph...
I20260912 09:38:20.030257 138302704840832 database_cache.cc:304]  in 0.000s (ignored 0)
I20260912 09:38:20.030261 138302704840832 timer.cc:90] Elapsed time: 0.000 [minutes]
I20260912 09:38:20.030307 138302704840832 incremental_pipeline.cc:465] Finding good initial image pair
I20260912 09:38:20.031339 138302704840832 incremental_pipeline.cc:472] => No good initial image pair found.
I20260912 09:38:20.031349 138302704840832 incremental_pipeline.cc:800] Discarding reconstruction due to no initial pair
I20260912 09:38:20.031361 138302704840832 incremental_pipeline.cc:429] => Relaxing the initialization constraints.
I20260912 09:38:20.031394 138302704840832 incremental_pipeline.cc:465] Finding good initial image pair
I20260912 09:38:20.032525 138302704840832 incremental_pipeline.cc:472] => No good initial image pair found.
I20260912 09:38:20.032534 138302704840832 incremental_pipeline.cc:800] Discarding reconstruction due to no initial pair
I20260912 09:38:20.032550 138302704840832 incremental_pipeline.cc:442] => Relaxing the initialization constraints.
I20260912 09:38:20.032576 138302704840832 incremental_pipeline.cc:465] Finding good initial image pair
I20260912 09:38:20.033543 138302704840832 incremental_pipeline.cc:472] => No good initial image pair found.
I20260912 09:38:20.033548 138302704840832 incremental_pipeline.cc:800] Discarding reconstruction due to no initial pair
I20260912 09:38:20.033555 138302704840832 incremental_pipeline.cc:429] => Relaxing the initialization constraints.
I20260912 09:38:20.033576 138302704840832 incremental_pipeline.cc:465] Finding good initial image pair
I20260912 09:38:20.036831 138302704840832 incremental_pipeline.cc:492] Registering initial image pair #1 and #3
I20260912 09:38:20.036864 138302704840832 incremental_pipeline.cc:791] Discarding reconstruction due to bad initial pair
I20260912 09:38:20.036885 138302704840832 incremental_pipeline.cc:465] Finding good initial image pair
I20260912 09:38:20.037426 138302704840832 incremental_pipeline.cc:472] => No good initial image pair found.
I20260912 09:38:20.037428 138302704840832 incremental_pipeline.cc:800] Discarding reconstruction due to no initial pair
I20260912 09:38:20.037432 138302704840832 incremental_pipeline.cc:442] => Relaxing the initialization constraints.
I20260912 09:38:20.037441 138302704840832 incremental_pipeline.cc:465] Finding good initial image pair
I20260912 09:38:20.040061 138302704840832 incremental_pipeline.cc:492] Registering initial image pair #1 and #3
I20260912 09:38:20.040091 138302704840832 incremental_pipeline.cc:791] Discarding reconstruction due to bad initial pair
I20260912 09:38:20.040113 138302704840832 incremental_pipeline.cc:465] Finding good initial image pair
I20260912 09:38:20.040874 138302704840832 incremental_pipeline.cc:472] => No good initial image pair found.
I20260912 09:38:20.040876 138302704840832 incremental_pipeline.cc:800] Discarding reconstruction due to no initial pair
I20260912 09:38:20.040880 138302704840832 timer.cc:90] Elapsed time: 0.000 [minutes]
E20260912 09:38:20.040883 138302704840832 sfm.cc:310] Failed to create any sparse model
[8/40] book/247_26469_51778  registered 0/6  FAILED  (0.3s)
W20260912 09:38:20.181219 138302704840832 feature_extraction.cc:445] Your current options use the maximum number of threads on the machine to extract features. Extracting SIFT features on the CPU can consume a lot of RAM per thread for large images. Consider reducing the maximum image size and/or the first octave or manually limit the number of extraction threads. Ignore this warning, if your machine has sufficient memory for the current settings.
I20260912 09:38:20.181388 138296688613056 feature_extraction.cc:498] === Feature extraction ===
I20260912 09:38:20.181835 138296554395328 sift.cc:765] Creating SIFT CPU feature extractor
I20260912 09:38:20.181879 138296453748416 sift.cc:765] Creating SIFT CPU feature extractor
I20260912 09:38:20.181891 138296445355712 sift.cc:765] Creating SIFT CPU feature extractor
I20260912 09:38:20.181936 138296436963008 sift.cc:765] Creating SIFT CPU feature extractor
I20260912 09:38:20.181958 138296562788032 sift.cc:765] Creating SIFT CPU feature extractor
I20260912 09:38:20.181963 138296470533824 sift.cc:765] Creating SIFT CPU feature extractor
I20260912 09:38:20.181996 138296319530688 sift.cc:765] Creating SIFT CPU feature extractor
I20260912 09:38:20.182040 138296302745280 sift.cc:765] Creating SIFT CPU feature extractor
I20260912 09:38:20.182063 138296462141120 sift.cc:765] Creating SIFT CPU feature extractor
I20260912 09:38:20.182109 138296294352576 sift.cc:765] Creating SIFT CPU feature extractor
I20260912 09:38:20.182112 138296176920256 sift.cc:765] Creating SIFT CPU feature extractor
I20260912 09:38:20.182117 138296336316096 sift.cc:765] Creating SIFT CPU feature extractor
I20260912 09:38:20.182115 138296420177600 sift.cc:765] Creating SIFT CPU feature extractor
I20260912 09:38:20.182151 138296168527552 sift.cc:765] Creating SIFT CPU feature extractor
I20260912 09:38:20.182116 138296327923392 sift.cc:765] Creating SIFT CPU feature extractor
I20260912 09:38:20.182187 138296185312960 sift.cc:765] Creating SIFT CPU feature extractor
I20260912 09:38:20.182190 138296202098368 sift.cc:765] Creating SIFT CPU feature extractor
I20260912 09:38:20.182194 138296193705664 sift.cc:765] Creating SIFT CPU feature extractor
I20260912 09:38:20.182116 138296285959872 sift.cc:765] Creating SIFT CPU feature extractor
I20260912 09:38:20.182117 138296428570304 sift.cc:765] Creating SIFT CPU feature extractor
I20260912 09:38:20.182192 138296151742144 sift.cc:765] Creating SIFT CPU feature extractor
I20260912 09:38:20.182361 138296160134848 sift.cc:765] Creating SIFT CPU feature extractor
I20260912 09:38:20.182192 138295933662912 sift.cc:765] Creating SIFT CPU feature extractor
I20260912 09:38:20.182120 138296311137984 sift.cc:765] Creating SIFT CPU feature extractor
I20260912 09:38:20.365756 138295925270208 feature_extraction.cc:270] Processed file [1/6]
I20260912 09:38:20.365812 138295925270208 feature_extraction.cc:273]   Name:            image_5.png
I20260912 09:38:20.365817 138295925270208 feature_extraction.cc:282]   Dimensions:      518 x 518
I20260912 09:38:20.365820 138295925270208 feature_extraction.cc:285]   Camera:          #5 - PINHOLE
I20260912 09:38:20.365824 138295925270208 feature_extraction.cc:289]   Focal Length:    554.19px (Prior)
I20260912 09:38:20.365835 138295925270208 feature_extraction.cc:294]   Features:        1548 (SIFT)
I20260912 09:38:20.371191 138295925270208 feature_extraction.cc:270] Processed file [2/6]
I20260912 09:38:20.371210 138295925270208 feature_extraction.cc:273]   Name:            image_2.png
I20260912 09:38:20.371214 138295925270208 feature_extraction.cc:282]   Dimensions:      518 x 518
I20260912 09:38:20.371217 138295925270208 feature_extraction.cc:285]   Camera:          #2 - PINHOLE
I20260912 09:38:20.371220 138295925270208 feature_extraction.cc:289]   Focal Length:    554.19px (Prior)
I20260912 09:38:20.371226 138295925270208 feature_extraction.cc:294]   Features:        1495 (SIFT)
I20260912 09:38:20.374844 138295925270208 feature_extraction.cc:270] Processed file [3/6]
I20260912 09:38:20.374864 138295925270208 feature_extraction.cc:273]   Name:            image_1.png
I20260912 09:38:20.374869 138295925270208 feature_extraction.cc:282]   Dimensions:      518 x 518
I20260912 09:38:20.374872 138295925270208 feature_extraction.cc:285]   Camera:          #1 - PINHOLE
I20260912 09:38:20.374875 138295925270208 feature_extraction.cc:289]   Focal Length:    554.19px (Prior)
I20260912 09:38:20.374885 138295925270208 feature_extraction.cc:294]   Features:        2395 (SIFT)
I20260912 09:38:20.388152 138295925270208 feature_extraction.cc:270] Processed file [4/6]
I20260912 09:38:20.388172 138295925270208 feature_extraction.cc:273]   Name:            image_4.png
I20260912 09:38:20.388176 138295925270208 feature_extraction.cc:282]   Dimensions:      518 x 518
I20260912 09:38:20.388179 138295925270208 feature_extraction.cc:285]   Camera:          #4 - PINHOLE
I20260912 09:38:20.388182 138295925270208 feature_extraction.cc:289]   Focal Length:    554.19px (Prior)
I20260912 09:38:20.388196 138295925270208 feature_extraction.cc:294]   Features:        1957 (SIFT)
I20260912 09:38:20.394679 138295925270208 feature_extraction.cc:270] Processed file [5/6]
I20260912 09:38:20.394699 138295925270208 feature_extraction.cc:273]   Name:            image_6.png
I20260912 09:38:20.394703 138295925270208 feature_extraction.cc:282]   Dimensions:      518 x 518
I20260912 09:38:20.394706 138295925270208 feature_extraction.cc:285]   Camera:          #6 - PINHOLE
I20260912 09:38:20.394709 138295925270208 feature_extraction.cc:289]   Focal Length:    554.19px (Prior)
I20260912 09:38:20.394715 138295925270208 feature_extraction.cc:294]   Features:        2255 (SIFT)
I20260912 09:38:20.397787 138295925270208 feature_extraction.cc:270] Processed file [6/6]
I20260912 09:38:20.397803 138295925270208 feature_extraction.cc:273]   Name:            image_3.png
I20260912 09:38:20.397806 138295925270208 feature_extraction.cc:282]   Dimensions:      518 x 518
I20260912 09:38:20.397817 138295925270208 feature_extraction.cc:285]   Camera:          #3 - PINHOLE
I20260912 09:38:20.397821 138295925270208 feature_extraction.cc:289]   Focal Length:    554.19px (Prior)
I20260912 09:38:20.397827 138295925270208 feature_extraction.cc:294]   Features:        2247 (SIFT)
I20260912 09:38:20.400235 138296688613056 timer.cc:90] Elapsed time: 0.004 [minutes]
I20260912 09:38:20.435371 138296688613056 feature_matching.cc:196] === Feature matching & geometric verification ===
I20260912 09:38:20.435647 138295933662912 sift.cc:1686] Creating SIFT CPU feature matcher
I20260912 09:38:20.435688 138295925270208 sift.cc:1686] Creating SIFT CPU feature matcher
I20260912 09:38:20.435696 138297099593408 sift.cc:1686] Creating SIFT CPU feature matcher
I20260912 09:38:20.435746 138297116378816 sift.cc:1686] Creating SIFT CPU feature matcher
I20260912 09:38:20.435782 138297091200704 sift.cc:1686] Creating SIFT CPU feature matcher
I20260912 09:38:20.435793 138296999012032 sift.cc:1686] Creating SIFT CPU feature matcher
I20260912 09:38:20.435820 138297107986112 sift.cc:1686] Creating SIFT CPU feature matcher
I20260912 09:38:20.435833 138297007404736 sift.cc:1686] Creating SIFT CPU feature matcher
I20260912 09:38:20.435804 138296151742144 sift.cc:1686] Creating SIFT CPU feature matcher
I20260912 09:38:20.435871 138296854312640 sift.cc:1686] Creating SIFT CPU feature matcher
I20260912 09:38:20.435882 138296845919936 sift.cc:1686] Creating SIFT CPU feature matcher
I20260912 09:38:20.435821 138297124771520 sift.cc:1686] Creating SIFT CPU feature matcher
I20260912 09:38:20.435950 138296837527232 sift.cc:1686] Creating SIFT CPU feature matcher
I20260912 09:38:20.435977 138296820741824 sift.cc:1686] Creating SIFT CPU feature matcher
I20260912 09:38:20.435979 138296738969280 sift.cc:1686] Creating SIFT CPU feature matcher
I20260912 09:38:20.436002 138296722183872 sift.cc:1686] Creating SIFT CPU feature matcher
I20260912 09:38:20.436030 138296713791168 sift.cc:1686] Creating SIFT CPU feature matcher
I20260912 09:38:20.435786 138297133164224 sift.cc:1686] Creating SIFT CPU feature matcher
I20260912 09:38:20.436086 138296730576576 sift.cc:1686] Creating SIFT CPU feature matcher
I20260912 09:38:20.436098 138296829134528 sift.cc:1686] Creating SIFT CPU feature matcher
I20260912 09:38:20.436136 138296596358848 sift.cc:1686] Creating SIFT CPU feature matcher
I20260912 09:38:20.436228 138296705398464 sift.cc:1686] Creating SIFT CPU feature matcher
I20260912 09:38:20.436229 138296697005760 sift.cc:1686] Creating SIFT CPU feature matcher
I20260912 09:38:20.436232 138296604751552 sift.cc:1686] Creating SIFT CPU feature matcher
I20260912 09:38:20.436909 138296688613056 pairing.cc:179] Generating exhaustive image pairs...
I20260912 09:38:20.436924 138296688613056 pairing.cc:212] Processing block [1/1, 1/1]
I20260912 09:38:20.487344 138296688613056 feature_matching.cc:218] in 0.050s
I20260912 09:38:20.487372 138296688613056 timer.cc:90] Elapsed time: 0.001 [minutes]
I20260912 09:38:20.540341 138302704840832 incremental_pipeline.cc:353] Loading database
I20260912 09:38:20.540392 138302704840832 database_cache.cc:73] Loading rigs...
I20260912 09:38:20.540417 138302704840832 database_cache.cc:83]  6 in 0.000s
I20260912 09:38:20.540426 138302704840832 database_cache.cc:91] Loading cameras...
I20260912 09:38:20.540438 138302704840832 database_cache.cc:109]  6 in 0.000s
I20260912 09:38:20.540441 138302704840832 database_cache.cc:117] Loading frames...
I20260912 09:38:20.540467 138302704840832 database_cache.cc:127]  6 in 0.000s
I20260912 09:38:20.540470 138302704840832 database_cache.cc:135] Loading matches...
I20260912 09:38:20.540485 138302704840832 database_cache.cc:140]  2 in 0.000s
I20260912 09:38:20.540488 138302704840832 database_cache.cc:148] Loading images...
I20260912 09:38:20.540690 138302704840832 database_cache.cc:245]  6 in 0.000s (connected 4, loaded 4)
I20260912 09:38:20.540694 138302704840832 database_cache.cc:259] Loading pose priors...
I20260912 09:38:20.540700 138302704840832 database_cache.cc:267]  0 in 0.000s
I20260912 09:38:20.540709 138302704840832 database_cache.cc:275] Building correspondence graph...
I20260912 09:38:20.540757 138302704840832 database_cache.cc:304]  in 0.000s (ignored 0)
I20260912 09:38:20.540761 138302704840832 timer.cc:90] Elapsed time: 0.000 [minutes]
I20260912 09:38:20.540824 138302704840832 incremental_pipeline.cc:465] Finding good initial image pair
I20260912 09:38:20.541997 138302704840832 incremental_pipeline.cc:472] => No good initial image pair found.
I20260912 09:38:20.542007 138302704840832 incremental_pipeline.cc:800] Discarding reconstruction due to no initial pair
I20260912 09:38:20.542024 138302704840832 incremental_pipeline.cc:429] => Relaxing the initialization constraints.
I20260912 09:38:20.542067 138302704840832 incremental_pipeline.cc:465] Finding good initial image pair
I20260912 09:38:20.543086 138302704840832 incremental_pipeline.cc:472] => No good initial image pair found.
I20260912 09:38:20.543091 138302704840832 incremental_pipeline.cc:800] Discarding reconstruction due to no initial pair
I20260912 09:38:20.543101 138302704840832 incremental_pipeline.cc:442] => Relaxing the initialization constraints.
I20260912 09:38:20.543131 138302704840832 incremental_pipeline.cc:465] Finding good initial image pair
I20260912 09:38:20.544339 138302704840832 incremental_pipeline.cc:472] => No good initial image pair found.
I20260912 09:38:20.544344 138302704840832 incremental_pipeline.cc:800] Discarding reconstruction due to no initial pair
I20260912 09:38:20.544354 138302704840832 incremental_pipeline.cc:429] => Relaxing the initialization constraints.
I20260912 09:38:20.544383 138302704840832 incremental_pipeline.cc:465] Finding good initial image pair
I20260912 09:38:20.547317 138302704840832 incremental_pipeline.cc:492] Registering initial image pair #1 and #5
I20260912 09:38:20.547361 138302704840832 incremental_pipeline.cc:791] Discarding reconstruction due to bad initial pair
I20260912 09:38:20.547393 138302704840832 incremental_pipeline.cc:465] Finding good initial image pair
I20260912 09:38:20.548302 138302704840832 incremental_pipeline.cc:472] => No good initial image pair found.
I20260912 09:38:20.548304 138302704840832 incremental_pipeline.cc:800] Discarding reconstruction due to no initial pair
I20260912 09:38:20.548309 138302704840832 incremental_pipeline.cc:442] => Relaxing the initialization constraints.
I20260912 09:38:20.548321 138302704840832 incremental_pipeline.cc:465] Finding good initial image pair
I20260912 09:38:20.551440 138302704840832 incremental_pipeline.cc:492] Registering initial image pair #1 and #5
I20260912 09:38:20.551479 138302704840832 incremental_pipeline.cc:791] Discarding reconstruction due to bad initial pair
I20260912 09:38:20.551508 138302704840832 incremental_pipeline.cc:465] Finding good initial image pair
I20260912 09:38:20.552085 138302704840832 incremental_pipeline.cc:472] => No good initial image pair found.
I20260912 09:38:20.552087 138302704840832 incremental_pipeline.cc:800] Discarding reconstruction due to no initial pair
I20260912 09:38:20.552095 138302704840832 timer.cc:90] Elapsed time: 0.000 [minutes]
E20260912 09:38:20.552099 138302704840832 sfm.cc:310] Failed to create any sparse model
[9/40] bowl/69_5465_12831  registered 0/6  FAILED  (0.4s)
W20260912 09:38:20.676291 138302704840832 feature_extraction.cc:445] Your current options use the maximum number of threads on the machine to extract features. Extracting SIFT features on the CPU can consume a lot of RAM per thread for large images. Consider reducing the maximum image size and/or the first octave or manually limit the number of extraction threads. Ignore this warning, if your machine has sufficient memory for the current settings.
I20260912 09:38:20.676483 138296688613056 feature_extraction.cc:498] === Feature extraction ===
I20260912 09:38:20.676974 138296462141120 sift.cc:765] Creating SIFT CPU feature extractor
I20260912 09:38:20.677002 138296470533824 sift.cc:765] Creating SIFT CPU feature extractor
I20260912 09:38:20.677020 138296453748416 sift.cc:765] Creating SIFT CPU feature extractor
I20260912 09:38:20.677025 138296436963008 sift.cc:765] Creating SIFT CPU feature extractor
I20260912 09:38:20.677035 138296562788032 sift.cc:765] Creating SIFT CPU feature extractor
I20260912 09:38:20.677049 138296554395328 sift.cc:765] Creating SIFT CPU feature extractor
I20260912 09:38:20.677058 138296428570304 sift.cc:765] Creating SIFT CPU feature extractor
I20260912 09:38:20.677103 138296336316096 sift.cc:765] Creating SIFT CPU feature extractor
I20260912 09:38:20.677105 138296327923392 sift.cc:765] Creating SIFT CPU feature extractor
I20260912 09:38:20.677118 138296311137984 sift.cc:765] Creating SIFT CPU feature extractor
I20260912 09:38:20.677059 138296420177600 sift.cc:765] Creating SIFT CPU feature extractor
I20260912 09:38:20.677164 138296302745280 sift.cc:765] Creating SIFT CPU feature extractor
I20260912 09:38:20.677171 138296294352576 sift.cc:765] Creating SIFT CPU feature extractor
I20260912 09:38:20.677184 138296285959872 sift.cc:765] Creating SIFT CPU feature extractor
I20260912 09:38:20.677207 138296445355712 sift.cc:765] Creating SIFT CPU feature extractor
I20260912 09:38:20.677225 138296202098368 sift.cc:765] Creating SIFT CPU feature extractor
I20260912 09:38:20.677231 138296185312960 sift.cc:765] Creating SIFT CPU feature extractor
I20260912 09:38:20.677235 138296176920256 sift.cc:765] Creating SIFT CPU feature extractor
I20260912 09:38:20.677227 138296319530688 sift.cc:765] Creating SIFT CPU feature extractor
I20260912 09:38:20.677254 138295933662912 sift.cc:765] Creating SIFT CPU feature extractor
I20260912 09:38:20.677233 138296193705664 sift.cc:765] Creating SIFT CPU feature extractor
I20260912 09:38:20.677281 138296160134848 sift.cc:765] Creating SIFT CPU feature extractor
I20260912 09:38:20.677284 138296151742144 sift.cc:765] Creating SIFT CPU feature extractor
I20260912 09:38:20.677311 138296168527552 sift.cc:765] Creating SIFT CPU feature extractor
I20260912 09:38:20.843149 138295925270208 feature_extraction.cc:270] Processed file [1/6]
I20260912 09:38:20.843211 138295925270208 feature_extraction.cc:273]   Name:            image_2.png
I20260912 09:38:20.843217 138295925270208 feature_extraction.cc:282]   Dimensions:      518 x 518
I20260912 09:38:20.843220 138295925270208 feature_extraction.cc:285]   Camera:          #2 - PINHOLE
I20260912 09:38:20.843224 138295925270208 feature_extraction.cc:289]   Focal Length:    479.16px (Prior)
I20260912 09:38:20.843235 138295925270208 feature_extraction.cc:294]   Features:        1013 (SIFT)
I20260912 09:38:20.846938 138295925270208 feature_extraction.cc:270] Processed file [2/6]
I20260912 09:38:20.846957 138295925270208 feature_extraction.cc:273]   Name:            image_1.png
I20260912 09:38:20.846961 138295925270208 feature_extraction.cc:282]   Dimensions:      518 x 518
I20260912 09:38:20.846964 138295925270208 feature_extraction.cc:285]   Camera:          #1 - PINHOLE
I20260912 09:38:20.846967 138295925270208 feature_extraction.cc:289]   Focal Length:    479.16px (Prior)
I20260912 09:38:20.846974 138295925270208 feature_extraction.cc:294]   Features:        1155 (SIFT)
I20260912 09:38:20.855027 138295925270208 feature_extraction.cc:270] Processed file [3/6]
I20260912 09:38:20.855049 138295925270208 feature_extraction.cc:273]   Name:            image_3.png
I20260912 09:38:20.855054 138295925270208 feature_extraction.cc:282]   Dimensions:      518 x 518
I20260912 09:38:20.855057 138295925270208 feature_extraction.cc:285]   Camera:          #3 - PINHOLE
I20260912 09:38:20.855060 138295925270208 feature_extraction.cc:289]   Focal Length:    479.16px (Prior)
I20260912 09:38:20.855066 138295925270208 feature_extraction.cc:294]   Features:        1198 (SIFT)
I20260912 09:38:20.859946 138295925270208 feature_extraction.cc:270] Processed file [4/6]
I20260912 09:38:20.859965 138295925270208 feature_extraction.cc:273]   Name:            image_4.png
I20260912 09:38:20.859970 138295925270208 feature_extraction.cc:282]   Dimensions:      518 x 518
I20260912 09:38:20.859973 138295925270208 feature_extraction.cc:285]   Camera:          #4 - PINHOLE
I20260912 09:38:20.859976 138295925270208 feature_extraction.cc:289]   Focal Length:    479.16px (Prior)
I20260912 09:38:20.859994 138295925270208 feature_extraction.cc:294]   Features:        1323 (SIFT)
I20260912 09:38:20.864327 138295925270208 feature_extraction.cc:270] Processed file [5/6]
I20260912 09:38:20.864346 138295925270208 feature_extraction.cc:273]   Name:            image_6.png
I20260912 09:38:20.864350 138295925270208 feature_extraction.cc:282]   Dimensions:      518 x 518
I20260912 09:38:20.864353 138295925270208 feature_extraction.cc:285]   Camera:          #6 - PINHOLE
I20260912 09:38:20.864356 138295925270208 feature_extraction.cc:289]   Focal Length:    479.16px (Prior)
I20260912 09:38:20.864362 138295925270208 feature_extraction.cc:294]   Features:        1146 (SIFT)
I20260912 09:38:20.867584 138295925270208 feature_extraction.cc:270] Processed file [6/6]
I20260912 09:38:20.867603 138295925270208 feature_extraction.cc:273]   Name:            image_5.png
I20260912 09:38:20.867607 138295925270208 feature_extraction.cc:282]   Dimensions:      518 x 518
I20260912 09:38:20.867610 138295925270208 feature_extraction.cc:285]   Camera:          #5 - PINHOLE
I20260912 09:38:20.867613 138295925270208 feature_extraction.cc:289]   Focal Length:    479.16px (Prior)
I20260912 09:38:20.867619 138295925270208 feature_extraction.cc:294]   Features:        1297 (SIFT)
I20260912 09:38:20.868969 138296688613056 timer.cc:90] Elapsed time: 0.003 [minutes]
I20260912 09:38:20.881569 138296688613056 feature_matching.cc:196] === Feature matching & geometric verification ===
I20260912 09:38:20.881769 138295933662912 sift.cc:1686] Creating SIFT CPU feature matcher
I20260912 09:38:20.881828 138297115330240 sift.cc:1686] Creating SIFT CPU feature matcher
I20260912 09:38:20.881838 138296151742144 sift.cc:1686] Creating SIFT CPU feature matcher
I20260912 09:38:20.881773 138295925270208 sift.cc:1686] Creating SIFT CPU feature matcher
I20260912 09:38:20.881863 138297123722944 sift.cc:1686] Creating SIFT CPU feature matcher
I20260912 09:38:20.881865 138297106937536 sift.cc:1686] Creating SIFT CPU feature matcher
I20260912 09:38:20.881900 138297132115648 sift.cc:1686] Creating SIFT CPU feature matcher
I20260912 09:38:20.881930 138297007404736 sift.cc:1686] Creating SIFT CPU feature matcher
I20260912 09:38:20.881949 138297098544832 sift.cc:1686] Creating SIFT CPU feature matcher
I20260912 09:38:20.881972 138296999012032 sift.cc:1686] Creating SIFT CPU feature matcher
I20260912 09:38:20.881986 138296854312640 sift.cc:1686] Creating SIFT CPU feature matcher
I20260912 09:38:20.882012 138296845919936 sift.cc:1686] Creating SIFT CPU feature matcher
I20260912 09:38:20.882039 138296837527232 sift.cc:1686] Creating SIFT CPU feature matcher
I20260912 09:38:20.882062 138296829134528 sift.cc:1686] Creating SIFT CPU feature matcher
I20260912 09:38:20.882061 138297090152128 sift.cc:1686] Creating SIFT CPU feature matcher
I20260912 09:38:20.882100 138296820741824 sift.cc:1686] Creating SIFT CPU feature matcher
I20260912 09:38:20.882156 138296730576576 sift.cc:1686] Creating SIFT CPU feature matcher
I20260912 09:38:20.882188 138296722183872 sift.cc:1686] Creating SIFT CPU feature matcher
I20260912 09:38:20.882214 138296713791168 sift.cc:1686] Creating SIFT CPU feature matcher
I20260912 09:38:20.882241 138296705398464 sift.cc:1686] Creating SIFT CPU feature matcher
I20260912 09:38:20.882267 138296738969280 sift.cc:1686] Creating SIFT CPU feature matcher
I20260912 09:38:20.882273 138296697005760 sift.cc:1686] Creating SIFT CPU feature matcher
I20260912 09:38:20.882294 138296604751552 sift.cc:1686] Creating SIFT CPU feature matcher
I20260912 09:38:20.882358 138296596358848 sift.cc:1686] Creating SIFT CPU feature matcher
I20260912 09:38:20.883069 138296688613056 pairing.cc:179] Generating exhaustive image pairs...
I20260912 09:38:20.883083 138296688613056 pairing.cc:212] Processing block [1/1, 1/1]
I20260912 09:38:20.910908 138296688613056 feature_matching.cc:218] in 0.028s
I20260912 09:38:20.910926 138296688613056 timer.cc:90] Elapsed time: 0.000 [minutes]
I20260912 09:38:20.936802 138302704840832 incremental_pipeline.cc:353] Loading database
I20260912 09:38:20.936846 138302704840832 database_cache.cc:73] Loading rigs...
I20260912 09:38:20.936870 138302704840832 database_cache.cc:83]  6 in 0.000s
I20260912 09:38:20.936877 138302704840832 database_cache.cc:91] Loading cameras...
I20260912 09:38:20.936888 138302704840832 database_cache.cc:109]  6 in 0.000s
I20260912 09:38:20.936891 138302704840832 database_cache.cc:117] Loading frames...
I20260912 09:38:20.936914 138302704840832 database_cache.cc:127]  6 in 0.000s
I20260912 09:38:20.936917 138302704840832 database_cache.cc:135] Loading matches...
I20260912 09:38:20.936926 138302704840832 database_cache.cc:140]  0 in 0.000s
I20260912 09:38:20.936929 138302704840832 database_cache.cc:148] Loading images...
I20260912 09:38:20.936953 138302704840832 database_cache.cc:245]  6 in 0.000s (connected 0, loaded 0)
I20260912 09:38:20.936956 138302704840832 database_cache.cc:259] Loading pose priors...
I20260912 09:38:20.936961 138302704840832 database_cache.cc:267]  0 in 0.000s
I20260912 09:38:20.936964 138302704840832 database_cache.cc:275] Building correspondence graph...
I20260912 09:38:20.936967 138302704840832 database_cache.cc:304]  in 0.000s (ignored 0)
I20260912 09:38:20.936970 138302704840832 timer.cc:90] Elapsed time: 0.000 [minutes]
W20260912 09:38:20.936976 138302704840832 incremental_pipeline.cc:390] No images with matches
E20260912 09:38:20.936981 138302704840832 sfm.cc:310] Failed to create any sparse model
[10/40] bowl/70_5792_13401  registered 0/6  FAILED  (0.3s)
W20260912 09:38:21.123361 138302704840832 feature_extraction.cc:445] Your current options use the maximum number of threads on the machine to extract features. Extracting SIFT features on the CPU can consume a lot of RAM per thread for large images. Consider reducing the maximum image size and/or the first octave or manually limit the number of extraction threads. Ignore this warning, if your machine has sufficient memory for the current settings.
I20260912 09:38:21.123543 138296168527552 feature_extraction.cc:498] === Feature extraction ===
I20260912 09:38:21.124035 138296596358848 sift.cc:765] Creating SIFT CPU feature extractor
I20260912 09:38:21.124037 138296587966144 sift.cc:765] Creating SIFT CPU feature extractor
I20260912 09:38:21.124047 138296579573440 sift.cc:765] Creating SIFT CPU feature extractor
I20260912 09:38:21.124049 138296554395328 sift.cc:765] Creating SIFT CPU feature extractor
I20260912 09:38:21.124040 138296571180736 sift.cc:765] Creating SIFT CPU feature extractor
I20260912 09:38:21.124085 138296562788032 sift.cc:765] Creating SIFT CPU feature extractor
I20260912 09:38:21.124087 138296470533824 sift.cc:765] Creating SIFT CPU feature extractor
I20260912 09:38:21.124101 138296453748416 sift.cc:765] Creating SIFT CPU feature extractor
I20260912 09:38:21.124119 138296445355712 sift.cc:765] Creating SIFT CPU feature extractor
I20260912 09:38:21.124135 138296436963008 sift.cc:765] Creating SIFT CPU feature extractor
I20260912 09:38:21.124170 138296420177600 sift.cc:765] Creating SIFT CPU feature extractor
I20260912 09:38:21.124218 138296319530688 sift.cc:765] Creating SIFT CPU feature extractor
I20260912 09:38:21.124237 138296462141120 sift.cc:765] Creating SIFT CPU feature extractor
I20260912 09:38:21.124260 138296311137984 sift.cc:765] Creating SIFT CPU feature extractor
I20260912 09:38:21.124304 138296294352576 sift.cc:765] Creating SIFT CPU feature extractor
I20260912 09:38:21.124308 138296302745280 sift.cc:765] Creating SIFT CPU feature extractor
I20260912 09:38:21.124312 138296336316096 sift.cc:765] Creating SIFT CPU feature extractor
I20260912 09:38:21.124309 138296160134848 sift.cc:765] Creating SIFT CPU feature extractor
I20260912 09:38:21.124309 138296285959872 sift.cc:765] Creating SIFT CPU feature extractor
I20260912 09:38:21.124310 138296327923392 sift.cc:765] Creating SIFT CPU feature extractor
I20260912 09:38:21.124351 138295933662912 sift.cc:765] Creating SIFT CPU feature extractor
I20260912 09:38:21.124365 138296202098368 sift.cc:765] Creating SIFT CPU feature extractor
I20260912 09:38:21.124316 138296428570304 sift.cc:765] Creating SIFT CPU feature extractor
I20260912 09:38:21.124311 138296151742144 sift.cc:765] Creating SIFT CPU feature extractor
I20260912 09:38:21.304113 138295925270208 feature_extraction.cc:270] Processed file [1/6]
I20260912 09:38:21.304169 138295925270208 feature_extraction.cc:273]   Name:            image_2.png
I20260912 09:38:21.304174 138295925270208 feature_extraction.cc:282]   Dimensions:      518 x 518
I20260912 09:38:21.304177 138295925270208 feature_extraction.cc:285]   Camera:          #2 - PINHOLE
I20260912 09:38:21.304181 138295925270208 feature_extraction.cc:289]   Focal Length:    486.04px (Prior)
I20260912 09:38:21.304192 138295925270208 feature_extraction.cc:294]   Features:        1273 (SIFT)
I20260912 09:38:21.364206 138295925270208 feature_extraction.cc:270] Processed file [2/6]
I20260912 09:38:21.364265 138295925270208 feature_extraction.cc:273]   Name:            image_1.png
I20260912 09:38:21.364270 138295925270208 feature_extraction.cc:282]   Dimensions:      518 x 518
I20260912 09:38:21.364273 138295925270208 feature_extraction.cc:285]   Camera:          #1 - PINHOLE
I20260912 09:38:21.364277 138295925270208 feature_extraction.cc:289]   Focal Length:    486.04px (Prior)
I20260912 09:38:21.364288 138295925270208 feature_extraction.cc:294]   Features:        3261 (SIFT)
I20260912 09:38:21.379105 138295925270208 feature_extraction.cc:270] Processed file [3/6]
I20260912 09:38:21.379131 138295925270208 feature_extraction.cc:273]   Name:            image_3.png
I20260912 09:38:21.379135 138295925270208 feature_extraction.cc:282]   Dimensions:      518 x 518
I20260912 09:38:21.379138 138295925270208 feature_extraction.cc:285]   Camera:          #3 - PINHOLE
I20260912 09:38:21.379142 138295925270208 feature_extraction.cc:289]   Focal Length:    486.04px (Prior)
I20260912 09:38:21.379152 138295925270208 feature_extraction.cc:294]   Features:        3572 (SIFT)
I20260912 09:38:21.386111 138295925270208 feature_extraction.cc:270] Processed file [4/6]
I20260912 09:38:21.386126 138295925270208 feature_extraction.cc:273]   Name:            image_6.png
I20260912 09:38:21.386129 138295925270208 feature_extraction.cc:282]   Dimensions:      518 x 518
I20260912 09:38:21.386130 138295925270208 feature_extraction.cc:285]   Camera:          #6 - PINHOLE
I20260912 09:38:21.386132 138295925270208 feature_extraction.cc:289]   Focal Length:    486.04px (Prior)
I20260912 09:38:21.386136 138295925270208 feature_extraction.cc:294]   Features:        3449 (SIFT)
I20260912 09:38:21.391098 138295925270208 feature_extraction.cc:270] Processed file [5/6]
I20260912 09:38:21.391111 138295925270208 feature_extraction.cc:273]   Name:            image_4.png
I20260912 09:38:21.391113 138295925270208 feature_extraction.cc:282]   Dimensions:      518 x 518
I20260912 09:38:21.391114 138295925270208 feature_extraction.cc:285]   Camera:          #4 - PINHOLE
I20260912 09:38:21.391116 138295925270208 feature_extraction.cc:289]   Focal Length:    486.04px (Prior)
I20260912 09:38:21.391123 138295925270208 feature_extraction.cc:294]   Features:        3766 (SIFT)
I20260912 09:38:21.393195 138295925270208 feature_extraction.cc:270] Processed file [6/6]
I20260912 09:38:21.393207 138295925270208 feature_extraction.cc:273]   Name:            image_5.png
I20260912 09:38:21.393209 138295925270208 feature_extraction.cc:282]   Dimensions:      518 x 518
I20260912 09:38:21.393212 138295925270208 feature_extraction.cc:285]   Camera:          #5 - PINHOLE
I20260912 09:38:21.393213 138295925270208 feature_extraction.cc:289]   Focal Length:    486.04px (Prior)
I20260912 09:38:21.393216 138295925270208 feature_extraction.cc:294]   Features:        3741 (SIFT)
I20260912 09:38:21.394175 138296168527552 timer.cc:90] Elapsed time: 0.005 [minutes]
I20260912 09:38:21.428376 138296168527552 feature_matching.cc:196] === Feature matching & geometric verification ===
I20260912 09:38:21.428610 138295933662912 sift.cc:1686] Creating SIFT CPU feature matcher
I20260912 09:38:21.428630 138296151742144 sift.cc:1686] Creating SIFT CPU feature matcher
I20260912 09:38:21.428639 138297123722944 sift.cc:1686] Creating SIFT CPU feature matcher
I20260912 09:38:21.428727 138297098544832 sift.cc:1686] Creating SIFT CPU feature matcher
I20260912 09:38:21.428736 138295925270208 sift.cc:1686] Creating SIFT CPU feature matcher
I20260912 09:38:21.428737 138297106937536 sift.cc:1686] Creating SIFT CPU feature matcher
I20260912 09:38:21.428735 138297090152128 sift.cc:1686] Creating SIFT CPU feature matcher
I20260912 09:38:21.428811 138296854312640 sift.cc:1686] Creating SIFT CPU feature matcher
I20260912 09:38:21.428824 138297007404736 sift.cc:1686] Creating SIFT CPU feature matcher
I20260912 09:38:21.428651 138297115330240 sift.cc:1686] Creating SIFT CPU feature matcher
I20260912 09:38:21.428861 138297132115648 sift.cc:1686] Creating SIFT CPU feature matcher
I20260912 09:38:21.428907 138296999012032 sift.cc:1686] Creating SIFT CPU feature matcher
I20260912 09:38:21.428939 138296820741824 sift.cc:1686] Creating SIFT CPU feature matcher
I20260912 09:38:21.428953 138296738969280 sift.cc:1686] Creating SIFT CPU feature matcher
I20260912 09:38:21.428987 138296845919936 sift.cc:1686] Creating SIFT CPU feature matcher
I20260912 09:38:21.428990 138296837527232 sift.cc:1686] Creating SIFT CPU feature matcher
I20260912 09:38:21.429044 138296713791168 sift.cc:1686] Creating SIFT CPU feature matcher
I20260912 09:38:21.429078 138296829134528 sift.cc:1686] Creating SIFT CPU feature matcher
I20260912 09:38:21.429090 138296730576576 sift.cc:1686] Creating SIFT CPU feature matcher
I20260912 09:38:21.429120 138296688613056 sift.cc:1686] Creating SIFT CPU feature matcher
I20260912 09:38:21.429129 138296722183872 sift.cc:1686] Creating SIFT CPU feature matcher
I20260912 09:38:21.429130 138296705398464 sift.cc:1686] Creating SIFT CPU feature matcher
I20260912 09:38:21.429271 138296697005760 sift.cc:1686] Creating SIFT CPU feature matcher
I20260912 09:38:21.429322 138296604751552 sift.cc:1686] Creating SIFT CPU feature matcher
I20260912 09:38:21.429899 138296168527552 pairing.cc:179] Generating exhaustive image pairs...
I20260912 09:38:21.429913 138296168527552 pairing.cc:212] Processing block [1/1, 1/1]
I20260912 09:38:21.516481 138296168527552 feature_matching.cc:218] in 0.087s
I20260912 09:38:21.516514 138296168527552 timer.cc:90] Elapsed time: 0.001 [minutes]
I20260912 09:38:21.532328 138302704840832 incremental_pipeline.cc:353] Loading database
I20260912 09:38:21.532368 138302704840832 database_cache.cc:73] Loading rigs...
I20260912 09:38:21.532391 138302704840832 database_cache.cc:83]  6 in 0.000s
I20260912 09:38:21.532398 138302704840832 database_cache.cc:91] Loading cameras...
I20260912 09:38:21.532410 138302704840832 database_cache.cc:109]  6 in 0.000s
I20260912 09:38:21.532413 138302704840832 database_cache.cc:117] Loading frames...
I20260912 09:38:21.532436 138302704840832 database_cache.cc:127]  6 in 0.000s
I20260912 09:38:21.532439 138302704840832 database_cache.cc:135] Loading matches...
I20260912 09:38:21.532481 138302704840832 database_cache.cc:140]  12 in 0.000s
I20260912 09:38:21.532485 138302704840832 database_cache.cc:148] Loading images...
I20260912 09:38:21.532935 138302704840832 database_cache.cc:245]  6 in 0.000s (connected 6, loaded 6)
I20260912 09:38:21.532941 138302704840832 database_cache.cc:259] Loading pose priors...
I20260912 09:38:21.532946 138302704840832 database_cache.cc:267]  0 in 0.000s
I20260912 09:38:21.532949 138302704840832 database_cache.cc:275] Building correspondence graph...
I20260912 09:38:21.533330 138302704840832 database_cache.cc:304]  in 0.000s (ignored 0)
I20260912 09:38:21.533335 138302704840832 timer.cc:90] Elapsed time: 0.000 [minutes]
I20260912 09:38:21.533427 138302704840832 incremental_pipeline.cc:465] Finding good initial image pair
I20260912 09:38:21.544689 138302704840832 incremental_pipeline.cc:492] Registering initial image pair #2 and #4
I20260912 09:38:21.545107 138302704840832 incremental_pipeline.cc:510] Global bundle adjustment
I20260912 09:38:21.553508 138302704840832 incremental_pipeline.cc:620] Registering image #5 (num_reg_frames=2)
I20260912 09:38:21.553514 138302704840832 incremental_pipeline.cc:623] => Image sees 62 / 303 points
I20260912 09:38:21.557981 138302704840832 incremental_pipeline.cc:88] Retriangulation and Global bundle adjustment
I20260912 09:38:21.565421 138302704840832 incremental_pipeline.cc:620] Registering image #3 (num_reg_frames=3)
I20260912 09:38:21.565426 138302704840832 incremental_pipeline.cc:623] => Image sees 46 / 324 points
I20260912 09:38:21.568727 138302704840832 incremental_pipeline.cc:88] Retriangulation and Global bundle adjustment
I20260912 09:38:21.595249 138302704840832 incremental_pipeline.cc:88] Retriangulation and Global bundle adjustment
I20260912 09:38:21.601233 138302704840832 incremental_pipeline.cc:826] Keeping successful reconstruction
I20260912 09:38:21.601710 138302704840832 incremental_pipeline.cc:465] Finding good initial image pair
I20260912 09:38:21.602432 138302704840832 incremental_pipeline.cc:472] => No good initial image pair found.
I20260912 09:38:21.602435 138302704840832 incremental_pipeline.cc:800] Discarding reconstruction due to no initial pair
I20260912 09:38:21.602442 138302704840832 incremental_pipeline.cc:429] => Relaxing the initialization constraints.
I20260912 09:38:21.602475 138302704840832 incremental_pipeline.cc:465] Finding good initial image pair
I20260912 09:38:21.603181 138302704840832 incremental_pipeline.cc:472] => No good initial image pair found.
I20260912 09:38:21.603184 138302704840832 incremental_pipeline.cc:800] Discarding reconstruction due to no initial pair
I20260912 09:38:21.603189 138302704840832 incremental_pipeline.cc:442] => Relaxing the initialization constraints.
I20260912 09:38:21.603214 138302704840832 incremental_pipeline.cc:465] Finding good initial image pair
I20260912 09:38:21.603626 138302704840832 incremental_pipeline.cc:472] => No good initial image pair found.
I20260912 09:38:21.603628 138302704840832 incremental_pipeline.cc:800] Discarding reconstruction due to no initial pair
I20260912 09:38:21.603635 138302704840832 incremental_pipeline.cc:429] => Relaxing the initialization constraints.
I20260912 09:38:21.603658 138302704840832 incremental_pipeline.cc:465] Finding good initial image pair
I20260912 09:38:21.604064 138302704840832 incremental_pipeline.cc:472] => No good initial image pair found.
I20260912 09:38:21.604066 138302704840832 incremental_pipeline.cc:800] Discarding reconstruction due to no initial pair
I20260912 09:38:21.604071 138302704840832 incremental_pipeline.cc:442] => Relaxing the initialization constraints.
I20260912 09:38:21.604094 138302704840832 incremental_pipeline.cc:465] Finding good initial image pair
I20260912 09:38:21.604485 138302704840832 incremental_pipeline.cc:472] => No good initial image pair found.
I20260912 09:38:21.604487 138302704840832 incremental_pipeline.cc:800] Discarding reconstruction due to no initial pair
I20260912 09:38:21.604494 138302704840832 timer.cc:90] Elapsed time: 0.001 [minutes]
[11/40] broccoli/372_41112_81867  registered 4/6  arm 3.70 deg -> refined 59.33 deg  (0.5s)
W20260912 09:38:21.687296 138302704840832 feature_extraction.cc:445] Your current options use the maximum number of threads on the machine to extract features. Extracting SIFT features on the CPU can consume a lot of RAM per thread for large images. Consider reducing the maximum image size and/or the first octave or manually limit the number of extraction threads. Ignore this warning, if your machine has sufficient memory for the current settings.
I20260912 09:38:21.687461 138296579573440 feature_extraction.cc:498] === Feature extraction ===
I20260912 09:38:21.687898 138296562788032 sift.cc:765] Creating SIFT CPU feature extractor
I20260912 09:38:21.687909 138296554395328 sift.cc:765] Creating SIFT CPU feature extractor
I20260912 09:38:21.687965 138296462141120 sift.cc:765] Creating SIFT CPU feature extractor
I20260912 09:38:21.687968 138296445355712 sift.cc:765] Creating SIFT CPU feature extractor
I20260912 09:38:21.687986 138296436963008 sift.cc:765] Creating SIFT CPU feature extractor
I20260912 09:38:21.688006 138296453748416 sift.cc:765] Creating SIFT CPU feature extractor
I20260912 09:38:21.688009 138296470533824 sift.cc:765] Creating SIFT CPU feature extractor
I20260912 09:38:21.688037 138296327923392 sift.cc:765] Creating SIFT CPU feature extractor
I20260912 09:38:21.688064 138296420177600 sift.cc:765] Creating SIFT CPU feature extractor
I20260912 09:38:21.688074 138296302745280 sift.cc:765] Creating SIFT CPU feature extractor
I20260912 09:38:21.688089 138296285959872 sift.cc:765] Creating SIFT CPU feature extractor
I20260912 09:38:21.688124 138296311137984 sift.cc:765] Creating SIFT CPU feature extractor
I20260912 09:38:21.688174 138296168527552 sift.cc:765] Creating SIFT CPU feature extractor
I20260912 09:38:21.688174 138296336316096 sift.cc:765] Creating SIFT CPU feature extractor
I20260912 09:38:21.688175 138296193705664 sift.cc:765] Creating SIFT CPU feature extractor
I20260912 09:38:21.688192 138296151742144 sift.cc:765] Creating SIFT CPU feature extractor
I20260912 09:38:21.688174 138296428570304 sift.cc:765] Creating SIFT CPU feature extractor
I20260912 09:38:21.688226 138295933662912 sift.cc:765] Creating SIFT CPU feature extractor
I20260912 09:38:21.688235 138296202098368 sift.cc:765] Creating SIFT CPU feature extractor
I20260912 09:38:21.688238 138296294352576 sift.cc:765] Creating SIFT CPU feature extractor
I20260912 09:38:21.688235 138296176920256 sift.cc:765] Creating SIFT CPU feature extractor
I20260912 09:38:21.688237 138296319530688 sift.cc:765] Creating SIFT CPU feature extractor
I20260912 09:38:21.688237 138296185312960 sift.cc:765] Creating SIFT CPU feature extractor
I20260912 09:38:21.688288 138296160134848 sift.cc:765] Creating SIFT CPU feature extractor
I20260912 09:38:21.843291 138295925270208 feature_extraction.cc:270] Processed file [1/6]
I20260912 09:38:21.843354 138295925270208 feature_extraction.cc:273]   Name:            image_1.png
I20260912 09:38:21.843358 138295925270208 feature_extraction.cc:282]   Dimensions:      518 x 518
I20260912 09:38:21.843361 138295925270208 feature_extraction.cc:285]   Camera:          #1 - PINHOLE
I20260912 09:38:21.843366 138295925270208 feature_extraction.cc:289]   Focal Length:    453.37px (Prior)
I20260912 09:38:21.843381 138295925270208 feature_extraction.cc:294]   Features:        723 (SIFT)
I20260912 09:38:21.855005 138295925270208 feature_extraction.cc:270] Processed file [2/6]
I20260912 09:38:21.855033 138295925270208 feature_extraction.cc:273]   Name:            image_5.png
I20260912 09:38:21.855039 138295925270208 feature_extraction.cc:282]   Dimensions:      518 x 518
I20260912 09:38:21.855043 138295925270208 feature_extraction.cc:285]   Camera:          #5 - PINHOLE
I20260912 09:38:21.855047 138295925270208 feature_extraction.cc:289]   Focal Length:    453.37px (Prior)
I20260912 09:38:21.855055 138295925270208 feature_extraction.cc:294]   Features:        768 (SIFT)
I20260912 09:38:21.855866 138295925270208 feature_extraction.cc:270] Processed file [3/6]
I20260912 09:38:21.855884 138295925270208 feature_extraction.cc:273]   Name:            image_2.png
I20260912 09:38:21.855895 138295925270208 feature_extraction.cc:282]   Dimensions:      518 x 518
I20260912 09:38:21.855899 138295925270208 feature_extraction.cc:285]   Camera:          #2 - PINHOLE
I20260912 09:38:21.855902 138295925270208 feature_extraction.cc:289]   Focal Length:    453.37px (Prior)
I20260912 09:38:21.855908 138295925270208 feature_extraction.cc:294]   Features:        890 (SIFT)
I20260912 09:38:21.858168 138295925270208 feature_extraction.cc:270] Processed file [4/6]
I20260912 09:38:21.858186 138295925270208 feature_extraction.cc:273]   Name:            image_4.png
I20260912 09:38:21.858190 138295925270208 feature_extraction.cc:282]   Dimensions:      518 x 518
I20260912 09:38:21.858193 138295925270208 feature_extraction.cc:285]   Camera:          #4 - PINHOLE
I20260912 09:38:21.858196 138295925270208 feature_extraction.cc:289]   Focal Length:    453.37px (Prior)
I20260912 09:38:21.858202 138295925270208 feature_extraction.cc:294]   Features:        884 (SIFT)
I20260912 09:38:21.860061 138295925270208 feature_extraction.cc:270] Processed file [5/6]
I20260912 09:38:21.860079 138295925270208 feature_extraction.cc:273]   Name:            image_3.png
I20260912 09:38:21.860094 138295925270208 feature_extraction.cc:282]   Dimensions:      518 x 518
I20260912 09:38:21.860098 138295925270208 feature_extraction.cc:285]   Camera:          #3 - PINHOLE
I20260912 09:38:21.860101 138295925270208 feature_extraction.cc:289]   Focal Length:    453.37px (Prior)
I20260912 09:38:21.860107 138295925270208 feature_extraction.cc:294]   Features:        1157 (SIFT)
I20260912 09:38:21.863448 138295925270208 feature_extraction.cc:270] Processed file [6/6]
I20260912 09:38:21.863465 138295925270208 feature_extraction.cc:273]   Name:            image_6.png
I20260912 09:38:21.863470 138295925270208 feature_extraction.cc:282]   Dimensions:      518 x 518
I20260912 09:38:21.863473 138295925270208 feature_extraction.cc:285]   Camera:          #6 - PINHOLE
I20260912 09:38:21.863475 138295925270208 feature_extraction.cc:289]   Focal Length:    453.37px (Prior)
I20260912 09:38:21.863481 138295925270208 feature_extraction.cc:294]   Features:        778 (SIFT)
I20260912 09:38:21.864590 138296579573440 timer.cc:90] Elapsed time: 0.003 [minutes]
I20260912 09:38:21.890583 138296579573440 feature_matching.cc:196] === Feature matching & geometric verification ===
I20260912 09:38:21.890770 138295933662912 sift.cc:1686] Creating SIFT CPU feature matcher
I20260912 09:38:21.890805 138295925270208 sift.cc:1686] Creating SIFT CPU feature matcher
I20260912 09:38:21.890829 138297115330240 sift.cc:1686] Creating SIFT CPU feature matcher
I20260912 09:38:21.890878 138297098544832 sift.cc:1686] Creating SIFT CPU feature matcher
I20260912 09:38:21.890902 138297106937536 sift.cc:1686] Creating SIFT CPU feature matcher
I20260912 09:38:21.890918 138297090152128 sift.cc:1686] Creating SIFT CPU feature matcher
I20260912 09:38:21.890922 138296151742144 sift.cc:1686] Creating SIFT CPU feature matcher
I20260912 09:38:21.890925 138297123722944 sift.cc:1686] Creating SIFT CPU feature matcher
I20260912 09:38:21.890964 138296999012032 sift.cc:1686] Creating SIFT CPU feature matcher
I20260912 09:38:21.890927 138297132115648 sift.cc:1686] Creating SIFT CPU feature matcher
I20260912 09:38:21.891009 138296854312640 sift.cc:1686] Creating SIFT CPU feature matcher
I20260912 09:38:21.891024 138296845919936 sift.cc:1686] Creating SIFT CPU feature matcher
I20260912 09:38:21.890985 138297007404736 sift.cc:1686] Creating SIFT CPU feature matcher
I20260912 09:38:21.891074 138296829134528 sift.cc:1686] Creating SIFT CPU feature matcher
I20260912 09:38:21.891124 138296738969280 sift.cc:1686] Creating SIFT CPU feature matcher
I20260912 09:38:21.891161 138296730576576 sift.cc:1686] Creating SIFT CPU feature matcher
I20260912 09:38:21.891182 138296837527232 sift.cc:1686] Creating SIFT CPU feature matcher
I20260912 09:38:21.891215 138296713791168 sift.cc:1686] Creating SIFT CPU feature matcher
I20260912 09:38:21.891270 138296697005760 sift.cc:1686] Creating SIFT CPU feature matcher
I20260912 09:38:21.891274 138296722183872 sift.cc:1686] Creating SIFT CPU feature matcher
I20260912 09:38:21.891275 138296820741824 sift.cc:1686] Creating SIFT CPU feature matcher
I20260912 09:38:21.891320 138296604751552 sift.cc:1686] Creating SIFT CPU feature matcher
I20260912 09:38:21.891407 138296705398464 sift.cc:1686] Creating SIFT CPU feature matcher
I20260912 09:38:21.891408 138296688613056 sift.cc:1686] Creating SIFT CPU feature matcher
I20260912 09:38:21.892076 138296579573440 pairing.cc:179] Generating exhaustive image pairs...
I20260912 09:38:21.892089 138296579573440 pairing.cc:212] Processing block [1/1, 1/1]
I20260912 09:38:21.943697 138296579573440 feature_matching.cc:218] in 0.052s
I20260912 09:38:21.943720 138296579573440 timer.cc:90] Elapsed time: 0.001 [minutes]
I20260912 09:38:21.995525 138302704840832 incremental_pipeline.cc:353] Loading database
I20260912 09:38:21.995568 138302704840832 database_cache.cc:73] Loading rigs...
I20260912 09:38:21.995592 138302704840832 database_cache.cc:83]  6 in 0.000s
I20260912 09:38:21.995598 138302704840832 database_cache.cc:91] Loading cameras...
I20260912 09:38:21.995609 138302704840832 database_cache.cc:109]  6 in 0.000s
I20260912 09:38:21.995621 138302704840832 database_cache.cc:117] Loading frames...
I20260912 09:38:21.995644 138302704840832 database_cache.cc:127]  6 in 0.000s
I20260912 09:38:21.995647 138302704840832 database_cache.cc:135] Loading matches...
I20260912 09:38:21.995669 138302704840832 database_cache.cc:140]  10 in 0.000s
I20260912 09:38:21.995672 138302704840832 database_cache.cc:148] Loading images...
I20260912 09:38:21.995811 138302704840832 database_cache.cc:245]  6 in 0.000s (connected 6, loaded 6)
I20260912 09:38:21.995815 138302704840832 database_cache.cc:259] Loading pose priors...
I20260912 09:38:21.995820 138302704840832 database_cache.cc:267]  0 in 0.000s
I20260912 09:38:21.995823 138302704840832 database_cache.cc:275] Building correspondence graph...
I20260912 09:38:21.995895 138302704840832 database_cache.cc:304]  in 0.000s (ignored 0)
I20260912 09:38:21.995899 138302704840832 timer.cc:90] Elapsed time: 0.000 [minutes]
I20260912 09:38:21.995959 138302704840832 incremental_pipeline.cc:465] Finding good initial image pair
I20260912 09:38:21.997308 138302704840832 incremental_pipeline.cc:472] => No good initial image pair found.
I20260912 09:38:21.997328 138302704840832 incremental_pipeline.cc:800] Discarding reconstruction due to no initial pair
I20260912 09:38:21.997345 138302704840832 incremental_pipeline.cc:429] => Relaxing the initialization constraints.
I20260912 09:38:21.997390 138302704840832 incremental_pipeline.cc:465] Finding good initial image pair
I20260912 09:38:21.998380 138302704840832 incremental_pipeline.cc:472] => No good initial image pair found.
I20260912 09:38:21.998387 138302704840832 incremental_pipeline.cc:800] Discarding reconstruction due to no initial pair
I20260912 09:38:21.998398 138302704840832 incremental_pipeline.cc:442] => Relaxing the initialization constraints.
I20260912 09:38:21.998428 138302704840832 incremental_pipeline.cc:465] Finding good initial image pair
I20260912 09:38:21.999214 138302704840832 incremental_pipeline.cc:472] => No good initial image pair found.
I20260912 09:38:21.999220 138302704840832 incremental_pipeline.cc:800] Discarding reconstruction due to no initial pair
I20260912 09:38:21.999233 138302704840832 incremental_pipeline.cc:429] => Relaxing the initialization constraints.
I20260912 09:38:21.999264 138302704840832 incremental_pipeline.cc:465] Finding good initial image pair
I20260912 09:38:22.002004 138302704840832 incremental_pipeline.cc:492] Registering initial image pair #6 and #1
I20260912 09:38:22.002096 138302704840832 incremental_pipeline.cc:510] Global bundle adjustment
I20260912 09:38:22.002950 138302704840832 incremental_pipeline.cc:791] Discarding reconstruction due to bad initial pair
I20260912 09:38:22.002992 138302704840832 incremental_pipeline.cc:465] Finding good initial image pair
I20260912 09:38:22.003569 138302704840832 incremental_pipeline.cc:472] => No good initial image pair found.
I20260912 09:38:22.003572 138302704840832 incremental_pipeline.cc:800] Discarding reconstruction due to no initial pair
I20260912 09:38:22.003580 138302704840832 incremental_pipeline.cc:442] => Relaxing the initialization constraints.
I20260912 09:38:22.003594 138302704840832 incremental_pipeline.cc:465] Finding good initial image pair
I20260912 09:38:22.005824 138302704840832 incremental_pipeline.cc:492] Registering initial image pair #6 and #1
I20260912 09:38:22.005905 138302704840832 incremental_pipeline.cc:510] Global bundle adjustment
I20260912 09:38:22.006704 138302704840832 incremental_pipeline.cc:791] Discarding reconstruction due to bad initial pair
I20260912 09:38:22.006740 138302704840832 incremental_pipeline.cc:465] Finding good initial image pair
I20260912 09:38:22.007243 138302704840832 incremental_pipeline.cc:472] => No good initial image pair found.
I20260912 09:38:22.007245 138302704840832 incremental_pipeline.cc:800] Discarding reconstruction due to no initial pair
I20260912 09:38:22.007251 138302704840832 timer.cc:90] Elapsed time: 0.000 [minutes]
E20260912 09:38:22.007254 138302704840832 sfm.cc:310] Failed to create any sparse model
[12/40] broccoli/412_56288_108844  registered 0/6  FAILED  (0.3s)
W20260912 09:38:22.125011 138302704840832 feature_extraction.cc:445] Your current options use the maximum number of threads on the machine to extract features. Extracting SIFT features on the CPU can consume a lot of RAM per thread for large images. Consider reducing the maximum image size and/or the first octave or manually limit the number of extraction threads. Ignore this warning, if your machine has sufficient memory for the current settings.
I20260912 09:38:22.125179 138296688613056 feature_extraction.cc:498] === Feature extraction ===
I20260912 09:38:22.125648 138296562788032 sift.cc:765] Creating SIFT CPU feature extractor
I20260912 09:38:22.125665 138296470533824 sift.cc:765] Creating SIFT CPU feature extractor
I20260912 09:38:22.125700 138296554395328 sift.cc:765] Creating SIFT CPU feature extractor
I20260912 09:38:22.125709 138296462141120 sift.cc:765] Creating SIFT CPU feature extractor
I20260912 09:38:22.125730 138296436963008 sift.cc:765] Creating SIFT CPU feature extractor
I20260912 09:38:22.125752 138296453748416 sift.cc:765] Creating SIFT CPU feature extractor
I20260912 09:38:22.125778 138296336316096 sift.cc:765] Creating SIFT CPU feature extractor
I20260912 09:38:22.125784 138296445355712 sift.cc:765] Creating SIFT CPU feature extractor
I20260912 09:38:22.125833 138296311137984 sift.cc:765] Creating SIFT CPU feature extractor
I20260912 09:38:22.125909 138296428570304 sift.cc:765] Creating SIFT CPU feature extractor
I20260912 09:38:22.125912 138296327923392 sift.cc:765] Creating SIFT CPU feature extractor
I20260912 09:38:22.125928 138296420177600 sift.cc:765] Creating SIFT CPU feature extractor
I20260912 09:38:22.125930 138296302745280 sift.cc:765] Creating SIFT CPU feature extractor
I20260912 09:38:22.125955 138296193705664 sift.cc:765] Creating SIFT CPU feature extractor
I20260912 09:38:22.125962 138296168527552 sift.cc:765] Creating SIFT CPU feature extractor
I20260912 09:38:22.125991 138296160134848 sift.cc:765] Creating SIFT CPU feature extractor
I20260912 09:38:22.125995 138296319530688 sift.cc:765] Creating SIFT CPU feature extractor
I20260912 09:38:22.125999 138296151742144 sift.cc:765] Creating SIFT CPU feature extractor
I20260912 09:38:22.125997 138296294352576 sift.cc:765] Creating SIFT CPU feature extractor
I20260912 09:38:22.125997 138296185312960 sift.cc:765] Creating SIFT CPU feature extractor
I20260912 09:38:22.126031 138296285959872 sift.cc:765] Creating SIFT CPU feature extractor
I20260912 09:38:22.126034 138295933662912 sift.cc:765] Creating SIFT CPU feature extractor
I20260912 09:38:22.126038 138296176920256 sift.cc:765] Creating SIFT CPU feature extractor
I20260912 09:38:22.126041 138296202098368 sift.cc:765] Creating SIFT CPU feature extractor
I20260912 09:38:22.290251 138295925270208 feature_extraction.cc:270] Processed file [1/6]
I20260912 09:38:22.290333 138295925270208 feature_extraction.cc:273]   Name:            image_1.png
I20260912 09:38:22.290339 138295925270208 feature_extraction.cc:282]   Dimensions:      518 x 518
I20260912 09:38:22.290342 138295925270208 feature_extraction.cc:285]   Camera:          #1 - PINHOLE
I20260912 09:38:22.290346 138295925270208 feature_extraction.cc:289]   Focal Length:    480.17px (Prior)
I20260912 09:38:22.290357 138295925270208 feature_extraction.cc:294]   Features:        1002 (SIFT)
I20260912 09:38:22.300870 138295925270208 feature_extraction.cc:270] Processed file [2/6]
I20260912 09:38:22.300892 138295925270208 feature_extraction.cc:273]   Name:            image_2.png
I20260912 09:38:22.300896 138295925270208 feature_extraction.cc:282]   Dimensions:      518 x 518
I20260912 09:38:22.300899 138295925270208 feature_extraction.cc:285]   Camera:          #2 - PINHOLE
I20260912 09:38:22.300902 138295925270208 feature_extraction.cc:289]   Focal Length:    480.17px (Prior)
I20260912 09:38:22.300908 138295925270208 feature_extraction.cc:294]   Features:        1147 (SIFT)
I20260912 09:38:22.311884 138295925270208 feature_extraction.cc:270] Processed file [3/6]
I20260912 09:38:22.311903 138295925270208 feature_extraction.cc:273]   Name:            image_3.png
I20260912 09:38:22.311921 138295925270208 feature_extraction.cc:282]   Dimensions:      518 x 518
I20260912 09:38:22.311924 138295925270208 feature_extraction.cc:285]   Camera:          #3 - PINHOLE
I20260912 09:38:22.311927 138295925270208 feature_extraction.cc:289]   Focal Length:    480.17px (Prior)
I20260912 09:38:22.311933 138295925270208 feature_extraction.cc:294]   Features:        1546 (SIFT)
I20260912 09:38:22.314723 138295925270208 feature_extraction.cc:270] Processed file [4/6]
I20260912 09:38:22.314741 138295925270208 feature_extraction.cc:273]   Name:            image_6.png
I20260912 09:38:22.314745 138295925270208 feature_extraction.cc:282]   Dimensions:      518 x 518
I20260912 09:38:22.314748 138295925270208 feature_extraction.cc:285]   Camera:          #6 - PINHOLE
I20260912 09:38:22.314751 138295925270208 feature_extraction.cc:289]   Focal Length:    480.17px (Prior)
I20260912 09:38:22.314757 138295925270208 feature_extraction.cc:294]   Features:        1234 (SIFT)
I20260912 09:38:22.320070 138295925270208 feature_extraction.cc:270] Processed file [5/6]
I20260912 09:38:22.320088 138295925270208 feature_extraction.cc:273]   Name:            image_5.png
I20260912 09:38:22.320092 138295925270208 feature_extraction.cc:282]   Dimensions:      518 x 518
I20260912 09:38:22.320095 138295925270208 feature_extraction.cc:285]   Camera:          #5 - PINHOLE
I20260912 09:38:22.320098 138295925270208 feature_extraction.cc:289]   Focal Length:    480.17px (Prior)
I20260912 09:38:22.320104 138295925270208 feature_extraction.cc:294]   Features:        1519 (SIFT)
I20260912 09:38:22.324663 138295925270208 feature_extraction.cc:270] Processed file [6/6]
I20260912 09:38:22.324685 138295925270208 feature_extraction.cc:273]   Name:            image_4.png
I20260912 09:38:22.324689 138295925270208 feature_extraction.cc:282]   Dimensions:      518 x 518
I20260912 09:38:22.324692 138295925270208 feature_extraction.cc:285]   Camera:          #4 - PINHOLE
I20260912 09:38:22.324695 138295925270208 feature_extraction.cc:289]   Focal Length:    480.17px (Prior)
I20260912 09:38:22.324701 138295925270208 feature_extraction.cc:294]   Features:        1757 (SIFT)
I20260912 09:38:22.325380 138296688613056 timer.cc:90] Elapsed time: 0.003 [minutes]
I20260912 09:38:22.328706 138296688613056 feature_matching.cc:196] === Feature matching & geometric verification ===
I20260912 09:38:22.328899 138295933662912 sift.cc:1686] Creating SIFT CPU feature matcher
I20260912 09:38:22.328953 138295925270208 sift.cc:1686] Creating SIFT CPU feature matcher
I20260912 09:38:22.328965 138297123722944 sift.cc:1686] Creating SIFT CPU feature matcher
I20260912 09:38:22.328969 138297132115648 sift.cc:1686] Creating SIFT CPU feature matcher
I20260912 09:38:22.328983 138296151742144 sift.cc:1686] Creating SIFT CPU feature matcher
I20260912 09:38:22.328997 138297115330240 sift.cc:1686] Creating SIFT CPU feature matcher
I20260912 09:38:22.329006 138297098544832 sift.cc:1686] Creating SIFT CPU feature matcher
I20260912 09:38:22.329004 138297090152128 sift.cc:1686] Creating SIFT CPU feature matcher
I20260912 09:38:22.329051 138297007404736 sift.cc:1686] Creating SIFT CPU feature matcher
I20260912 09:38:22.329078 138297106937536 sift.cc:1686] Creating SIFT CPU feature matcher
I20260912 09:38:22.329223 138296845919936 sift.cc:1686] Creating SIFT CPU feature matcher
I20260912 09:38:22.329232 138296999012032 sift.cc:1686] Creating SIFT CPU feature matcher
I20260912 09:38:22.329234 138296854312640 sift.cc:1686] Creating SIFT CPU feature matcher
I20260912 09:38:22.329258 138296722183872 sift.cc:1686] Creating SIFT CPU feature matcher
I20260912 09:38:22.329292 138296820741824 sift.cc:1686] Creating SIFT CPU feature matcher
I20260912 09:38:22.329306 138296705398464 sift.cc:1686] Creating SIFT CPU feature matcher
I20260912 09:38:22.329292 138296837527232 sift.cc:1686] Creating SIFT CPU feature matcher
I20260912 09:38:22.329327 138296730576576 sift.cc:1686] Creating SIFT CPU feature matcher
I20260912 09:38:22.329294 138296829134528 sift.cc:1686] Creating SIFT CPU feature matcher
I20260912 09:38:22.329376 138296713791168 sift.cc:1686] Creating SIFT CPU feature matcher
I20260912 09:38:22.329386 138296738969280 sift.cc:1686] Creating SIFT CPU feature matcher
I20260912 09:38:22.329389 138296697005760 sift.cc:1686] Creating SIFT CPU feature matcher
I20260912 09:38:22.329471 138296604751552 sift.cc:1686] Creating SIFT CPU feature matcher
I20260912 09:38:22.329524 138296596358848 sift.cc:1686] Creating SIFT CPU feature matcher
I20260912 09:38:22.330067 138296688613056 pairing.cc:179] Generating exhaustive image pairs...
I20260912 09:38:22.330080 138296688613056 pairing.cc:212] Processing block [1/1, 1/1]
I20260912 09:38:22.383198 138296688613056 feature_matching.cc:218] in 0.053s
I20260912 09:38:22.383226 138296688613056 timer.cc:90] Elapsed time: 0.001 [minutes]
I20260912 09:38:22.434044 138302704840832 incremental_pipeline.cc:353] Loading database
I20260912 09:38:22.434082 138302704840832 database_cache.cc:73] Loading rigs...
I20260912 09:38:22.434107 138302704840832 database_cache.cc:83]  6 in 0.000s
I20260912 09:38:22.434114 138302704840832 database_cache.cc:91] Loading cameras...
I20260912 09:38:22.434126 138302704840832 database_cache.cc:109]  6 in 0.000s
I20260912 09:38:22.434128 138302704840832 database_cache.cc:117] Loading frames...
I20260912 09:38:22.434152 138302704840832 database_cache.cc:127]  6 in 0.000s
I20260912 09:38:22.434155 138302704840832 database_cache.cc:135] Loading matches...
I20260912 09:38:22.434169 138302704840832 database_cache.cc:140]  2 in 0.000s
I20260912 09:38:22.434172 138302704840832 database_cache.cc:148] Loading images...
I20260912 09:38:22.434279 138302704840832 database_cache.cc:245]  6 in 0.000s (connected 3, loaded 3)
I20260912 09:38:22.434283 138302704840832 database_cache.cc:259] Loading pose priors...
I20260912 09:38:22.434289 138302704840832 database_cache.cc:267]  0 in 0.000s
I20260912 09:38:22.434292 138302704840832 database_cache.cc:275] Building correspondence graph...
I20260912 09:38:22.434322 138302704840832 database_cache.cc:304]  in 0.000s (ignored 0)
I20260912 09:38:22.434326 138302704840832 timer.cc:90] Elapsed time: 0.000 [minutes]
I20260912 09:38:22.434373 138302704840832 incremental_pipeline.cc:465] Finding good initial image pair
I20260912 09:38:22.435517 138302704840832 incremental_pipeline.cc:472] => No good initial image pair found.
I20260912 09:38:22.435528 138302704840832 incremental_pipeline.cc:800] Discarding reconstruction due to no initial pair
I20260912 09:38:22.435547 138302704840832 incremental_pipeline.cc:429] => Relaxing the initialization constraints.
I20260912 09:38:22.435577 138302704840832 incremental_pipeline.cc:465] Finding good initial image pair
I20260912 09:38:22.436485 138302704840832 incremental_pipeline.cc:472] => No good initial image pair found.
I20260912 09:38:22.436494 138302704840832 incremental_pipeline.cc:800] Discarding reconstruction due to no initial pair
I20260912 09:38:22.436504 138302704840832 incremental_pipeline.cc:442] => Relaxing the initialization constraints.
I20260912 09:38:22.436523 138302704840832 incremental_pipeline.cc:465] Finding good initial image pair
I20260912 09:38:22.437343 138302704840832 incremental_pipeline.cc:472] => No good initial image pair found.
I20260912 09:38:22.437348 138302704840832 incremental_pipeline.cc:800] Discarding reconstruction due to no initial pair
I20260912 09:38:22.437357 138302704840832 incremental_pipeline.cc:429] => Relaxing the initialization constraints.
I20260912 09:38:22.437374 138302704840832 incremental_pipeline.cc:465] Finding good initial image pair
I20260912 09:38:22.439592 138302704840832 incremental_pipeline.cc:492] Registering initial image pair #1 and #2
I20260912 09:38:22.439657 138302704840832 incremental_pipeline.cc:510] Global bundle adjustment
I20260912 09:38:22.439780 138302704840832 incremental_pipeline.cc:791] Discarding reconstruction due to bad initial pair
I20260912 09:38:22.439808 138302704840832 incremental_pipeline.cc:465] Finding good initial image pair
I20260912 09:38:22.440376 138302704840832 incremental_pipeline.cc:472] => No good initial image pair found.
I20260912 09:38:22.440378 138302704840832 incremental_pipeline.cc:800] Discarding reconstruction due to no initial pair
I20260912 09:38:22.440384 138302704840832 incremental_pipeline.cc:442] => Relaxing the initialization constraints.
I20260912 09:38:22.440394 138302704840832 incremental_pipeline.cc:465] Finding good initial image pair
I20260912 09:38:22.442439 138302704840832 incremental_pipeline.cc:492] Registering initial image pair #1 and #2
I20260912 09:38:22.442481 138302704840832 incremental_pipeline.cc:510] Global bundle adjustment
I20260912 09:38:22.442547 138302704840832 incremental_pipeline.cc:791] Discarding reconstruction due to bad initial pair
I20260912 09:38:22.442574 138302704840832 incremental_pipeline.cc:465] Finding good initial image pair
I20260912 09:38:22.443209 138302704840832 incremental_pipeline.cc:472] => No good initial image pair found.
I20260912 09:38:22.443211 138302704840832 incremental_pipeline.cc:800] Discarding reconstruction due to no initial pair
I20260912 09:38:22.443217 138302704840832 timer.cc:90] Elapsed time: 0.000 [minutes]
E20260912 09:38:22.443220 138302704840832 sfm.cc:310] Failed to create any sparse model
[13/40] cake/374_42274_84517  registered 0/6  FAILED  (0.3s)
W20260912 09:38:22.527562 138302704840832 feature_extraction.cc:445] Your current options use the maximum number of threads on the machine to extract features. Extracting SIFT features on the CPU can consume a lot of RAM per thread for large images. Consider reducing the maximum image size and/or the first octave or manually limit the number of extraction threads. Ignore this warning, if your machine has sufficient memory for the current settings.
I20260912 09:38:22.527736 138296688613056 feature_extraction.cc:498] === Feature extraction ===
I20260912 09:38:22.528189 138296554395328 sift.cc:765] Creating SIFT CPU feature extractor
I20260912 09:38:22.528214 138296470533824 sift.cc:765] Creating SIFT CPU feature extractor
I20260912 09:38:22.528226 138296453748416 sift.cc:765] Creating SIFT CPU feature extractor
I20260912 09:38:22.528244 138296445355712 sift.cc:765] Creating SIFT CPU feature extractor
I20260912 09:38:22.528297 138296336316096 sift.cc:765] Creating SIFT CPU feature extractor
I20260912 09:38:22.528324 138296319530688 sift.cc:765] Creating SIFT CPU feature extractor
I20260912 09:38:22.528350 138296302745280 sift.cc:765] Creating SIFT CPU feature extractor
I20260912 09:38:22.528362 138296562788032 sift.cc:765] Creating SIFT CPU feature extractor
I20260912 09:38:22.528362 138296462141120 sift.cc:765] Creating SIFT CPU feature extractor
I20260912 09:38:22.528382 138296285959872 sift.cc:765] Creating SIFT CPU feature extractor
I20260912 09:38:22.528410 138296193705664 sift.cc:765] Creating SIFT CPU feature extractor
I20260912 09:38:22.528433 138296311137984 sift.cc:765] Creating SIFT CPU feature extractor
I20260912 09:38:22.528439 138296176920256 sift.cc:765] Creating SIFT CPU feature extractor
I20260912 09:38:22.528436 138296436963008 sift.cc:765] Creating SIFT CPU feature extractor
I20260912 09:38:22.528437 138296327923392 sift.cc:765] Creating SIFT CPU feature extractor
I20260912 09:38:22.528476 138296185312960 sift.cc:765] Creating SIFT CPU feature extractor
I20260912 09:38:22.528494 138296294352576 sift.cc:765] Creating SIFT CPU feature extractor
I20260912 09:38:22.528437 138296428570304 sift.cc:765] Creating SIFT CPU feature extractor
I20260912 09:38:22.528512 138296151742144 sift.cc:765] Creating SIFT CPU feature extractor
I20260912 09:38:22.528437 138296420177600 sift.cc:765] Creating SIFT CPU feature extractor
I20260912 09:38:22.528495 138296160134848 sift.cc:765] Creating SIFT CPU feature extractor
I20260912 09:38:22.528580 138295933662912 sift.cc:765] Creating SIFT CPU feature extractor
I20260912 09:38:22.528585 138296168527552 sift.cc:765] Creating SIFT CPU feature extractor
I20260912 09:38:22.528583 138296202098368 sift.cc:765] Creating SIFT CPU feature extractor
I20260912 09:38:22.737126 138295925270208 feature_extraction.cc:270] Processed file [1/6]
I20260912 09:38:22.737208 138295925270208 feature_extraction.cc:273]   Name:            image_4.png
I20260912 09:38:22.737213 138295925270208 feature_extraction.cc:282]   Dimensions:      518 x 518
I20260912 09:38:22.737216 138295925270208 feature_extraction.cc:285]   Camera:          #4 - PINHOLE
I20260912 09:38:22.737220 138295925270208 feature_extraction.cc:289]   Focal Length:    634.83px (Prior)
I20260912 09:38:22.737230 138295925270208 feature_extraction.cc:294]   Features:        2021 (SIFT)
I20260912 09:38:22.738402 138295925270208 feature_extraction.cc:270] Processed file [2/6]
I20260912 09:38:22.738426 138295925270208 feature_extraction.cc:273]   Name:            image_5.png
I20260912 09:38:22.738433 138295925270208 feature_extraction.cc:282]   Dimensions:      518 x 518
I20260912 09:38:22.738436 138295925270208 feature_extraction.cc:285]   Camera:          #5 - PINHOLE
I20260912 09:38:22.738440 138295925270208 feature_extraction.cc:289]   Focal Length:    634.83px (Prior)
I20260912 09:38:22.738446 138295925270208 feature_extraction.cc:294]   Features:        2149 (SIFT)
I20260912 09:38:22.741054 138295925270208 feature_extraction.cc:270] Processed file [3/6]
I20260912 09:38:22.741066 138295925270208 feature_extraction.cc:273]   Name:            image_3.png
I20260912 09:38:22.741070 138295925270208 feature_extraction.cc:282]   Dimensions:      518 x 518
I20260912 09:38:22.741072 138295925270208 feature_extraction.cc:285]   Camera:          #3 - PINHOLE
I20260912 09:38:22.741075 138295925270208 feature_extraction.cc:289]   Focal Length:    634.83px (Prior)
I20260912 09:38:22.741080 138295925270208 feature_extraction.cc:294]   Features:        2419 (SIFT)
I20260912 09:38:22.741691 138295925270208 feature_extraction.cc:270] Processed file [4/6]
I20260912 09:38:22.741698 138295925270208 feature_extraction.cc:273]   Name:            image_1.png
I20260912 09:38:22.741701 138295925270208 feature_extraction.cc:282]   Dimensions:      518 x 518
I20260912 09:38:22.741703 138295925270208 feature_extraction.cc:285]   Camera:          #1 - PINHOLE
I20260912 09:38:22.741705 138295925270208 feature_extraction.cc:289]   Focal Length:    634.83px (Prior)
I20260912 09:38:22.741709 138295925270208 feature_extraction.cc:294]   Features:        2738 (SIFT)
I20260912 09:38:22.751443 138295925270208 feature_extraction.cc:270] Processed file [5/6]
I20260912 09:38:22.751459 138295925270208 feature_extraction.cc:273]   Name:            image_2.png
I20260912 09:38:22.751462 138295925270208 feature_extraction.cc:282]   Dimensions:      518 x 518
I20260912 09:38:22.751464 138295925270208 feature_extraction.cc:285]   Camera:          #2 - PINHOLE
I20260912 09:38:22.751466 138295925270208 feature_extraction.cc:289]   Focal Length:    634.83px (Prior)
I20260912 09:38:22.751477 138295925270208 feature_extraction.cc:294]   Features:        2908 (SIFT)
I20260912 09:38:22.757246 138295925270208 feature_extraction.cc:270] Processed file [6/6]
I20260912 09:38:22.757261 138295925270208 feature_extraction.cc:273]   Name:            image_6.png
I20260912 09:38:22.757264 138295925270208 feature_extraction.cc:282]   Dimensions:      518 x 518
I20260912 09:38:22.757266 138295925270208 feature_extraction.cc:285]   Camera:          #6 - PINHOLE
I20260912 09:38:22.757268 138295925270208 feature_extraction.cc:289]   Focal Length:    634.83px (Prior)
I20260912 09:38:22.757273 138295925270208 feature_extraction.cc:294]   Features:        2684 (SIFT)
I20260912 09:38:22.758310 138296688613056 timer.cc:90] Elapsed time: 0.004 [minutes]
I20260912 09:38:22.781780 138296688613056 feature_matching.cc:196] === Feature matching & geometric verification ===
I20260912 09:38:22.782053 138295925270208 sift.cc:1686] Creating SIFT CPU feature matcher
I20260912 09:38:22.782093 138297115330240 sift.cc:1686] Creating SIFT CPU feature matcher
I20260912 09:38:22.782122 138297090152128 sift.cc:1686] Creating SIFT CPU feature matcher
I20260912 09:38:22.782149 138297098544832 sift.cc:1686] Creating SIFT CPU feature matcher
I20260912 09:38:22.782156 138297007404736 sift.cc:1686] Creating SIFT CPU feature matcher
I20260912 09:38:22.782195 138296854312640 sift.cc:1686] Creating SIFT CPU feature matcher
I20260912 09:38:22.782204 138295933662912 sift.cc:1686] Creating SIFT CPU feature matcher
I20260912 09:38:22.782230 138296151742144 sift.cc:1686] Creating SIFT CPU feature matcher
I20260912 09:38:22.782249 138296845919936 sift.cc:1686] Creating SIFT CPU feature matcher
I20260912 09:38:22.782268 138296999012032 sift.cc:1686] Creating SIFT CPU feature matcher
I20260912 09:38:22.782208 138297106937536 sift.cc:1686] Creating SIFT CPU feature matcher
I20260912 09:38:22.782152 138297132115648 sift.cc:1686] Creating SIFT CPU feature matcher
I20260912 09:38:22.782313 138296829134528 sift.cc:1686] Creating SIFT CPU feature matcher
I20260912 09:38:22.782152 138297123722944 sift.cc:1686] Creating SIFT CPU feature matcher
I20260912 09:38:22.782319 138296738969280 sift.cc:1686] Creating SIFT CPU feature matcher
I20260912 09:38:22.782348 138296837527232 sift.cc:1686] Creating SIFT CPU feature matcher
I20260912 09:38:22.782373 138296730576576 sift.cc:1686] Creating SIFT CPU feature matcher
I20260912 09:38:22.782397 138296713791168 sift.cc:1686] Creating SIFT CPU feature matcher
I20260912 09:38:22.782400 138296820741824 sift.cc:1686] Creating SIFT CPU feature matcher
I20260912 09:38:22.782431 138296722183872 sift.cc:1686] Creating SIFT CPU feature matcher
I20260912 09:38:22.782445 138296705398464 sift.cc:1686] Creating SIFT CPU feature matcher
I20260912 09:38:22.782464 138296604751552 sift.cc:1686] Creating SIFT CPU feature matcher
I20260912 09:38:22.782700 138296697005760 sift.cc:1686] Creating SIFT CPU feature matcher
I20260912 09:38:22.782701 138296596358848 sift.cc:1686] Creating SIFT CPU feature matcher
I20260912 09:38:22.783183 138296688613056 pairing.cc:179] Generating exhaustive image pairs...
I20260912 09:38:22.783193 138296688613056 pairing.cc:212] Processing block [1/1, 1/1]
I20260912 09:38:22.853425 138296688613056 feature_matching.cc:218] in 0.070s
I20260912 09:38:22.853462 138296688613056 timer.cc:90] Elapsed time: 0.001 [minutes]
I20260912 09:38:22.886983 138302704840832 incremental_pipeline.cc:353] Loading database
I20260912 09:38:22.887032 138302704840832 database_cache.cc:73] Loading rigs...
I20260912 09:38:22.887056 138302704840832 database_cache.cc:83]  6 in 0.000s
I20260912 09:38:22.887065 138302704840832 database_cache.cc:91] Loading cameras...
I20260912 09:38:22.887077 138302704840832 database_cache.cc:109]  6 in 0.000s
I20260912 09:38:22.887081 138302704840832 database_cache.cc:117] Loading frames...
I20260912 09:38:22.887105 138302704840832 database_cache.cc:127]  6 in 0.000s
I20260912 09:38:22.887109 138302704840832 database_cache.cc:135] Loading matches...
I20260912 09:38:22.887133 138302704840832 database_cache.cc:140]  5 in 0.000s
I20260912 09:38:22.887137 138302704840832 database_cache.cc:148] Loading images...
I20260912 09:38:22.887468 138302704840832 database_cache.cc:245]  6 in 0.000s (connected 6, loaded 6)
I20260912 09:38:22.887473 138302704840832 database_cache.cc:259] Loading pose priors...
I20260912 09:38:22.887479 138302704840832 database_cache.cc:267]  0 in 0.000s
I20260912 09:38:22.887482 138302704840832 database_cache.cc:275] Building correspondence graph...
I20260912 09:38:22.887605 138302704840832 database_cache.cc:304]  in 0.000s (ignored 0)
I20260912 09:38:22.887610 138302704840832 timer.cc:90] Elapsed time: 0.000 [minutes]
I20260912 09:38:22.887697 138302704840832 incremental_pipeline.cc:465] Finding good initial image pair
I20260912 09:38:22.893290 138302704840832 incremental_pipeline.cc:492] Registering initial image pair #5 and #4
I20260912 09:38:22.893421 138302704840832 incremental_pipeline.cc:510] Global bundle adjustment
I20260912 09:38:22.893564 138302704840832 incremental_pipeline.cc:791] Discarding reconstruction due to bad initial pair
I20260912 09:38:22.893631 138302704840832 incremental_pipeline.cc:465] Finding good initial image pair
I20260912 09:38:22.894423 138302704840832 incremental_pipeline.cc:472] => No good initial image pair found.
I20260912 09:38:22.894427 138302704840832 incremental_pipeline.cc:800] Discarding reconstruction due to no initial pair
I20260912 09:38:22.894440 138302704840832 incremental_pipeline.cc:429] => Relaxing the initialization constraints.
I20260912 09:38:22.894469 138302704840832 incremental_pipeline.cc:465] Finding good initial image pair
I20260912 09:38:22.898422 138302704840832 incremental_pipeline.cc:492] Registering initial image pair #5 and #4
I20260912 09:38:22.898514 138302704840832 incremental_pipeline.cc:510] Global bundle adjustment
I20260912 09:38:22.898593 138302704840832 incremental_pipeline.cc:791] Discarding reconstruction due to bad initial pair
I20260912 09:38:22.898658 138302704840832 incremental_pipeline.cc:465] Finding good initial image pair
I20260912 09:38:22.899393 138302704840832 incremental_pipeline.cc:472] => No good initial image pair found.
I20260912 09:38:22.899396 138302704840832 incremental_pipeline.cc:800] Discarding reconstruction due to no initial pair
I20260912 09:38:22.899403 138302704840832 incremental_pipeline.cc:442] => Relaxing the initialization constraints.
I20260912 09:38:22.899425 138302704840832 incremental_pipeline.cc:465] Finding good initial image pair
I20260912 09:38:22.904475 138302704840832 incremental_pipeline.cc:492] Registering initial image pair #4 and #5
I20260912 09:38:22.904569 138302704840832 incremental_pipeline.cc:510] Global bundle adjustment
I20260912 09:38:22.904662 138302704840832 incremental_pipeline.cc:791] Discarding reconstruction due to bad initial pair
I20260912 09:38:22.904715 138302704840832 incremental_pipeline.cc:465] Finding good initial image pair
I20260912 09:38:22.905282 138302704840832 incremental_pipeline.cc:472] => No good initial image pair found.
I20260912 09:38:22.905284 138302704840832 incremental_pipeline.cc:800] Discarding reconstruction due to no initial pair
I20260912 09:38:22.905290 138302704840832 incremental_pipeline.cc:429] => Relaxing the initialization constraints.
I20260912 09:38:22.905312 138302704840832 incremental_pipeline.cc:465] Finding good initial image pair
I20260912 09:38:22.910338 138302704840832 incremental_pipeline.cc:492] Registering initial image pair #4 and #5
I20260912 09:38:22.910429 138302704840832 incremental_pipeline.cc:510] Global bundle adjustment
I20260912 09:38:22.910520 138302704840832 incremental_pipeline.cc:791] Discarding reconstruction due to bad initial pair
I20260912 09:38:22.910589 138302704840832 incremental_pipeline.cc:465] Finding good initial image pair
I20260912 09:38:22.911165 138302704840832 incremental_pipeline.cc:472] => No good initial image pair found.
I20260912 09:38:22.911167 138302704840832 incremental_pipeline.cc:800] Discarding reconstruction due to no initial pair
I20260912 09:38:22.911176 138302704840832 incremental_pipeline.cc:442] => Relaxing the initialization constraints.
I20260912 09:38:22.911198 138302704840832 incremental_pipeline.cc:465] Finding good initial image pair
I20260912 09:38:22.914278 138302704840832 incremental_pipeline.cc:492] Registering initial image pair #4 and #5
I20260912 09:38:22.914367 138302704840832 incremental_pipeline.cc:510] Global bundle adjustment
I20260912 09:38:22.914456 138302704840832 incremental_pipeline.cc:791] Discarding reconstruction due to bad initial pair
I20260912 09:38:22.914512 138302704840832 incremental_pipeline.cc:465] Finding good initial image pair
I20260912 09:38:22.915176 138302704840832 incremental_pipeline.cc:472] => No good initial image pair found.
I20260912 09:38:22.915180 138302704840832 incremental_pipeline.cc:800] Discarding reconstruction due to no initial pair
I20260912 09:38:22.915187 138302704840832 timer.cc:90] Elapsed time: 0.000 [minutes]
E20260912 09:38:22.915190 138302704840832 sfm.cc:310] Failed to create any sparse model
[14/40] cake/403_53094_103680  registered 0/6  FAILED  (0.4s)
W20260912 09:38:23.025940 138302704840832 feature_extraction.cc:445] Your current options use the maximum number of threads on the machine to extract features. Extracting SIFT features on the CPU can consume a lot of RAM per thread for large images. Consider reducing the maximum image size and/or the first octave or manually limit the number of extraction threads. Ignore this warning, if your machine has sufficient memory for the current settings.
I20260912 09:38:23.026118 138296579573440 feature_extraction.cc:498] === Feature extraction ===
I20260912 09:38:23.026674 138296420177600 sift.cc:765] Creating SIFT CPU feature extractor
I20260912 09:38:23.026679 138296562788032 sift.cc:765] Creating SIFT CPU feature extractor
I20260912 09:38:23.026703 138296554395328 sift.cc:765] Creating SIFT CPU feature extractor
I20260912 09:38:23.026725 138296327923392 sift.cc:765] Creating SIFT CPU feature extractor
I20260912 09:38:23.026760 138296453748416 sift.cc:765] Creating SIFT CPU feature extractor
I20260912 09:38:23.026770 138296445355712 sift.cc:765] Creating SIFT CPU feature extractor
I20260912 09:38:23.026761 138296462141120 sift.cc:765] Creating SIFT CPU feature extractor
I20260912 09:38:23.026865 138296428570304 sift.cc:765] Creating SIFT CPU feature extractor
I20260912 09:38:23.026709 138296336316096 sift.cc:765] Creating SIFT CPU feature extractor
I20260912 09:38:23.026931 138295933662912 sift.cc:765] Creating SIFT CPU feature extractor
I20260912 09:38:23.026932 138296193705664 sift.cc:765] Creating SIFT CPU feature extractor
I20260912 09:38:23.026932 138296285959872 sift.cc:765] Creating SIFT CPU feature extractor
I20260912 09:38:23.026935 138296185312960 sift.cc:765] Creating SIFT CPU feature extractor
I20260912 09:38:23.026949 138296160134848 sift.cc:765] Creating SIFT CPU feature extractor
I20260912 09:38:23.026954 138296294352576 sift.cc:765] Creating SIFT CPU feature extractor
I20260912 09:38:23.026934 138296311137984 sift.cc:765] Creating SIFT CPU feature extractor
I20260912 09:38:23.027001 138296168527552 sift.cc:765] Creating SIFT CPU feature extractor
I20260912 09:38:23.026954 138296319530688 sift.cc:765] Creating SIFT CPU feature extractor
I20260912 09:38:23.026772 138296470533824 sift.cc:765] Creating SIFT CPU feature extractor
I20260912 09:38:23.027052 138296302745280 sift.cc:765] Creating SIFT CPU feature extractor
I20260912 09:38:23.027056 138296176920256 sift.cc:765] Creating SIFT CPU feature extractor
I20260912 09:38:23.027056 138296202098368 sift.cc:765] Creating SIFT CPU feature extractor
I20260912 09:38:23.027064 138296151742144 sift.cc:765] Creating SIFT CPU feature extractor
I20260912 09:38:23.026761 138296436963008 sift.cc:765] Creating SIFT CPU feature extractor
I20260912 09:38:23.168139 138295925270208 feature_extraction.cc:270] Processed file [1/6]
I20260912 09:38:23.168194 138295925270208 feature_extraction.cc:273]   Name:            image_1.png
I20260912 09:38:23.168198 138295925270208 feature_extraction.cc:282]   Dimensions:      518 x 518
I20260912 09:38:23.168213 138295925270208 feature_extraction.cc:285]   Camera:          #1 - PINHOLE
I20260912 09:38:23.168218 138295925270208 feature_extraction.cc:289]   Focal Length:    527.92px (Prior)
I20260912 09:38:23.168227 138295925270208 feature_extraction.cc:294]   Features:        841 (SIFT)
I20260912 09:38:23.185997 138295925270208 feature_extraction.cc:270] Processed file [2/6]
I20260912 09:38:23.186049 138295925270208 feature_extraction.cc:273]   Name:            image_3.png
I20260912 09:38:23.186054 138295925270208 feature_extraction.cc:282]   Dimensions:      518 x 518
I20260912 09:38:23.186057 138295925270208 feature_extraction.cc:285]   Camera:          #3 - PINHOLE
I20260912 09:38:23.186061 138295925270208 feature_extraction.cc:289]   Focal Length:    527.92px (Prior)
I20260912 09:38:23.186070 138295925270208 feature_extraction.cc:294]   Features:        1033 (SIFT)
I20260912 09:38:23.188576 138295925270208 feature_extraction.cc:270] Processed file [3/6]
I20260912 09:38:23.188607 138295925270208 feature_extraction.cc:273]   Name:            image_5.png
I20260912 09:38:23.188611 138295925270208 feature_extraction.cc:282]   Dimensions:      518 x 518
I20260912 09:38:23.188614 138295925270208 feature_extraction.cc:285]   Camera:          #5 - PINHOLE
I20260912 09:38:23.188617 138295925270208 feature_extraction.cc:289]   Focal Length:    527.92px (Prior)
I20260912 09:38:23.188643 138295925270208 feature_extraction.cc:294]   Features:        861 (SIFT)
I20260912 09:38:23.191949 138295925270208 feature_extraction.cc:270] Processed file [4/6]
I20260912 09:38:23.191969 138295925270208 feature_extraction.cc:273]   Name:            image_2.png
I20260912 09:38:23.191972 138295925270208 feature_extraction.cc:282]   Dimensions:      518 x 518
I20260912 09:38:23.191975 138295925270208 feature_extraction.cc:285]   Camera:          #2 - PINHOLE
I20260912 09:38:23.191977 138295925270208 feature_extraction.cc:289]   Focal Length:    527.92px (Prior)
I20260912 09:38:23.191983 138295925270208 feature_extraction.cc:294]   Features:        888 (SIFT)
I20260912 09:38:23.204295 138295925270208 feature_extraction.cc:270] Processed file [5/6]
I20260912 09:38:23.204323 138295925270208 feature_extraction.cc:273]   Name:            image_6.png
I20260912 09:38:23.204326 138295925270208 feature_extraction.cc:282]   Dimensions:      518 x 518
I20260912 09:38:23.204329 138295925270208 feature_extraction.cc:285]   Camera:          #6 - PINHOLE
I20260912 09:38:23.204332 138295925270208 feature_extraction.cc:289]   Focal Length:    527.92px (Prior)
I20260912 09:38:23.204339 138295925270208 feature_extraction.cc:294]   Features:        1206 (SIFT)
I20260912 09:38:23.206745 138295925270208 feature_extraction.cc:270] Processed file [6/6]
I20260912 09:38:23.206770 138295925270208 feature_extraction.cc:273]   Name:            image_4.png
I20260912 09:38:23.206773 138295925270208 feature_extraction.cc:282]   Dimensions:      518 x 518
I20260912 09:38:23.206776 138295925270208 feature_extraction.cc:285]   Camera:          #4 - PINHOLE
I20260912 09:38:23.206779 138295925270208 feature_extraction.cc:289]   Focal Length:    527.92px (Prior)
I20260912 09:38:23.206786 138295925270208 feature_extraction.cc:294]   Features:        1108 (SIFT)
I20260912 09:38:23.208401 138296579573440 timer.cc:90] Elapsed time: 0.003 [minutes]
I20260912 09:38:23.230946 138296579573440 feature_matching.cc:196] === Feature matching & geometric verification ===
I20260912 09:38:23.231208 138295925270208 sift.cc:1686] Creating SIFT CPU feature matcher
I20260912 09:38:23.231230 138297106937536 sift.cc:1686] Creating SIFT CPU feature matcher
I20260912 09:38:23.231259 138297132115648 sift.cc:1686] Creating SIFT CPU feature matcher
I20260912 09:38:23.231286 138297090152128 sift.cc:1686] Creating SIFT CPU feature matcher
I20260912 09:38:23.231300 138297115330240 sift.cc:1686] Creating SIFT CPU feature matcher
I20260912 09:38:23.231323 138297007404736 sift.cc:1686] Creating SIFT CPU feature matcher
I20260912 09:38:23.231363 138295933662912 sift.cc:1686] Creating SIFT CPU feature matcher
I20260912 09:38:23.231378 138297098544832 sift.cc:1686] Creating SIFT CPU feature matcher
I20260912 09:38:23.231458 138297123722944 sift.cc:1686] Creating SIFT CPU feature matcher
I20260912 09:38:23.231472 138296829134528 sift.cc:1686] Creating SIFT CPU feature matcher
I20260912 09:38:23.231473 138296151742144 sift.cc:1686] Creating SIFT CPU feature matcher
I20260912 09:38:23.231488 138296999012032 sift.cc:1686] Creating SIFT CPU feature matcher
I20260912 09:38:23.231522 138296730576576 sift.cc:1686] Creating SIFT CPU feature matcher
I20260912 09:38:23.231555 138296722183872 sift.cc:1686] Creating SIFT CPU feature matcher
I20260912 09:38:23.231573 138296738969280 sift.cc:1686] Creating SIFT CPU feature matcher
I20260912 09:38:23.231578 138296820741824 sift.cc:1686] Creating SIFT CPU feature matcher
I20260912 09:38:23.231576 138296854312640 sift.cc:1686] Creating SIFT CPU feature matcher
I20260912 09:38:23.231578 138296837527232 sift.cc:1686] Creating SIFT CPU feature matcher
I20260912 09:38:23.231667 138296705398464 sift.cc:1686] Creating SIFT CPU feature matcher
I20260912 09:38:23.231733 138296688613056 sift.cc:1686] Creating SIFT CPU feature matcher
I20260912 09:38:23.231746 138296713791168 sift.cc:1686] Creating SIFT CPU feature matcher
I20260912 09:38:23.231748 138296604751552 sift.cc:1686] Creating SIFT CPU feature matcher
I20260912 09:38:23.231577 138296845919936 sift.cc:1686] Creating SIFT CPU feature matcher
I20260912 09:38:23.231857 138296697005760 sift.cc:1686] Creating SIFT CPU feature matcher
I20260912 09:38:23.232411 138296579573440 pairing.cc:179] Generating exhaustive image pairs...
I20260912 09:38:23.232421 138296579573440 pairing.cc:212] Processing block [1/1, 1/1]
I20260912 09:38:23.260444 138296579573440 feature_matching.cc:218] in 0.028s
I20260912 09:38:23.260463 138296579573440 timer.cc:90] Elapsed time: 0.000 [minutes]
I20260912 09:38:23.285650 138302704840832 incremental_pipeline.cc:353] Loading database
I20260912 09:38:23.285699 138302704840832 database_cache.cc:73] Loading rigs...
I20260912 09:38:23.285724 138302704840832 database_cache.cc:83]  6 in 0.000s
I20260912 09:38:23.285732 138302704840832 database_cache.cc:91] Loading cameras...
I20260912 09:38:23.285744 138302704840832 database_cache.cc:109]  6 in 0.000s
I20260912 09:38:23.285747 138302704840832 database_cache.cc:117] Loading frames...
I20260912 09:38:23.285770 138302704840832 database_cache.cc:127]  6 in 0.000s
I20260912 09:38:23.285774 138302704840832 database_cache.cc:135] Loading matches...
I20260912 09:38:23.285800 138302704840832 database_cache.cc:140]  6 in 0.000s
I20260912 09:38:23.285803 138302704840832 database_cache.cc:148] Loading images...
I20260912 09:38:23.285964 138302704840832 database_cache.cc:245]  6 in 0.000s (connected 6, loaded 6)
I20260912 09:38:23.285969 138302704840832 database_cache.cc:259] Loading pose priors...
I20260912 09:38:23.285974 138302704840832 database_cache.cc:267]  0 in 0.000s
I20260912 09:38:23.285977 138302704840832 database_cache.cc:275] Building correspondence graph...
I20260912 09:38:23.286229 138302704840832 database_cache.cc:304]  in 0.000s (ignored 0)
I20260912 09:38:23.286234 138302704840832 timer.cc:90] Elapsed time: 0.000 [minutes]
I20260912 09:38:23.286308 138302704840832 incremental_pipeline.cc:465] Finding good initial image pair
I20260912 09:38:23.292210 138302704840832 incremental_pipeline.cc:472] => No good initial image pair found.
I20260912 09:38:23.292222 138302704840832 incremental_pipeline.cc:800] Discarding reconstruction due to no initial pair
I20260912 09:38:23.292233 138302704840832 incremental_pipeline.cc:429] => Relaxing the initialization constraints.
I20260912 09:38:23.292259 138302704840832 incremental_pipeline.cc:465] Finding good initial image pair
I20260912 09:38:23.299196 138302704840832 incremental_pipeline.cc:472] => No good initial image pair found.
I20260912 09:38:23.299201 138302704840832 incremental_pipeline.cc:800] Discarding reconstruction due to no initial pair
I20260912 09:38:23.299209 138302704840832 incremental_pipeline.cc:442] => Relaxing the initialization constraints.
I20260912 09:38:23.299233 138302704840832 incremental_pipeline.cc:465] Finding good initial image pair
I20260912 09:38:23.303212 138302704840832 incremental_pipeline.cc:492] Registering initial image pair #3 and #2
I20260912 09:38:23.303416 138302704840832 incremental_pipeline.cc:510] Global bundle adjustment
I20260912 09:38:23.309845 138302704840832 incremental_pipeline.cc:620] Registering image #1 (num_reg_frames=2)
I20260912 09:38:23.309850 138302704840832 incremental_pipeline.cc:623] => Image sees 45 / 204 points
I20260912 09:38:23.311808 138302704840832 incremental_pipeline.cc:88] Retriangulation and Global bundle adjustment
I20260912 09:38:23.315599 138302704840832 incremental_pipeline.cc:88] Retriangulation and Global bundle adjustment
I20260912 09:38:23.315850 138302704840832 incremental_pipeline.cc:826] Keeping successful reconstruction
I20260912 09:38:23.316037 138302704840832 incremental_pipeline.cc:465] Finding good initial image pair
I20260912 09:38:23.316549 138302704840832 incremental_pipeline.cc:472] => No good initial image pair found.
I20260912 09:38:23.316552 138302704840832 incremental_pipeline.cc:800] Discarding reconstruction due to no initial pair
I20260912 09:38:23.316558 138302704840832 incremental_pipeline.cc:429] => Relaxing the initialization constraints.
I20260912 09:38:23.316573 138302704840832 incremental_pipeline.cc:465] Finding good initial image pair
I20260912 09:38:23.321594 138302704840832 incremental_pipeline.cc:472] => No good initial image pair found.
I20260912 09:38:23.321596 138302704840832 incremental_pipeline.cc:800] Discarding reconstruction due to no initial pair
I20260912 09:38:23.321602 138302704840832 incremental_pipeline.cc:442] => Relaxing the initialization constraints.
I20260912 09:38:23.321615 138302704840832 incremental_pipeline.cc:465] Finding good initial image pair
I20260912 09:38:23.328023 138302704840832 incremental_pipeline.cc:492] Registering initial image pair #6 and #4
I20260912 09:38:23.328529 138302704840832 incremental_pipeline.cc:510] Global bundle adjustment
I20260912 09:38:23.336195 138302704840832 incremental_pipeline.cc:620] Registering image #5 (num_reg_frames=2)
I20260912 09:38:23.336200 138302704840832 incremental_pipeline.cc:623] => Image sees 113 / 511 points
I20260912 09:38:23.345585 138302704840832 incremental_pipeline.cc:88] Retriangulation and Global bundle adjustment
I20260912 09:38:23.377856 138302704840832 incremental_pipeline.cc:88] Retriangulation and Global bundle adjustment
I20260912 09:38:23.378967 138302704840832 incremental_pipeline.cc:826] Keeping successful reconstruction
I20260912 09:38:23.379127 138302704840832 timer.cc:90] Elapsed time: 0.002 [minutes]
[15/40] donut/391_47032_93657  registered 3/6  FAILED  (0.4s)
W20260912 09:38:23.489199 138302704840832 feature_extraction.cc:445] Your current options use the maximum number of threads on the machine to extract features. Extracting SIFT features on the CPU can consume a lot of RAM per thread for large images. Consider reducing the maximum image size and/or the first octave or manually limit the number of extraction threads. Ignore this warning, if your machine has sufficient memory for the current settings.
I20260912 09:38:23.489415 138296579573440 feature_extraction.cc:498] === Feature extraction ===
I20260912 09:38:23.489988 138296554395328 sift.cc:765] Creating SIFT CPU feature extractor
I20260912 09:38:23.490035 138296445355712 sift.cc:765] Creating SIFT CPU feature extractor
I20260912 09:38:23.490058 138296470533824 sift.cc:765] Creating SIFT CPU feature extractor
I20260912 09:38:23.490078 138296436963008 sift.cc:765] Creating SIFT CPU feature extractor
I20260912 09:38:23.490084 138296428570304 sift.cc:765] Creating SIFT CPU feature extractor
I20260912 09:38:23.490108 138296327923392 sift.cc:765] Creating SIFT CPU feature extractor
I20260912 09:38:23.490114 138296319530688 sift.cc:765] Creating SIFT CPU feature extractor
I20260912 09:38:23.490120 138296462141120 sift.cc:765] Creating SIFT CPU feature extractor
I20260912 09:38:23.490141 138296311137984 sift.cc:765] Creating SIFT CPU feature extractor
I20260912 09:38:23.490123 138296420177600 sift.cc:765] Creating SIFT CPU feature extractor
I20260912 09:38:23.490163 138296336316096 sift.cc:765] Creating SIFT CPU feature extractor
I20260912 09:38:23.490182 138296294352576 sift.cc:765] Creating SIFT CPU feature extractor
I20260912 09:38:23.490129 138296562788032 sift.cc:765] Creating SIFT CPU feature extractor
I20260912 09:38:23.490232 138296285959872 sift.cc:765] Creating SIFT CPU feature extractor
I20260912 09:38:23.490235 138296193705664 sift.cc:765] Creating SIFT CPU feature extractor
I20260912 09:38:23.490140 138296453748416 sift.cc:765] Creating SIFT CPU feature extractor
I20260912 09:38:23.490279 138296176920256 sift.cc:765] Creating SIFT CPU feature extractor
I20260912 09:38:23.490284 138296185312960 sift.cc:765] Creating SIFT CPU feature extractor
I20260912 09:38:23.490322 138296202098368 sift.cc:765] Creating SIFT CPU feature extractor
I20260912 09:38:23.490326 138295933662912 sift.cc:765] Creating SIFT CPU feature extractor
I20260912 09:38:23.490328 138296168527552 sift.cc:765] Creating SIFT CPU feature extractor
I20260912 09:38:23.490323 138296151742144 sift.cc:765] Creating SIFT CPU feature extractor
I20260912 09:38:23.490328 138296302745280 sift.cc:765] Creating SIFT CPU feature extractor
I20260912 09:38:23.490382 138296160134848 sift.cc:765] Creating SIFT CPU feature extractor
I20260912 09:38:23.642522 138295925270208 feature_extraction.cc:270] Processed file [1/6]
I20260912 09:38:23.642607 138295925270208 feature_extraction.cc:273]   Name:            image_2.png
I20260912 09:38:23.642612 138295925270208 feature_extraction.cc:282]   Dimensions:      518 x 518
I20260912 09:38:23.642615 138295925270208 feature_extraction.cc:285]   Camera:          #2 - PINHOLE
I20260912 09:38:23.642619 138295925270208 feature_extraction.cc:289]   Focal Length:    596.59px (Prior)
I20260912 09:38:23.642629 138295925270208 feature_extraction.cc:294]   Features:        463 (SIFT)
I20260912 09:38:23.647704 138295925270208 feature_extraction.cc:270] Processed file [2/6]
I20260912 09:38:23.647743 138295925270208 feature_extraction.cc:273]   Name:            image_4.png
I20260912 09:38:23.647748 138295925270208 feature_extraction.cc:282]   Dimensions:      518 x 518
I20260912 09:38:23.647751 138295925270208 feature_extraction.cc:285]   Camera:          #4 - PINHOLE
I20260912 09:38:23.647754 138295925270208 feature_extraction.cc:289]   Focal Length:    596.59px (Prior)
I20260912 09:38:23.647763 138295925270208 feature_extraction.cc:294]   Features:        344 (SIFT)
I20260912 09:38:23.653186 138295925270208 feature_extraction.cc:270] Processed file [3/6]
I20260912 09:38:23.653223 138295925270208 feature_extraction.cc:273]   Name:            image_3.png
I20260912 09:38:23.653227 138295925270208 feature_extraction.cc:282]   Dimensions:      518 x 518
I20260912 09:38:23.653230 138295925270208 feature_extraction.cc:285]   Camera:          #3 - PINHOLE
I20260912 09:38:23.653234 138295925270208 feature_extraction.cc:289]   Focal Length:    596.59px (Prior)
I20260912 09:38:23.653247 138295925270208 feature_extraction.cc:294]   Features:        715 (SIFT)
I20260912 09:38:23.658461 138295925270208 feature_extraction.cc:270] Processed file [4/6]
I20260912 09:38:23.658485 138295925270208 feature_extraction.cc:273]   Name:            image_1.png
I20260912 09:38:23.658489 138295925270208 feature_extraction.cc:282]   Dimensions:      518 x 518
I20260912 09:38:23.658492 138295925270208 feature_extraction.cc:285]   Camera:          #1 - PINHOLE
I20260912 09:38:23.658495 138295925270208 feature_extraction.cc:289]   Focal Length:    596.59px (Prior)
I20260912 09:38:23.658502 138295925270208 feature_extraction.cc:294]   Features:        913 (SIFT)
I20260912 09:38:23.664254 138295925270208 feature_extraction.cc:270] Processed file [5/6]
I20260912 09:38:23.664276 138295925270208 feature_extraction.cc:273]   Name:            image_6.png
I20260912 09:38:23.664280 138295925270208 feature_extraction.cc:282]   Dimensions:      518 x 518
I20260912 09:38:23.664292 138295925270208 feature_extraction.cc:285]   Camera:          #6 - PINHOLE
I20260912 09:38:23.664296 138295925270208 feature_extraction.cc:289]   Focal Length:    596.59px (Prior)
I20260912 09:38:23.664306 138295925270208 feature_extraction.cc:294]   Features:        612 (SIFT)
I20260912 09:38:23.665128 138295925270208 feature_extraction.cc:270] Processed file [6/6]
I20260912 09:38:23.665149 138295925270208 feature_extraction.cc:273]   Name:            image_5.png
I20260912 09:38:23.665154 138295925270208 feature_extraction.cc:282]   Dimensions:      518 x 518
I20260912 09:38:23.665157 138295925270208 feature_extraction.cc:285]   Camera:          #5 - PINHOLE
I20260912 09:38:23.665160 138295925270208 feature_extraction.cc:289]   Focal Length:    596.59px (Prior)
I20260912 09:38:23.665166 138295925270208 feature_extraction.cc:294]   Features:        908 (SIFT)
I20260912 09:38:23.665951 138296579573440 timer.cc:90] Elapsed time: 0.003 [minutes]
I20260912 09:38:23.694044 138296579573440 feature_matching.cc:196] === Feature matching & geometric verification ===
I20260912 09:38:23.694338 138295925270208 sift.cc:1686] Creating SIFT CPU feature matcher
I20260912 09:38:23.694366 138296151742144 sift.cc:1686] Creating SIFT CPU feature matcher
I20260912 09:38:23.694376 138297098544832 sift.cc:1686] Creating SIFT CPU feature matcher
I20260912 09:38:23.694418 138297007404736 sift.cc:1686] Creating SIFT CPU feature matcher
I20260912 09:38:23.694445 138295933662912 sift.cc:1686] Creating SIFT CPU feature matcher
I20260912 09:38:23.694469 138296999012032 sift.cc:1686] Creating SIFT CPU feature matcher
I20260912 09:38:23.694341 138297123722944 sift.cc:1686] Creating SIFT CPU feature matcher
I20260912 09:38:23.694492 138297132115648 sift.cc:1686] Creating SIFT CPU feature matcher
I20260912 09:38:23.694505 138297090152128 sift.cc:1686] Creating SIFT CPU feature matcher
I20260912 09:38:23.694516 138296854312640 sift.cc:1686] Creating SIFT CPU feature matcher
I20260912 09:38:23.694569 138296845919936 sift.cc:1686] Creating SIFT CPU feature matcher
I20260912 09:38:23.694441 138297106937536 sift.cc:1686] Creating SIFT CPU feature matcher
I20260912 09:38:23.694623 138296730576576 sift.cc:1686] Creating SIFT CPU feature matcher
I20260912 09:38:23.694671 138296829134528 sift.cc:1686] Creating SIFT CPU feature matcher
I20260912 09:38:23.694682 138296722183872 sift.cc:1686] Creating SIFT CPU feature matcher
I20260912 09:38:23.694682 138296820741824 sift.cc:1686] Creating SIFT CPU feature matcher
I20260912 09:38:23.694341 138297115330240 sift.cc:1686] Creating SIFT CPU feature matcher
I20260912 09:38:23.694765 138296697005760 sift.cc:1686] Creating SIFT CPU feature matcher
I20260912 09:38:23.694770 138296837527232 sift.cc:1686] Creating SIFT CPU feature matcher
I20260912 09:38:23.694778 138296713791168 sift.cc:1686] Creating SIFT CPU feature matcher
I20260912 09:38:23.694856 138296705398464 sift.cc:1686] Creating SIFT CPU feature matcher
I20260912 09:38:23.694862 138296738969280 sift.cc:1686] Creating SIFT CPU feature matcher
I20260912 09:38:23.694881 138296688613056 sift.cc:1686] Creating SIFT CPU feature matcher
I20260912 09:38:23.694862 138296604751552 sift.cc:1686] Creating SIFT CPU feature matcher
I20260912 09:38:23.695463 138296579573440 pairing.cc:179] Generating exhaustive image pairs...
I20260912 09:38:23.695473 138296579573440 pairing.cc:212] Processing block [1/1, 1/1]
I20260912 09:38:23.716299 138296579573440 feature_matching.cc:218] in 0.021s
I20260912 09:38:23.716320 138296579573440 timer.cc:90] Elapsed time: 0.000 [minutes]
I20260912 09:38:23.748989 138302704840832 incremental_pipeline.cc:353] Loading database
I20260912 09:38:23.749026 138302704840832 database_cache.cc:73] Loading rigs...
I20260912 09:38:23.749050 138302704840832 database_cache.cc:83]  6 in 0.000s
I20260912 09:38:23.749056 138302704840832 database_cache.cc:91] Loading cameras...
I20260912 09:38:23.749068 138302704840832 database_cache.cc:109]  6 in 0.000s
I20260912 09:38:23.749071 138302704840832 database_cache.cc:117] Loading frames...
I20260912 09:38:23.749097 138302704840832 database_cache.cc:127]  6 in 0.000s
I20260912 09:38:23.749100 138302704840832 database_cache.cc:135] Loading matches...
I20260912 09:38:23.749114 138302704840832 database_cache.cc:140]  1 in 0.000s
I20260912 09:38:23.749117 138302704840832 database_cache.cc:148] Loading images...
I20260912 09:38:23.749182 138302704840832 database_cache.cc:245]  6 in 0.000s (connected 2, loaded 2)
I20260912 09:38:23.749186 138302704840832 database_cache.cc:259] Loading pose priors...
I20260912 09:38:23.749191 138302704840832 database_cache.cc:267]  0 in 0.000s
I20260912 09:38:23.749194 138302704840832 database_cache.cc:275] Building correspondence graph...
I20260912 09:38:23.749233 138302704840832 database_cache.cc:304]  in 0.000s (ignored 0)
I20260912 09:38:23.749237 138302704840832 timer.cc:90] Elapsed time: 0.000 [minutes]
I20260912 09:38:23.749277 138302704840832 incremental_pipeline.cc:465] Finding good initial image pair
I20260912 09:38:23.753666 138302704840832 incremental_pipeline.cc:472] => No good initial image pair found.
I20260912 09:38:23.753672 138302704840832 incremental_pipeline.cc:800] Discarding reconstruction due to no initial pair
I20260912 09:38:23.753680 138302704840832 incremental_pipeline.cc:429] => Relaxing the initialization constraints.
I20260912 09:38:23.753695 138302704840832 incremental_pipeline.cc:465] Finding good initial image pair
I20260912 09:38:23.757309 138302704840832 incremental_pipeline.cc:472] => No good initial image pair found.
I20260912 09:38:23.757319 138302704840832 incremental_pipeline.cc:800] Discarding reconstruction due to no initial pair
I20260912 09:38:23.757324 138302704840832 incremental_pipeline.cc:442] => Relaxing the initialization constraints.
I20260912 09:38:23.757335 138302704840832 incremental_pipeline.cc:465] Finding good initial image pair
I20260912 09:38:23.760979 138302704840832 incremental_pipeline.cc:472] => No good initial image pair found.
I20260912 09:38:23.760982 138302704840832 incremental_pipeline.cc:800] Discarding reconstruction due to no initial pair
I20260912 09:38:23.760987 138302704840832 incremental_pipeline.cc:429] => Relaxing the initialization constraints.
I20260912 09:38:23.760998 138302704840832 incremental_pipeline.cc:465] Finding good initial image pair
I20260912 09:38:23.763275 138302704840832 incremental_pipeline.cc:472] => No good initial image pair found.
I20260912 09:38:23.763278 138302704840832 incremental_pipeline.cc:800] Discarding reconstruction due to no initial pair
I20260912 09:38:23.763282 138302704840832 incremental_pipeline.cc:442] => Relaxing the initialization constraints.
I20260912 09:38:23.763292 138302704840832 incremental_pipeline.cc:465] Finding good initial image pair
I20260912 09:38:23.765126 138302704840832 incremental_pipeline.cc:492] Registering initial image pair #5 and #4
I20260912 09:38:23.765184 138302704840832 incremental_pipeline.cc:791] Discarding reconstruction due to bad initial pair
I20260912 09:38:23.765211 138302704840832 incremental_pipeline.cc:465] Finding good initial image pair
I20260912 09:38:23.765782 138302704840832 incremental_pipeline.cc:472] => No good initial image pair found.
I20260912 09:38:23.765785 138302704840832 incremental_pipeline.cc:800] Discarding reconstruction due to no initial pair
I20260912 09:38:23.765790 138302704840832 timer.cc:90] Elapsed time: 0.000 [minutes]
E20260912 09:38:23.765795 138302704840832 sfm.cc:310] Failed to create any sparse model
[16/40] donut/403_52964_103416  registered 0/6  FAILED  (0.3s)
W20260912 09:38:23.855505 138302704840832 feature_extraction.cc:445] Your current options use the maximum number of threads on the machine to extract features. Extracting SIFT features on the CPU can consume a lot of RAM per thread for large images. Consider reducing the maximum image size and/or the first octave or manually limit the number of extraction threads. Ignore this warning, if your machine has sufficient memory for the current settings.
I20260912 09:38:23.855702 138296579573440 feature_extraction.cc:498] === Feature extraction ===
I20260912 09:38:23.856188 138296562788032 sift.cc:765] Creating SIFT CPU feature extractor
I20260912 09:38:23.856190 138296554395328 sift.cc:765] Creating SIFT CPU feature extractor
I20260912 09:38:23.856223 138296462141120 sift.cc:765] Creating SIFT CPU feature extractor
I20260912 09:38:23.856227 138296453748416 sift.cc:765] Creating SIFT CPU feature extractor
I20260912 09:38:23.856234 138296470533824 sift.cc:765] Creating SIFT CPU feature extractor
I20260912 09:38:23.856250 138296445355712 sift.cc:765] Creating SIFT CPU feature extractor
I20260912 09:38:23.856275 138296436963008 sift.cc:765] Creating SIFT CPU feature extractor
I20260912 09:38:23.856277 138296428570304 sift.cc:765] Creating SIFT CPU feature extractor
I20260912 09:38:23.856303 138296336316096 sift.cc:765] Creating SIFT CPU feature extractor
I20260912 09:38:23.856317 138296327923392 sift.cc:765] Creating SIFT CPU feature extractor
I20260912 09:38:23.856347 138296311137984 sift.cc:765] Creating SIFT CPU feature extractor
I20260912 09:38:23.856382 138296294352576 sift.cc:765] Creating SIFT CPU feature extractor
I20260912 09:38:23.856409 138296302745280 sift.cc:765] Creating SIFT CPU feature extractor
I20260912 09:38:23.856421 138296202098368 sift.cc:765] Creating SIFT CPU feature extractor
I20260912 09:38:23.856419 138296420177600 sift.cc:765] Creating SIFT CPU feature extractor
I20260912 09:38:23.856451 138296185312960 sift.cc:765] Creating SIFT CPU feature extractor
I20260912 09:38:23.856456 138296193705664 sift.cc:765] Creating SIFT CPU feature extractor
I20260912 09:38:23.856479 138296168527552 sift.cc:765] Creating SIFT CPU feature extractor
I20260912 09:38:23.856490 138296319530688 sift.cc:765] Creating SIFT CPU feature extractor
I20260912 09:38:23.856492 138296285959872 sift.cc:765] Creating SIFT CPU feature extractor
I20260912 09:38:23.856505 138296160134848 sift.cc:765] Creating SIFT CPU feature extractor
I20260912 09:38:23.856509 138296151742144 sift.cc:765] Creating SIFT CPU feature extractor
I20260912 09:38:23.856559 138295933662912 sift.cc:765] Creating SIFT CPU feature extractor
I20260912 09:38:23.856641 138296176920256 sift.cc:765] Creating SIFT CPU feature extractor
I20260912 09:38:24.045163 138295925270208 feature_extraction.cc:270] Processed file [1/6]
I20260912 09:38:24.045218 138295925270208 feature_extraction.cc:273]   Name:            image_4.png
I20260912 09:38:24.045223 138295925270208 feature_extraction.cc:282]   Dimensions:      518 x 518
I20260912 09:38:24.045225 138295925270208 feature_extraction.cc:285]   Camera:          #4 - PINHOLE
I20260912 09:38:24.045230 138295925270208 feature_extraction.cc:289]   Focal Length:    512.68px (Prior)
I20260912 09:38:24.045241 138295925270208 feature_extraction.cc:294]   Features:        1841 (SIFT)
I20260912 09:38:24.047505 138295925270208 feature_extraction.cc:270] Processed file [2/6]
I20260912 09:38:24.047537 138295925270208 feature_extraction.cc:273]   Name:            image_1.png
I20260912 09:38:24.047542 138295925270208 feature_extraction.cc:282]   Dimensions:      518 x 518
I20260912 09:38:24.047545 138295925270208 feature_extraction.cc:285]   Camera:          #1 - PINHOLE
I20260912 09:38:24.047548 138295925270208 feature_extraction.cc:289]   Focal Length:    512.68px (Prior)
I20260912 09:38:24.047555 138295925270208 feature_extraction.cc:294]   Features:        1909 (SIFT)
I20260912 09:38:24.060496 138295925270208 feature_extraction.cc:270] Processed file [3/6]
I20260912 09:38:24.060525 138295925270208 feature_extraction.cc:273]   Name:            image_3.png
I20260912 09:38:24.060536 138295925270208 feature_extraction.cc:282]   Dimensions:      518 x 518
I20260912 09:38:24.060539 138295925270208 feature_extraction.cc:285]   Camera:          #3 - PINHOLE
I20260912 09:38:24.060542 138295925270208 feature_extraction.cc:289]   Focal Length:    512.68px (Prior)
I20260912 09:38:24.060549 138295925270208 feature_extraction.cc:294]   Features:        1867 (SIFT)
I20260912 09:38:24.068261 138295925270208 feature_extraction.cc:270] Processed file [4/6]
I20260912 09:38:24.068285 138295925270208 feature_extraction.cc:273]   Name:            image_2.png
I20260912 09:38:24.068299 138295925270208 feature_extraction.cc:282]   Dimensions:      518 x 518
I20260912 09:38:24.068303 138295925270208 feature_extraction.cc:285]   Camera:          #2 - PINHOLE
I20260912 09:38:24.068306 138295925270208 feature_extraction.cc:289]   Focal Length:    512.68px (Prior)
I20260912 09:38:24.068313 138295925270208 feature_extraction.cc:294]   Features:        2265 (SIFT)
I20260912 09:38:24.072137 138295925270208 feature_extraction.cc:270] Processed file [5/6]
I20260912 09:38:24.072162 138295925270208 feature_extraction.cc:273]   Name:            image_6.png
I20260912 09:38:24.072166 138295925270208 feature_extraction.cc:282]   Dimensions:      518 x 518
I20260912 09:38:24.072169 138295925270208 feature_extraction.cc:285]   Camera:          #6 - PINHOLE
I20260912 09:38:24.072172 138295925270208 feature_extraction.cc:289]   Focal Length:    512.68px (Prior)
I20260912 09:38:24.072178 138295925270208 feature_extraction.cc:294]   Features:        1943 (SIFT)
I20260912 09:38:24.081506 138295925270208 feature_extraction.cc:270] Processed file [6/6]
I20260912 09:38:24.081528 138295925270208 feature_extraction.cc:273]   Name:            image_5.png
I20260912 09:38:24.081543 138295925270208 feature_extraction.cc:282]   Dimensions:      518 x 518
I20260912 09:38:24.081545 138295925270208 feature_extraction.cc:285]   Camera:          #5 - PINHOLE
I20260912 09:38:24.081548 138295925270208 feature_extraction.cc:289]   Focal Length:    512.68px (Prior)
I20260912 09:38:24.081568 138295925270208 feature_extraction.cc:294]   Features:        2276 (SIFT)
I20260912 09:38:24.082549 138296579573440 timer.cc:90] Elapsed time: 0.004 [minutes]
I20260912 09:38:24.109285 138296579573440 feature_matching.cc:196] === Feature matching & geometric verification ===
I20260912 09:38:24.109569 138295925270208 sift.cc:1686] Creating SIFT CPU feature matcher
I20260912 09:38:24.109591 138297132115648 sift.cc:1686] Creating SIFT CPU feature matcher
I20260912 09:38:24.109633 138297090152128 sift.cc:1686] Creating SIFT CPU feature matcher
I20260912 09:38:24.109595 138297123722944 sift.cc:1686] Creating SIFT CPU feature matcher
I20260912 09:38:24.109666 138297098544832 sift.cc:1686] Creating SIFT CPU feature matcher
I20260912 09:38:24.109701 138296151742144 sift.cc:1686] Creating SIFT CPU feature matcher
I20260912 09:38:24.109728 138296999012032 sift.cc:1686] Creating SIFT CPU feature matcher
I20260912 09:38:24.109748 138296845919936 sift.cc:1686] Creating SIFT CPU feature matcher
I20260912 09:38:24.109755 138296854312640 sift.cc:1686] Creating SIFT CPU feature matcher
I20260912 09:38:24.109706 138297106937536 sift.cc:1686] Creating SIFT CPU feature matcher
I20260912 09:38:24.109577 138297115330240 sift.cc:1686] Creating SIFT CPU feature matcher
I20260912 09:38:24.109847 138296837527232 sift.cc:1686] Creating SIFT CPU feature matcher
I20260912 09:38:24.109858 138295933662912 sift.cc:1686] Creating SIFT CPU feature matcher
I20260912 09:38:24.109864 138297007404736 sift.cc:1686] Creating SIFT CPU feature matcher
I20260912 09:38:24.109933 138296738969280 sift.cc:1686] Creating SIFT CPU feature matcher
I20260912 09:38:24.109950 138296820741824 sift.cc:1686] Creating SIFT CPU feature matcher
I20260912 09:38:24.109998 138296829134528 sift.cc:1686] Creating SIFT CPU feature matcher
I20260912 09:38:24.110014 138296705398464 sift.cc:1686] Creating SIFT CPU feature matcher
I20260912 09:38:24.110002 138296730576576 sift.cc:1686] Creating SIFT CPU feature matcher
I20260912 09:38:24.110084 138296697005760 sift.cc:1686] Creating SIFT CPU feature matcher
I20260912 09:38:24.110102 138296688613056 sift.cc:1686] Creating SIFT CPU feature matcher
I20260912 09:38:24.110110 138296713791168 sift.cc:1686] Creating SIFT CPU feature matcher
I20260912 09:38:24.110182 138296604751552 sift.cc:1686] Creating SIFT CPU feature matcher
I20260912 09:38:24.110000 138296722183872 sift.cc:1686] Creating SIFT CPU feature matcher
I20260912 09:38:24.110827 138296579573440 pairing.cc:179] Generating exhaustive image pairs...
I20260912 09:38:24.110849 138296579573440 pairing.cc:212] Processing block [1/1, 1/1]
I20260912 09:38:24.165377 138296579573440 feature_matching.cc:218] in 0.055s
I20260912 09:38:24.165404 138296579573440 timer.cc:90] Elapsed time: 0.001 [minutes]
I20260912 09:38:24.214227 138302704840832 incremental_pipeline.cc:353] Loading database
I20260912 09:38:24.214267 138302704840832 database_cache.cc:73] Loading rigs...
I20260912 09:38:24.214290 138302704840832 database_cache.cc:83]  6 in 0.000s
I20260912 09:38:24.214297 138302704840832 database_cache.cc:91] Loading cameras...
I20260912 09:38:24.214310 138302704840832 database_cache.cc:109]  6 in 0.000s
I20260912 09:38:24.214313 138302704840832 database_cache.cc:117] Loading frames...
I20260912 09:38:24.214336 138302704840832 database_cache.cc:127]  6 in 0.000s
I20260912 09:38:24.214339 138302704840832 database_cache.cc:135] Loading matches...
I20260912 09:38:24.214368 138302704840832 database_cache.cc:140]  10 in 0.000s
I20260912 09:38:24.214372 138302704840832 database_cache.cc:148] Loading images...
I20260912 09:38:24.214651 138302704840832 database_cache.cc:245]  6 in 0.000s (connected 6, loaded 6)
I20260912 09:38:24.214656 138302704840832 database_cache.cc:259] Loading pose priors...
I20260912 09:38:24.214661 138302704840832 database_cache.cc:267]  0 in 0.000s
I20260912 09:38:24.214664 138302704840832 database_cache.cc:275] Building correspondence graph...
I20260912 09:38:24.214872 138302704840832 database_cache.cc:304]  in 0.000s (ignored 0)
I20260912 09:38:24.214887 138302704840832 timer.cc:90] Elapsed time: 0.000 [minutes]
I20260912 09:38:24.214963 138302704840832 incremental_pipeline.cc:465] Finding good initial image pair
I20260912 09:38:24.225568 138302704840832 incremental_pipeline.cc:472] => No good initial image pair found.
I20260912 09:38:24.225586 138302704840832 incremental_pipeline.cc:800] Discarding reconstruction due to no initial pair
I20260912 09:38:24.225602 138302704840832 incremental_pipeline.cc:429] => Relaxing the initialization constraints.
I20260912 09:38:24.225660 138302704840832 incremental_pipeline.cc:465] Finding good initial image pair
I20260912 09:38:24.230346 138302704840832 incremental_pipeline.cc:472] => No good initial image pair found.
I20260912 09:38:24.230352 138302704840832 incremental_pipeline.cc:800] Discarding reconstruction due to no initial pair
I20260912 09:38:24.230364 138302704840832 incremental_pipeline.cc:442] => Relaxing the initialization constraints.
I20260912 09:38:24.230406 138302704840832 incremental_pipeline.cc:465] Finding good initial image pair
I20260912 09:38:24.237751 138302704840832 incremental_pipeline.cc:492] Registering initial image pair #5 and #2
I20260912 09:38:24.238192 138302704840832 incremental_pipeline.cc:510] Global bundle adjustment
I20260912 09:38:24.239250 138302704840832 incremental_pipeline.cc:791] Discarding reconstruction due to bad initial pair
I20260912 09:38:24.239400 138302704840832 incremental_pipeline.cc:465] Finding good initial image pair
I20260912 09:38:24.240094 138302704840832 incremental_pipeline.cc:472] => No good initial image pair found.
I20260912 09:38:24.240101 138302704840832 incremental_pipeline.cc:800] Discarding reconstruction due to no initial pair
I20260912 09:38:24.240113 138302704840832 incremental_pipeline.cc:429] => Relaxing the initialization constraints.
I20260912 09:38:24.240157 138302704840832 incremental_pipeline.cc:465] Finding good initial image pair
I20260912 09:38:24.251100 138302704840832 incremental_pipeline.cc:492] Registering initial image pair #5 and #2
I20260912 09:38:24.251446 138302704840832 incremental_pipeline.cc:510] Global bundle adjustment
I20260912 09:38:24.252236 138302704840832 incremental_pipeline.cc:791] Discarding reconstruction due to bad initial pair
I20260912 09:38:24.252356 138302704840832 incremental_pipeline.cc:465] Finding good initial image pair
I20260912 09:38:24.253096 138302704840832 incremental_pipeline.cc:472] => No good initial image pair found.
I20260912 09:38:24.253102 138302704840832 incremental_pipeline.cc:800] Discarding reconstruction due to no initial pair
I20260912 09:38:24.253115 138302704840832 incremental_pipeline.cc:442] => Relaxing the initialization constraints.
I20260912 09:38:24.253152 138302704840832 incremental_pipeline.cc:465] Finding good initial image pair
I20260912 09:38:24.260393 138302704840832 incremental_pipeline.cc:492] Registering initial image pair #2 and #5
I20260912 09:38:24.260599 138302704840832 incremental_pipeline.cc:510] Global bundle adjustment
I20260912 09:38:24.267225 138302704840832 incremental_pipeline.cc:88] Retriangulation and Global bundle adjustment
I20260912 09:38:24.267808 138302704840832 incremental_pipeline.cc:826] Keeping successful reconstruction
I20260912 09:38:24.268024 138302704840832 incremental_pipeline.cc:465] Finding good initial image pair
I20260912 09:38:24.268753 138302704840832 incremental_pipeline.cc:472] => No good initial image pair found.
I20260912 09:38:24.268757 138302704840832 incremental_pipeline.cc:800] Discarding reconstruction due to no initial pair
I20260912 09:38:24.268764 138302704840832 timer.cc:90] Elapsed time: 0.001 [minutes]
[17/40] hydrant/167_18184_34441  registered 2/6  FAILED  (0.4s)
W20260912 09:38:24.400288 138302704840832 feature_extraction.cc:445] Your current options use the maximum number of threads on the machine to extract features. Extracting SIFT features on the CPU can consume a lot of RAM per thread for large images. Consider reducing the maximum image size and/or the first octave or manually limit the number of extraction threads. Ignore this warning, if your machine has sufficient memory for the current settings.
I20260912 09:38:24.400469 138296579573440 feature_extraction.cc:498] === Feature extraction ===
I20260912 09:38:24.400968 138296554395328 sift.cc:765] Creating SIFT CPU feature extractor
I20260912 09:38:24.400975 138296453748416 sift.cc:765] Creating SIFT CPU feature extractor
I20260912 09:38:24.400970 138296470533824 sift.cc:765] Creating SIFT CPU feature extractor
I20260912 09:38:24.400985 138296428570304 sift.cc:765] Creating SIFT CPU feature extractor
I20260912 09:38:24.400996 138296420177600 sift.cc:765] Creating SIFT CPU feature extractor
I20260912 09:38:24.400976 138296445355712 sift.cc:765] Creating SIFT CPU feature extractor
I20260912 09:38:24.401020 138296436963008 sift.cc:765] Creating SIFT CPU feature extractor
I20260912 09:38:24.401028 138296336316096 sift.cc:765] Creating SIFT CPU feature extractor
I20260912 09:38:24.401036 138296327923392 sift.cc:765] Creating SIFT CPU feature extractor
I20260912 09:38:24.401052 138296311137984 sift.cc:765] Creating SIFT CPU feature extractor
I20260912 09:38:24.400975 138296462141120 sift.cc:765] Creating SIFT CPU feature extractor
I20260912 09:38:24.401109 138296285959872 sift.cc:765] Creating SIFT CPU feature extractor
I20260912 09:38:24.401151 138296193705664 sift.cc:765] Creating SIFT CPU feature extractor
I20260912 09:38:24.400973 138296562788032 sift.cc:765] Creating SIFT CPU feature extractor
I20260912 09:38:24.401176 138296176920256 sift.cc:765] Creating SIFT CPU feature extractor
I20260912 09:38:24.401178 138296302745280 sift.cc:765] Creating SIFT CPU feature extractor
I20260912 09:38:24.401202 138295933662912 sift.cc:765] Creating SIFT CPU feature extractor
I20260912 09:38:24.401198 138296319530688 sift.cc:765] Creating SIFT CPU feature extractor
I20260912 09:38:24.401198 138296202098368 sift.cc:765] Creating SIFT CPU feature extractor
I20260912 09:38:24.401225 138296294352576 sift.cc:765] Creating SIFT CPU feature extractor
I20260912 09:38:24.401229 138296185312960 sift.cc:765] Creating SIFT CPU feature extractor
I20260912 09:38:24.401226 138296168527552 sift.cc:765] Creating SIFT CPU feature extractor
I20260912 09:38:24.401247 138296151742144 sift.cc:765] Creating SIFT CPU feature extractor
I20260912 09:38:24.401271 138296160134848 sift.cc:765] Creating SIFT CPU feature extractor
I20260912 09:38:24.568849 138295925270208 feature_extraction.cc:270] Processed file [1/6]
I20260912 09:38:24.568907 138295925270208 feature_extraction.cc:273]   Name:            image_4.png
I20260912 09:38:24.568929 138295925270208 feature_extraction.cc:282]   Dimensions:      518 x 518
I20260912 09:38:24.568934 138295925270208 feature_extraction.cc:285]   Camera:          #4 - PINHOLE
I20260912 09:38:24.568938 138295925270208 feature_extraction.cc:289]   Focal Length:    533.86px (Prior)
I20260912 09:38:24.568949 138295925270208 feature_extraction.cc:294]   Features:        711 (SIFT)
I20260912 09:38:24.582182 138295925270208 feature_extraction.cc:270] Processed file [2/6]
I20260912 09:38:24.582202 138295925270208 feature_extraction.cc:273]   Name:            image_1.png
I20260912 09:38:24.582206 138295925270208 feature_extraction.cc:282]   Dimensions:      518 x 518
I20260912 09:38:24.582209 138295925270208 feature_extraction.cc:285]   Camera:          #1 - PINHOLE
I20260912 09:38:24.582213 138295925270208 feature_extraction.cc:289]   Focal Length:    533.86px (Prior)
I20260912 09:38:24.582219 138295925270208 feature_extraction.cc:294]   Features:        1395 (SIFT)
I20260912 09:38:24.583191 138295925270208 feature_extraction.cc:270] Processed file [3/6]
I20260912 09:38:24.583210 138295925270208 feature_extraction.cc:273]   Name:            image_5.png
I20260912 09:38:24.583215 138295925270208 feature_extraction.cc:282]   Dimensions:      518 x 518
I20260912 09:38:24.583218 138295925270208 feature_extraction.cc:285]   Camera:          #5 - PINHOLE
I20260912 09:38:24.583221 138295925270208 feature_extraction.cc:289]   Focal Length:    533.86px (Prior)
I20260912 09:38:24.583227 138295925270208 feature_extraction.cc:294]   Features:        1023 (SIFT)
I20260912 09:38:24.586211 138295925270208 feature_extraction.cc:270] Processed file [4/6]
I20260912 09:38:24.586230 138295925270208 feature_extraction.cc:273]   Name:            image_3.png
I20260912 09:38:24.586235 138295925270208 feature_extraction.cc:282]   Dimensions:      518 x 518
I20260912 09:38:24.586238 138295925270208 feature_extraction.cc:285]   Camera:          #3 - PINHOLE
I20260912 09:38:24.586241 138295925270208 feature_extraction.cc:289]   Focal Length:    533.86px (Prior)
I20260912 09:38:24.586247 138295925270208 feature_extraction.cc:294]   Features:        1383 (SIFT)
I20260912 09:38:24.593197 138295925270208 feature_extraction.cc:270] Processed file [5/6]
I20260912 09:38:24.593216 138295925270208 feature_extraction.cc:273]   Name:            image_2.png
I20260912 09:38:24.593220 138295925270208 feature_extraction.cc:282]   Dimensions:      518 x 518
I20260912 09:38:24.593223 138295925270208 feature_extraction.cc:285]   Camera:          #2 - PINHOLE
I20260912 09:38:24.593226 138295925270208 feature_extraction.cc:289]   Focal Length:    533.86px (Prior)
I20260912 09:38:24.593235 138295925270208 feature_extraction.cc:294]   Features:        1605 (SIFT)
I20260912 09:38:24.604676 138295925270208 feature_extraction.cc:270] Processed file [6/6]
I20260912 09:38:24.604697 138295925270208 feature_extraction.cc:273]   Name:            image_6.png
I20260912 09:38:24.604702 138295925270208 feature_extraction.cc:282]   Dimensions:      518 x 518
I20260912 09:38:24.604705 138295925270208 feature_extraction.cc:285]   Camera:          #6 - PINHOLE
I20260912 09:38:24.604708 138295925270208 feature_extraction.cc:289]   Focal Length:    533.86px (Prior)
I20260912 09:38:24.604714 138295925270208 feature_extraction.cc:294]   Features:        1522 (SIFT)
I20260912 09:38:24.605377 138296579573440 timer.cc:90] Elapsed time: 0.003 [minutes]
I20260912 09:38:24.654020 138296579573440 feature_matching.cc:196] === Feature matching & geometric verification ===
I20260912 09:38:24.654270 138295925270208 sift.cc:1686] Creating SIFT CPU feature matcher
I20260912 09:38:24.654278 138297106937536 sift.cc:1686] Creating SIFT CPU feature matcher
I20260912 09:38:24.654312 138297132115648 sift.cc:1686] Creating SIFT CPU feature matcher
I20260912 09:38:24.654314 138297123722944 sift.cc:1686] Creating SIFT CPU feature matcher
I20260912 09:38:24.654345 138297090152128 sift.cc:1686] Creating SIFT CPU feature matcher
I20260912 09:38:24.654400 138297007404736 sift.cc:1686] Creating SIFT CPU feature matcher
I20260912 09:38:24.654450 138296845919936 sift.cc:1686] Creating SIFT CPU feature matcher
I20260912 09:38:24.654456 138295933662912 sift.cc:1686] Creating SIFT CPU feature matcher
I20260912 09:38:24.654457 138297098544832 sift.cc:1686] Creating SIFT CPU feature matcher
I20260912 09:38:24.654489 138296837527232 sift.cc:1686] Creating SIFT CPU feature matcher
I20260912 09:38:24.654510 138296829134528 sift.cc:1686] Creating SIFT CPU feature matcher
I20260912 09:38:24.654542 138296151742144 sift.cc:1686] Creating SIFT CPU feature matcher
I20260912 09:38:24.654460 138297115330240 sift.cc:1686] Creating SIFT CPU feature matcher
I20260912 09:38:24.654572 138296999012032 sift.cc:1686] Creating SIFT CPU feature matcher
I20260912 09:38:24.654574 138296854312640 sift.cc:1686] Creating SIFT CPU feature matcher
I20260912 09:38:24.654646 138296820741824 sift.cc:1686] Creating SIFT CPU feature matcher
I20260912 09:38:24.654673 138296722183872 sift.cc:1686] Creating SIFT CPU feature matcher
I20260912 09:38:24.654705 138296697005760 sift.cc:1686] Creating SIFT CPU feature matcher
I20260912 09:38:24.654743 138296738969280 sift.cc:1686] Creating SIFT CPU feature matcher
I20260912 09:38:24.654746 138296730576576 sift.cc:1686] Creating SIFT CPU feature matcher
I20260912 09:38:24.654758 138296705398464 sift.cc:1686] Creating SIFT CPU feature matcher
I20260912 09:38:24.654763 138296688613056 sift.cc:1686] Creating SIFT CPU feature matcher
I20260912 09:38:24.654825 138296713791168 sift.cc:1686] Creating SIFT CPU feature matcher
I20260912 09:38:24.654942 138296604751552 sift.cc:1686] Creating SIFT CPU feature matcher
I20260912 09:38:24.655441 138296579573440 pairing.cc:179] Generating exhaustive image pairs...
I20260912 09:38:24.655452 138296579573440 pairing.cc:212] Processing block [1/1, 1/1]
I20260912 09:38:24.684933 138296579573440 feature_matching.cc:218] in 0.029s
I20260912 09:38:24.684965 138296579573440 timer.cc:90] Elapsed time: 0.001 [minutes]
I20260912 09:38:24.707422 138302704840832 incremental_pipeline.cc:353] Loading database
I20260912 09:38:24.707450 138302704840832 database_cache.cc:73] Loading rigs...
I20260912 09:38:24.707466 138302704840832 database_cache.cc:83]  6 in 0.000s
I20260912 09:38:24.707470 138302704840832 database_cache.cc:91] Loading cameras...
I20260912 09:38:24.707478 138302704840832 database_cache.cc:109]  6 in 0.000s
I20260912 09:38:24.707480 138302704840832 database_cache.cc:117] Loading frames...
I20260912 09:38:24.707495 138302704840832 database_cache.cc:127]  6 in 0.000s
I20260912 09:38:24.707497 138302704840832 database_cache.cc:135] Loading matches...
I20260912 09:38:24.707504 138302704840832 database_cache.cc:140]  1 in 0.000s
I20260912 09:38:24.707506 138302704840832 database_cache.cc:148] Loading images...
I20260912 09:38:24.707570 138302704840832 database_cache.cc:245]  6 in 0.000s (connected 2, loaded 2)
I20260912 09:38:24.707574 138302704840832 database_cache.cc:259] Loading pose priors...
I20260912 09:38:24.707577 138302704840832 database_cache.cc:267]  0 in 0.000s
I20260912 09:38:24.707579 138302704840832 database_cache.cc:275] Building correspondence graph...
I20260912 09:38:24.707597 138302704840832 database_cache.cc:304]  in 0.000s (ignored 0)
I20260912 09:38:24.707599 138302704840832 timer.cc:90] Elapsed time: 0.000 [minutes]
I20260912 09:38:24.707635 138302704840832 incremental_pipeline.cc:465] Finding good initial image pair
I20260912 09:38:24.708394 138302704840832 incremental_pipeline.cc:472] => No good initial image pair found.
I20260912 09:38:24.708398 138302704840832 incremental_pipeline.cc:800] Discarding reconstruction due to no initial pair
I20260912 09:38:24.708408 138302704840832 incremental_pipeline.cc:429] => Relaxing the initialization constraints.
I20260912 09:38:24.708423 138302704840832 incremental_pipeline.cc:465] Finding good initial image pair
I20260912 09:38:24.709276 138302704840832 incremental_pipeline.cc:472] => No good initial image pair found.
I20260912 09:38:24.709282 138302704840832 incremental_pipeline.cc:800] Discarding reconstruction due to no initial pair
I20260912 09:38:24.709290 138302704840832 incremental_pipeline.cc:442] => Relaxing the initialization constraints.
I20260912 09:38:24.709302 138302704840832 incremental_pipeline.cc:465] Finding good initial image pair
I20260912 09:38:24.710016 138302704840832 incremental_pipeline.cc:472] => No good initial image pair found.
I20260912 09:38:24.710021 138302704840832 incremental_pipeline.cc:800] Discarding reconstruction due to no initial pair
I20260912 09:38:24.710026 138302704840832 incremental_pipeline.cc:429] => Relaxing the initialization constraints.
I20260912 09:38:24.710036 138302704840832 incremental_pipeline.cc:465] Finding good initial image pair
I20260912 09:38:24.712379 138302704840832 incremental_pipeline.cc:492] Registering initial image pair #2 and #6
I20260912 09:38:24.712439 138302704840832 incremental_pipeline.cc:791] Discarding reconstruction due to bad initial pair
I20260912 09:38:24.712469 138302704840832 incremental_pipeline.cc:465] Finding good initial image pair
I20260912 09:38:24.713156 138302704840832 incremental_pipeline.cc:472] => No good initial image pair found.
I20260912 09:38:24.713161 138302704840832 incremental_pipeline.cc:800] Discarding reconstruction due to no initial pair
I20260912 09:38:24.713166 138302704840832 incremental_pipeline.cc:442] => Relaxing the initialization constraints.
I20260912 09:38:24.713175 138302704840832 incremental_pipeline.cc:465] Finding good initial image pair
I20260912 09:38:24.714876 138302704840832 incremental_pipeline.cc:492] Registering initial image pair #6 and #2
I20260912 09:38:24.714929 138302704840832 incremental_pipeline.cc:791] Discarding reconstruction due to bad initial pair
I20260912 09:38:24.714964 138302704840832 incremental_pipeline.cc:465] Finding good initial image pair
I20260912 09:38:24.715533 138302704840832 incremental_pipeline.cc:472] => No good initial image pair found.
I20260912 09:38:24.715537 138302704840832 incremental_pipeline.cc:800] Discarding reconstruction due to no initial pair
I20260912 09:38:24.715543 138302704840832 timer.cc:90] Elapsed time: 0.000 [minutes]
E20260912 09:38:24.715547 138302704840832 sfm.cc:310] Failed to create any sparse model
[18/40] hydrant/411_56064_108483  registered 0/6  FAILED  (0.3s)
W20260912 09:38:24.851202 138302704840832 feature_extraction.cc:445] Your current options use the maximum number of threads on the machine to extract features. Extracting SIFT features on the CPU can consume a lot of RAM per thread for large images. Consider reducing the maximum image size and/or the first octave or manually limit the number of extraction threads. Ignore this warning, if your machine has sufficient memory for the current settings.
I20260912 09:38:24.851377 138296688613056 feature_extraction.cc:498] === Feature extraction ===
I20260912 09:38:24.851997 138296453748416 sift.cc:765] Creating SIFT CPU feature extractor
I20260912 09:38:24.852006 138296436963008 sift.cc:765] Creating SIFT CPU feature extractor
I20260912 09:38:24.852002 138296562788032 sift.cc:765] Creating SIFT CPU feature extractor
I20260912 09:38:24.852017 138296302745280 sift.cc:765] Creating SIFT CPU feature extractor
I20260912 09:38:24.852003 138296470533824 sift.cc:765] Creating SIFT CPU feature extractor
I20260912 09:38:24.852003 138296462141120 sift.cc:765] Creating SIFT CPU feature extractor
I20260912 09:38:24.852046 138296420177600 sift.cc:765] Creating SIFT CPU feature extractor
I20260912 09:38:24.852012 138296445355712 sift.cc:765] Creating SIFT CPU feature extractor
I20260912 09:38:24.852067 138296428570304 sift.cc:765] Creating SIFT CPU feature extractor
I20260912 09:38:24.852075 138296202098368 sift.cc:765] Creating SIFT CPU feature extractor
I20260912 09:38:24.852088 138296193705664 sift.cc:765] Creating SIFT CPU feature extractor
I20260912 09:38:24.852093 138296336316096 sift.cc:765] Creating SIFT CPU feature extractor
I20260912 09:38:24.852102 138296319530688 sift.cc:765] Creating SIFT CPU feature extractor
I20260912 09:38:24.852095 138296327923392 sift.cc:765] Creating SIFT CPU feature extractor
I20260912 09:38:24.852017 138296554395328 sift.cc:765] Creating SIFT CPU feature extractor
I20260912 09:38:24.852187 138296311137984 sift.cc:765] Creating SIFT CPU feature extractor
I20260912 09:38:24.852068 138296285959872 sift.cc:765] Creating SIFT CPU feature extractor
I20260912 09:38:24.852104 138296176920256 sift.cc:765] Creating SIFT CPU feature extractor
I20260912 09:38:24.852070 138296294352576 sift.cc:765] Creating SIFT CPU feature extractor
I20260912 09:38:24.852349 138296168527552 sift.cc:765] Creating SIFT CPU feature extractor
I20260912 09:38:24.852112 138296185312960 sift.cc:765] Creating SIFT CPU feature extractor
I20260912 09:38:24.852332 138296160134848 sift.cc:765] Creating SIFT CPU feature extractor
I20260912 09:38:24.852335 138295933662912 sift.cc:765] Creating SIFT CPU feature extractor
I20260912 09:38:24.852334 138296151742144 sift.cc:765] Creating SIFT CPU feature extractor
I20260912 09:38:24.992452 138295925270208 feature_extraction.cc:270] Processed file [1/6]
I20260912 09:38:24.992512 138295925270208 feature_extraction.cc:273]   Name:            image_1.png
I20260912 09:38:24.992516 138295925270208 feature_extraction.cc:282]   Dimensions:      518 x 518
I20260912 09:38:24.992520 138295925270208 feature_extraction.cc:285]   Camera:          #1 - PINHOLE
I20260912 09:38:24.992524 138295925270208 feature_extraction.cc:289]   Focal Length:    702.81px (Prior)
I20260912 09:38:24.992544 138295925270208 feature_extraction.cc:294]   Features:        285 (SIFT)
I20260912 09:38:24.996837 138295925270208 feature_extraction.cc:270] Processed file [2/6]
I20260912 09:38:24.996860 138295925270208 feature_extraction.cc:273]   Name:            image_3.png
I20260912 09:38:24.996878 138295925270208 feature_extraction.cc:282]   Dimensions:      518 x 518
I20260912 09:38:24.996882 138295925270208 feature_extraction.cc:285]   Camera:          #3 - PINHOLE
I20260912 09:38:24.996885 138295925270208 feature_extraction.cc:289]   Focal Length:    702.81px (Prior)
I20260912 09:38:24.996892 138295925270208 feature_extraction.cc:294]   Features:        196 (SIFT)
I20260912 09:38:25.003189 138295925270208 feature_extraction.cc:270] Processed file [3/6]
I20260912 09:38:25.003209 138295925270208 feature_extraction.cc:273]   Name:            image_5.png
I20260912 09:38:25.003214 138295925270208 feature_extraction.cc:282]   Dimensions:      518 x 518
I20260912 09:38:25.003217 138295925270208 feature_extraction.cc:285]   Camera:          #5 - PINHOLE
I20260912 09:38:25.003220 138295925270208 feature_extraction.cc:289]   Focal Length:    702.81px (Prior)
I20260912 09:38:25.003226 138295925270208 feature_extraction.cc:294]   Features:        165 (SIFT)
I20260912 09:38:25.003889 138295925270208 feature_extraction.cc:270] Processed file [4/6]
I20260912 09:38:25.003908 138295925270208 feature_extraction.cc:273]   Name:            image_2.png
I20260912 09:38:25.003912 138295925270208 feature_extraction.cc:282]   Dimensions:      518 x 518
I20260912 09:38:25.003916 138295925270208 feature_extraction.cc:285]   Camera:          #2 - PINHOLE
I20260912 09:38:25.003919 138295925270208 feature_extraction.cc:289]   Focal Length:    702.81px (Prior)
I20260912 09:38:25.003925 138295925270208 feature_extraction.cc:294]   Features:        442 (SIFT)
I20260912 09:38:25.006897 138295925270208 feature_extraction.cc:270] Processed file [5/6]
I20260912 09:38:25.006916 138295925270208 feature_extraction.cc:273]   Name:            image_4.png
I20260912 09:38:25.006920 138295925270208 feature_extraction.cc:282]   Dimensions:      518 x 518
I20260912 09:38:25.006923 138295925270208 feature_extraction.cc:285]   Camera:          #4 - PINHOLE
I20260912 09:38:25.006926 138295925270208 feature_extraction.cc:289]   Focal Length:    702.81px (Prior)
I20260912 09:38:25.006932 138295925270208 feature_extraction.cc:294]   Features:        269 (SIFT)
I20260912 09:38:25.016406 138295925270208 feature_extraction.cc:270] Processed file [6/6]
I20260912 09:38:25.016427 138295925270208 feature_extraction.cc:273]   Name:            image_6.png
I20260912 09:38:25.016433 138295925270208 feature_extraction.cc:282]   Dimensions:      518 x 518
I20260912 09:38:25.016443 138295925270208 feature_extraction.cc:285]   Camera:          #6 - PINHOLE
I20260912 09:38:25.016447 138295925270208 feature_extraction.cc:289]   Focal Length:    702.81px (Prior)
I20260912 09:38:25.016454 138295925270208 feature_extraction.cc:294]   Features:        372 (SIFT)
I20260912 09:38:25.018361 138296688613056 timer.cc:90] Elapsed time: 0.003 [minutes]
I20260912 09:38:25.053934 138296688613056 feature_matching.cc:196] === Feature matching & geometric verification ===
I20260912 09:38:25.054210 138295925270208 sift.cc:1686] Creating SIFT CPU feature matcher
I20260912 09:38:25.054228 138297132115648 sift.cc:1686] Creating SIFT CPU feature matcher
I20260912 09:38:25.054236 138297123722944 sift.cc:1686] Creating SIFT CPU feature matcher
I20260912 09:38:25.054271 138297090152128 sift.cc:1686] Creating SIFT CPU feature matcher
I20260912 09:38:25.054310 138297106937536 sift.cc:1686] Creating SIFT CPU feature matcher
I20260912 09:38:25.054324 138296999012032 sift.cc:1686] Creating SIFT CPU feature matcher
I20260912 09:38:25.054327 138297007404736 sift.cc:1686] Creating SIFT CPU feature matcher
I20260912 09:38:25.054333 138297098544832 sift.cc:1686] Creating SIFT CPU feature matcher
I20260912 09:38:25.054375 138296845919936 sift.cc:1686] Creating SIFT CPU feature matcher
I20260912 09:38:25.054396 138296151742144 sift.cc:1686] Creating SIFT CPU feature matcher
I20260912 09:38:25.054335 138297115330240 sift.cc:1686] Creating SIFT CPU feature matcher
I20260912 09:38:25.054481 138296738969280 sift.cc:1686] Creating SIFT CPU feature matcher
I20260912 09:38:25.054323 138295933662912 sift.cc:1686] Creating SIFT CPU feature matcher
I20260912 09:38:25.054555 138296854312640 sift.cc:1686] Creating SIFT CPU feature matcher
I20260912 09:38:25.054564 138296837527232 sift.cc:1686] Creating SIFT CPU feature matcher
I20260912 09:38:25.054541 138296722183872 sift.cc:1686] Creating SIFT CPU feature matcher
I20260912 09:38:25.054630 138296829134528 sift.cc:1686] Creating SIFT CPU feature matcher
I20260912 09:38:25.054640 138296713791168 sift.cc:1686] Creating SIFT CPU feature matcher
I20260912 09:38:25.054631 138296820741824 sift.cc:1686] Creating SIFT CPU feature matcher
I20260912 09:38:25.054683 138296705398464 sift.cc:1686] Creating SIFT CPU feature matcher
I20260912 09:38:25.054707 138296697005760 sift.cc:1686] Creating SIFT CPU feature matcher
I20260912 09:38:25.054717 138296596358848 sift.cc:1686] Creating SIFT CPU feature matcher
I20260912 09:38:25.054724 138296604751552 sift.cc:1686] Creating SIFT CPU feature matcher
I20260912 09:38:25.054632 138296730576576 sift.cc:1686] Creating SIFT CPU feature matcher
I20260912 09:38:25.055401 138296688613056 pairing.cc:179] Generating exhaustive image pairs...
I20260912 09:38:25.055412 138296688613056 pairing.cc:212] Processing block [1/1, 1/1]
I20260912 09:38:25.065846 138296688613056 feature_matching.cc:218] in 0.010s
I20260912 09:38:25.065869 138296688613056 timer.cc:90] Elapsed time: 0.000 [minutes]
I20260912 09:38:25.109009 138302704840832 incremental_pipeline.cc:353] Loading database
I20260912 09:38:25.109048 138302704840832 database_cache.cc:73] Loading rigs...
I20260912 09:38:25.109071 138302704840832 database_cache.cc:83]  6 in 0.000s
I20260912 09:38:25.109078 138302704840832 database_cache.cc:91] Loading cameras...
I20260912 09:38:25.109088 138302704840832 database_cache.cc:109]  6 in 0.000s
I20260912 09:38:25.109092 138302704840832 database_cache.cc:117] Loading frames...
I20260912 09:38:25.109113 138302704840832 database_cache.cc:127]  6 in 0.000s
I20260912 09:38:25.109117 138302704840832 database_cache.cc:135] Loading matches...
I20260912 09:38:25.109125 138302704840832 database_cache.cc:140]  0 in 0.000s
I20260912 09:38:25.109127 138302704840832 database_cache.cc:148] Loading images...
I20260912 09:38:25.109150 138302704840832 database_cache.cc:245]  6 in 0.000s (connected 0, loaded 0)
I20260912 09:38:25.109154 138302704840832 database_cache.cc:259] Loading pose priors...
I20260912 09:38:25.109159 138302704840832 database_cache.cc:267]  0 in 0.000s
I20260912 09:38:25.109165 138302704840832 database_cache.cc:275] Building correspondence graph...
I20260912 09:38:25.109168 138302704840832 database_cache.cc:304]  in 0.000s (ignored 0)
I20260912 09:38:25.109171 138302704840832 timer.cc:90] Elapsed time: 0.000 [minutes]
W20260912 09:38:25.109177 138302704840832 incremental_pipeline.cc:390] No images with matches
E20260912 09:38:25.109183 138302704840832 sfm.cc:310] Failed to create any sparse model
[19/40] mouse/107_12753_23606  registered 0/6  FAILED  (0.3s)
W20260912 09:38:25.196467 138302704840832 feature_extraction.cc:445] Your current options use the maximum number of threads on the machine to extract features. Extracting SIFT features on the CPU can consume a lot of RAM per thread for large images. Consider reducing the maximum image size and/or the first octave or manually limit the number of extraction threads. Ignore this warning, if your machine has sufficient memory for the current settings.
I20260912 09:38:25.196632 138296168527552 feature_extraction.cc:498] === Feature extraction ===
I20260912 09:38:25.197098 138296579573440 sift.cc:765] Creating SIFT CPU feature extractor
I20260912 09:38:25.197105 138296587966144 sift.cc:765] Creating SIFT CPU feature extractor
I20260912 09:38:25.197140 138296470533824 sift.cc:765] Creating SIFT CPU feature extractor
I20260912 09:38:25.197141 138296554395328 sift.cc:765] Creating SIFT CPU feature extractor
I20260912 09:38:25.197106 138296571180736 sift.cc:765] Creating SIFT CPU feature extractor
I20260912 09:38:25.197178 138296562788032 sift.cc:765] Creating SIFT CPU feature extractor
I20260912 09:38:25.197182 138296453748416 sift.cc:765] Creating SIFT CPU feature extractor
I20260912 09:38:25.197220 138296436963008 sift.cc:765] Creating SIFT CPU feature extractor
I20260912 09:38:25.197230 138296462141120 sift.cc:765] Creating SIFT CPU feature extractor
I20260912 09:38:25.197232 138296596358848 sift.cc:765] Creating SIFT CPU feature extractor
I20260912 09:38:25.197262 138296428570304 sift.cc:765] Creating SIFT CPU feature extractor
I20260912 09:38:25.197277 138296327923392 sift.cc:765] Creating SIFT CPU feature extractor
I20260912 09:38:25.197294 138296311137984 sift.cc:765] Creating SIFT CPU feature extractor
I20260912 09:38:25.197300 138296319530688 sift.cc:765] Creating SIFT CPU feature extractor
I20260912 09:38:25.197321 138296294352576 sift.cc:765] Creating SIFT CPU feature extractor
I20260912 09:38:25.197335 138296285959872 sift.cc:765] Creating SIFT CPU feature extractor
I20260912 09:38:25.197342 138296302745280 sift.cc:765] Creating SIFT CPU feature extractor
I20260912 09:38:25.197363 138296420177600 sift.cc:765] Creating SIFT CPU feature extractor
I20260912 09:38:25.197364 138296336316096 sift.cc:765] Creating SIFT CPU feature extractor
I20260912 09:38:25.197384 138295933662912 sift.cc:765] Creating SIFT CPU feature extractor
I20260912 09:38:25.197390 138296202098368 sift.cc:765] Creating SIFT CPU feature extractor
I20260912 09:38:25.197365 138296445355712 sift.cc:765] Creating SIFT CPU feature extractor
I20260912 09:38:25.197367 138296151742144 sift.cc:765] Creating SIFT CPU feature extractor
I20260912 09:38:25.197555 138296160134848 sift.cc:765] Creating SIFT CPU feature extractor
I20260912 09:38:25.382908 138295925270208 feature_extraction.cc:270] Processed file [1/6]
I20260912 09:38:25.382969 138295925270208 feature_extraction.cc:273]   Name:            image_1.png
I20260912 09:38:25.382974 138295925270208 feature_extraction.cc:282]   Dimensions:      518 x 518
I20260912 09:38:25.382978 138295925270208 feature_extraction.cc:285]   Camera:          #1 - PINHOLE
I20260912 09:38:25.382982 138295925270208 feature_extraction.cc:289]   Focal Length:    569.71px (Prior)
I20260912 09:38:25.382993 138295925270208 feature_extraction.cc:294]   Features:        1482 (SIFT)
I20260912 09:38:25.395033 138295925270208 feature_extraction.cc:270] Processed file [2/6]
I20260912 09:38:25.395052 138295925270208 feature_extraction.cc:273]   Name:            image_4.png
I20260912 09:38:25.395064 138295925270208 feature_extraction.cc:282]   Dimensions:      518 x 518
I20260912 09:38:25.395069 138295925270208 feature_extraction.cc:285]   Camera:          #4 - PINHOLE
I20260912 09:38:25.395072 138295925270208 feature_extraction.cc:289]   Focal Length:    569.71px (Prior)
I20260912 09:38:25.395078 138295925270208 feature_extraction.cc:294]   Features:        1728 (SIFT)
I20260912 09:38:25.396235 138295925270208 feature_extraction.cc:270] Processed file [3/6]
I20260912 09:38:25.396254 138295925270208 feature_extraction.cc:273]   Name:            image_6.png
I20260912 09:38:25.396258 138295925270208 feature_extraction.cc:282]   Dimensions:      518 x 518
I20260912 09:38:25.396261 138295925270208 feature_extraction.cc:285]   Camera:          #6 - PINHOLE
I20260912 09:38:25.396264 138295925270208 feature_extraction.cc:289]   Focal Length:    569.71px (Prior)
I20260912 09:38:25.396270 138295925270208 feature_extraction.cc:294]   Features:        1608 (SIFT)
I20260912 09:38:25.396910 138295925270208 feature_extraction.cc:270] Processed file [4/6]
I20260912 09:38:25.396931 138295925270208 feature_extraction.cc:273]   Name:            image_3.png
I20260912 09:38:25.396936 138295925270208 feature_extraction.cc:282]   Dimensions:      518 x 518
I20260912 09:38:25.396939 138295925270208 feature_extraction.cc:285]   Camera:          #3 - PINHOLE
I20260912 09:38:25.396942 138295925270208 feature_extraction.cc:289]   Focal Length:    569.71px (Prior)
I20260912 09:38:25.396948 138295925270208 feature_extraction.cc:294]   Features:        1695 (SIFT)
I20260912 09:38:25.402504 138295925270208 feature_extraction.cc:270] Processed file [5/6]
I20260912 09:38:25.402523 138295925270208 feature_extraction.cc:273]   Name:            image_5.png
I20260912 09:38:25.402537 138295925270208 feature_extraction.cc:282]   Dimensions:      518 x 518
I20260912 09:38:25.402539 138295925270208 feature_extraction.cc:285]   Camera:          #5 - PINHOLE
I20260912 09:38:25.402542 138295925270208 feature_extraction.cc:289]   Focal Length:    569.71px (Prior)
I20260912 09:38:25.402546 138295925270208 feature_extraction.cc:294]   Features:        2383 (SIFT)
I20260912 09:38:25.407686 138295925270208 feature_extraction.cc:270] Processed file [6/6]
I20260912 09:38:25.407702 138295925270208 feature_extraction.cc:273]   Name:            image_2.png
I20260912 09:38:25.407704 138295925270208 feature_extraction.cc:282]   Dimensions:      518 x 518
I20260912 09:38:25.407705 138295925270208 feature_extraction.cc:285]   Camera:          #2 - PINHOLE
I20260912 09:38:25.407707 138295925270208 feature_extraction.cc:289]   Focal Length:    569.71px (Prior)
I20260912 09:38:25.407711 138295925270208 feature_extraction.cc:294]   Features:        2172 (SIFT)
I20260912 09:38:25.409414 138296168527552 timer.cc:90] Elapsed time: 0.004 [minutes]
I20260912 09:38:25.450189 138296168527552 feature_matching.cc:196] === Feature matching & geometric verification ===
I20260912 09:38:25.450467 138295925270208 sift.cc:1686] Creating SIFT CPU feature matcher
I20260912 09:38:25.450472 138297115330240 sift.cc:1686] Creating SIFT CPU feature matcher
I20260912 09:38:25.450537 138297132115648 sift.cc:1686] Creating SIFT CPU feature matcher
I20260912 09:38:25.450557 138297090152128 sift.cc:1686] Creating SIFT CPU feature matcher
I20260912 09:38:25.450539 138297123722944 sift.cc:1686] Creating SIFT CPU feature matcher
I20260912 09:38:25.450588 138295933662912 sift.cc:1686] Creating SIFT CPU feature matcher
I20260912 09:38:25.450624 138296999012032 sift.cc:1686] Creating SIFT CPU feature matcher
I20260912 09:38:25.450647 138297007404736 sift.cc:1686] Creating SIFT CPU feature matcher
I20260912 09:38:25.450653 138296854312640 sift.cc:1686] Creating SIFT CPU feature matcher
I20260912 09:38:25.450690 138296151742144 sift.cc:1686] Creating SIFT CPU feature matcher
I20260912 09:38:25.450703 138297098544832 sift.cc:1686] Creating SIFT CPU feature matcher
I20260912 09:38:25.450702 138297106937536 sift.cc:1686] Creating SIFT CPU feature matcher
I20260912 09:38:25.450736 138296845919936 sift.cc:1686] Creating SIFT CPU feature matcher
I20260912 09:38:25.450836 138296820741824 sift.cc:1686] Creating SIFT CPU feature matcher
I20260912 09:38:25.450887 138296829134528 sift.cc:1686] Creating SIFT CPU feature matcher
I20260912 09:38:25.450891 138296705398464 sift.cc:1686] Creating SIFT CPU feature matcher
I20260912 09:38:25.450943 138296688613056 sift.cc:1686] Creating SIFT CPU feature matcher
I20260912 09:38:25.450947 138296713791168 sift.cc:1686] Creating SIFT CPU feature matcher
I20260912 09:38:25.450961 138296697005760 sift.cc:1686] Creating SIFT CPU feature matcher
I20260912 09:38:25.450889 138296837527232 sift.cc:1686] Creating SIFT CPU feature matcher
I20260912 09:38:25.451026 138296604751552 sift.cc:1686] Creating SIFT CPU feature matcher
I20260912 09:38:25.450951 138296730576576 sift.cc:1686] Creating SIFT CPU feature matcher
I20260912 09:38:25.450949 138296722183872 sift.cc:1686] Creating SIFT CPU feature matcher
I20260912 09:38:25.450950 138296738969280 sift.cc:1686] Creating SIFT CPU feature matcher
I20260912 09:38:25.451701 138296168527552 pairing.cc:179] Generating exhaustive image pairs...
I20260912 09:38:25.451715 138296168527552 pairing.cc:212] Processing block [1/1, 1/1]
I20260912 09:38:25.503225 138296168527552 feature_matching.cc:218] in 0.052s
I20260912 09:38:25.503263 138296168527552 timer.cc:90] Elapsed time: 0.001 [minutes]
I20260912 09:38:25.553460 138302704840832 incremental_pipeline.cc:353] Loading database
I20260912 09:38:25.553509 138302704840832 database_cache.cc:73] Loading rigs...
I20260912 09:38:25.553539 138302704840832 database_cache.cc:83]  6 in 0.000s
I20260912 09:38:25.553547 138302704840832 database_cache.cc:91] Loading cameras...
I20260912 09:38:25.553560 138302704840832 database_cache.cc:109]  6 in 0.000s
I20260912 09:38:25.553570 138302704840832 database_cache.cc:117] Loading frames...
I20260912 09:38:25.553595 138302704840832 database_cache.cc:127]  6 in 0.000s
I20260912 09:38:25.553598 138302704840832 database_cache.cc:135] Loading matches...
I20260912 09:38:25.553613 138302704840832 database_cache.cc:140]  3 in 0.000s
I20260912 09:38:25.553616 138302704840832 database_cache.cc:148] Loading images...
I20260912 09:38:25.553786 138302704840832 database_cache.cc:245]  6 in 0.000s (connected 4, loaded 4)
I20260912 09:38:25.553792 138302704840832 database_cache.cc:259] Loading pose priors...
I20260912 09:38:25.553797 138302704840832 database_cache.cc:267]  0 in 0.000s
I20260912 09:38:25.553800 138302704840832 database_cache.cc:275] Building correspondence graph...
I20260912 09:38:25.553846 138302704840832 database_cache.cc:304]  in 0.000s (ignored 0)
I20260912 09:38:25.553850 138302704840832 timer.cc:90] Elapsed time: 0.000 [minutes]
I20260912 09:38:25.553906 138302704840832 incremental_pipeline.cc:465] Finding good initial image pair
I20260912 09:38:25.554844 138302704840832 incremental_pipeline.cc:472] => No good initial image pair found.
I20260912 09:38:25.554852 138302704840832 incremental_pipeline.cc:800] Discarding reconstruction due to no initial pair
I20260912 09:38:25.554865 138302704840832 incremental_pipeline.cc:429] => Relaxing the initialization constraints.
I20260912 09:38:25.554897 138302704840832 incremental_pipeline.cc:465] Finding good initial image pair
I20260912 09:38:25.556343 138302704840832 incremental_pipeline.cc:472] => No good initial image pair found.
I20260912 09:38:25.556350 138302704840832 incremental_pipeline.cc:800] Discarding reconstruction due to no initial pair
I20260912 09:38:25.556362 138302704840832 incremental_pipeline.cc:442] => Relaxing the initialization constraints.
I20260912 09:38:25.556394 138302704840832 incremental_pipeline.cc:465] Finding good initial image pair
I20260912 09:38:25.557483 138302704840832 incremental_pipeline.cc:472] => No good initial image pair found.
I20260912 09:38:25.557488 138302704840832 incremental_pipeline.cc:800] Discarding reconstruction due to no initial pair
I20260912 09:38:25.557499 138302704840832 incremental_pipeline.cc:429] => Relaxing the initialization constraints.
I20260912 09:38:25.557525 138302704840832 incremental_pipeline.cc:465] Finding good initial image pair
I20260912 09:38:25.558374 138302704840832 incremental_pipeline.cc:472] => No good initial image pair found.
I20260912 09:38:25.558380 138302704840832 incremental_pipeline.cc:800] Discarding reconstruction due to no initial pair
I20260912 09:38:25.558389 138302704840832 incremental_pipeline.cc:442] => Relaxing the initialization constraints.
I20260912 09:38:25.558413 138302704840832 incremental_pipeline.cc:465] Finding good initial image pair
I20260912 09:38:25.559268 138302704840832 incremental_pipeline.cc:472] => No good initial image pair found.
I20260912 09:38:25.559273 138302704840832 incremental_pipeline.cc:800] Discarding reconstruction due to no initial pair
I20260912 09:38:25.559283 138302704840832 timer.cc:90] Elapsed time: 0.000 [minutes]
E20260912 09:38:25.559291 138302704840832 sfm.cc:310] Failed to create any sparse model
[20/40] mouse/377_43416_86289  registered 0/6  FAILED  (0.4s)
W20260912 09:38:25.657381 138302704840832 feature_extraction.cc:445] Your current options use the maximum number of threads on the machine to extract features. Extracting SIFT features on the CPU can consume a lot of RAM per thread for large images. Consider reducing the maximum image size and/or the first octave or manually limit the number of extraction threads. Ignore this warning, if your machine has sufficient memory for the current settings.
I20260912 09:38:25.657582 138296688613056 feature_extraction.cc:498] === Feature extraction ===
I20260912 09:38:25.658042 138296562788032 sift.cc:765] Creating SIFT CPU feature extractor
I20260912 09:38:25.658062 138296462141120 sift.cc:765] Creating SIFT CPU feature extractor
I20260912 09:38:25.658083 138296453748416 sift.cc:765] Creating SIFT CPU feature extractor
I20260912 09:38:25.658100 138296554395328 sift.cc:765] Creating SIFT CPU feature extractor
I20260912 09:38:25.658115 138296445355712 sift.cc:765] Creating SIFT CPU feature extractor
I20260912 09:38:25.658139 138296420177600 sift.cc:765] Creating SIFT CPU feature extractor
I20260912 09:38:25.658147 138296428570304 sift.cc:765] Creating SIFT CPU feature extractor
I20260912 09:38:25.658141 138296336316096 sift.cc:765] Creating SIFT CPU feature extractor
I20260912 09:38:25.658189 138296319530688 sift.cc:765] Creating SIFT CPU feature extractor
I20260912 09:38:25.658194 138296436963008 sift.cc:765] Creating SIFT CPU feature extractor
I20260912 09:38:25.658195 138296327923392 sift.cc:765] Creating SIFT CPU feature extractor
I20260912 09:38:25.658236 138296294352576 sift.cc:765] Creating SIFT CPU feature extractor
I20260912 09:38:25.658254 138296311137984 sift.cc:765] Creating SIFT CPU feature extractor
I20260912 09:38:25.658258 138296302745280 sift.cc:765] Creating SIFT CPU feature extractor
I20260912 09:38:25.658257 138296202098368 sift.cc:765] Creating SIFT CPU feature extractor
I20260912 09:38:25.658194 138296470533824 sift.cc:765] Creating SIFT CPU feature extractor
I20260912 09:38:25.658281 138296176920256 sift.cc:765] Creating SIFT CPU feature extractor
I20260912 09:38:25.658302 138296193705664 sift.cc:765] Creating SIFT CPU feature extractor
I20260912 09:38:25.658310 138296185312960 sift.cc:765] Creating SIFT CPU feature extractor
I20260912 09:38:25.658318 138296168527552 sift.cc:765] Creating SIFT CPU feature extractor
I20260912 09:38:25.658345 138296160134848 sift.cc:765] Creating SIFT CPU feature extractor
I20260912 09:38:25.658353 138295933662912 sift.cc:765] Creating SIFT CPU feature extractor
I20260912 09:38:25.658381 138296285959872 sift.cc:765] Creating SIFT CPU feature extractor
I20260912 09:38:25.658388 138296151742144 sift.cc:765] Creating SIFT CPU feature extractor
I20260912 09:38:25.829886 138295925270208 feature_extraction.cc:270] Processed file [1/6]
I20260912 09:38:25.829943 138295925270208 feature_extraction.cc:273]   Name:            image_2.png
I20260912 09:38:25.829948 138295925270208 feature_extraction.cc:282]   Dimensions:      518 x 518
I20260912 09:38:25.829951 138295925270208 feature_extraction.cc:285]   Camera:          #2 - PINHOLE
I20260912 09:38:25.829975 138295925270208 feature_extraction.cc:289]   Focal Length:    359.20px (Prior)
I20260912 09:38:25.829988 138295925270208 feature_extraction.cc:294]   Features:        954 (SIFT)
I20260912 09:38:25.834363 138295925270208 feature_extraction.cc:270] Processed file [2/6]
I20260912 09:38:25.834382 138295925270208 feature_extraction.cc:273]   Name:            image_3.png
I20260912 09:38:25.834387 138295925270208 feature_extraction.cc:282]   Dimensions:      518 x 518
I20260912 09:38:25.834390 138295925270208 feature_extraction.cc:285]   Camera:          #3 - PINHOLE
I20260912 09:38:25.834393 138295925270208 feature_extraction.cc:289]   Focal Length:    359.20px (Prior)
I20260912 09:38:25.834399 138295925270208 feature_extraction.cc:294]   Features:        979 (SIFT)
I20260912 09:38:25.836031 138295925270208 feature_extraction.cc:270] Processed file [3/6]
I20260912 09:38:25.836050 138295925270208 feature_extraction.cc:273]   Name:            image_4.png
I20260912 09:38:25.836055 138295925270208 feature_extraction.cc:282]   Dimensions:      518 x 518
I20260912 09:38:25.836058 138295925270208 feature_extraction.cc:285]   Camera:          #4 - PINHOLE
I20260912 09:38:25.836061 138295925270208 feature_extraction.cc:289]   Focal Length:    359.20px (Prior)
I20260912 09:38:25.836067 138295925270208 feature_extraction.cc:294]   Features:        852 (SIFT)
I20260912 09:38:25.836344 138295925270208 feature_extraction.cc:270] Processed file [4/6]
I20260912 09:38:25.836351 138295925270208 feature_extraction.cc:273]   Name:            image_5.png
I20260912 09:38:25.836354 138295925270208 feature_extraction.cc:282]   Dimensions:      518 x 518
I20260912 09:38:25.836356 138295925270208 feature_extraction.cc:285]   Camera:          #5 - PINHOLE
I20260912 09:38:25.836367 138295925270208 feature_extraction.cc:289]   Focal Length:    359.20px (Prior)
I20260912 09:38:25.836372 138295925270208 feature_extraction.cc:294]   Features:        769 (SIFT)
I20260912 09:38:25.840075 138295925270208 feature_extraction.cc:270] Processed file [5/6]
I20260912 09:38:25.840093 138295925270208 feature_extraction.cc:273]   Name:            image_1.png
I20260912 09:38:25.840098 138295925270208 feature_extraction.cc:282]   Dimensions:      518 x 518
I20260912 09:38:25.840101 138295925270208 feature_extraction.cc:285]   Camera:          #1 - PINHOLE
I20260912 09:38:25.840104 138295925270208 feature_extraction.cc:289]   Focal Length:    359.20px (Prior)
I20260912 09:38:25.840110 138295925270208 feature_extraction.cc:294]   Features:        1502 (SIFT)
I20260912 09:38:25.840793 138295925270208 feature_extraction.cc:270] Processed file [6/6]
I20260912 09:38:25.840811 138295925270208 feature_extraction.cc:273]   Name:            image_6.png
I20260912 09:38:25.840816 138295925270208 feature_extraction.cc:282]   Dimensions:      518 x 518
I20260912 09:38:25.840819 138295925270208 feature_extraction.cc:285]   Camera:          #6 - PINHOLE
I20260912 09:38:25.840822 138295925270208 feature_extraction.cc:289]   Focal Length:    359.20px (Prior)
I20260912 09:38:25.840828 138295925270208 feature_extraction.cc:294]   Features:        867 (SIFT)
I20260912 09:38:25.844272 138296688613056 timer.cc:90] Elapsed time: 0.003 [minutes]
I20260912 09:38:25.860859 138296688613056 feature_matching.cc:196] === Feature matching & geometric verification ===
I20260912 09:38:25.861113 138297132115648 sift.cc:1686] Creating SIFT CPU feature matcher
I20260912 09:38:25.861121 138297123722944 sift.cc:1686] Creating SIFT CPU feature matcher
I20260912 09:38:25.861151 138295925270208 sift.cc:1686] Creating SIFT CPU feature matcher
I20260912 09:38:25.861236 138297090152128 sift.cc:1686] Creating SIFT CPU feature matcher
I20260912 09:38:25.861236 138297115330240 sift.cc:1686] Creating SIFT CPU feature matcher
I20260912 09:38:25.861290 138296854312640 sift.cc:1686] Creating SIFT CPU feature matcher
I20260912 09:38:25.861318 138295933662912 sift.cc:1686] Creating SIFT CPU feature matcher
I20260912 09:38:25.861321 138297098544832 sift.cc:1686] Creating SIFT CPU feature matcher
I20260912 09:38:25.861349 138297007404736 sift.cc:1686] Creating SIFT CPU feature matcher
I20260912 09:38:25.861380 138296829134528 sift.cc:1686] Creating SIFT CPU feature matcher
I20260912 09:38:25.861416 138296820741824 sift.cc:1686] Creating SIFT CPU feature matcher
I20260912 09:38:25.861349 138297106937536 sift.cc:1686] Creating SIFT CPU feature matcher
I20260912 09:38:25.861444 138296837527232 sift.cc:1686] Creating SIFT CPU feature matcher
I20260912 09:38:25.861352 138296845919936 sift.cc:1686] Creating SIFT CPU feature matcher
I20260912 09:38:25.861361 138296999012032 sift.cc:1686] Creating SIFT CPU feature matcher
I20260912 09:38:25.861454 138296738969280 sift.cc:1686] Creating SIFT CPU feature matcher
I20260912 09:38:25.861598 138296713791168 sift.cc:1686] Creating SIFT CPU feature matcher
I20260912 09:38:25.861604 138296722183872 sift.cc:1686] Creating SIFT CPU feature matcher
I20260912 09:38:25.861641 138296697005760 sift.cc:1686] Creating SIFT CPU feature matcher
I20260912 09:38:25.861421 138296151742144 sift.cc:1686] Creating SIFT CPU feature matcher
I20260912 09:38:25.861690 138296705398464 sift.cc:1686] Creating SIFT CPU feature matcher
I20260912 09:38:25.861698 138296596358848 sift.cc:1686] Creating SIFT CPU feature matcher
I20260912 09:38:25.861700 138296730576576 sift.cc:1686] Creating SIFT CPU feature matcher
I20260912 09:38:25.861727 138296604751552 sift.cc:1686] Creating SIFT CPU feature matcher
I20260912 09:38:25.862416 138296688613056 pairing.cc:179] Generating exhaustive image pairs...
I20260912 09:38:25.862427 138296688613056 pairing.cc:212] Processing block [1/1, 1/1]
I20260912 09:38:25.893580 138296688613056 feature_matching.cc:218] in 0.031s
I20260912 09:38:25.893602 138296688613056 timer.cc:90] Elapsed time: 0.001 [minutes]
I20260912 09:38:25.914031 138302704840832 incremental_pipeline.cc:353] Loading database
I20260912 09:38:25.914068 138302704840832 database_cache.cc:73] Loading rigs...
I20260912 09:38:25.914091 138302704840832 database_cache.cc:83]  6 in 0.000s
I20260912 09:38:25.914097 138302704840832 database_cache.cc:91] Loading cameras...
I20260912 09:38:25.914108 138302704840832 database_cache.cc:109]  6 in 0.000s
I20260912 09:38:25.914112 138302704840832 database_cache.cc:117] Loading frames...
I20260912 09:38:25.914135 138302704840832 database_cache.cc:127]  6 in 0.000s
I20260912 09:38:25.914139 138302704840832 database_cache.cc:135] Loading matches...
I20260912 09:38:25.914158 138302704840832 database_cache.cc:140]  5 in 0.000s
I20260912 09:38:25.914162 138302704840832 database_cache.cc:148] Loading images...
I20260912 09:38:25.914312 138302704840832 database_cache.cc:245]  6 in 0.000s (connected 5, loaded 5)
I20260912 09:38:25.914317 138302704840832 database_cache.cc:259] Loading pose priors...
I20260912 09:38:25.914323 138302704840832 database_cache.cc:267]  0 in 0.000s
I20260912 09:38:25.914327 138302704840832 database_cache.cc:275] Building correspondence graph...
I20260912 09:38:25.914410 138302704840832 database_cache.cc:304]  in 0.000s (ignored 0)
I20260912 09:38:25.914415 138302704840832 timer.cc:90] Elapsed time: 0.000 [minutes]
I20260912 09:38:25.914476 138302704840832 incremental_pipeline.cc:465] Finding good initial image pair
I20260912 09:38:25.917227 138302704840832 incremental_pipeline.cc:492] Registering initial image pair #1 and #5
I20260912 09:38:25.917353 138302704840832 incremental_pipeline.cc:510] Global bundle adjustment
I20260912 09:38:25.917714 138302704840832 incremental_pipeline.cc:791] Discarding reconstruction due to bad initial pair
I20260912 09:38:25.917776 138302704840832 incremental_pipeline.cc:465] Finding good initial image pair
I20260912 09:38:25.918489 138302704840832 incremental_pipeline.cc:472] => No good initial image pair found.
I20260912 09:38:25.918492 138302704840832 incremental_pipeline.cc:800] Discarding reconstruction due to no initial pair
I20260912 09:38:25.918497 138302704840832 incremental_pipeline.cc:429] => Relaxing the initialization constraints.
I20260912 09:38:25.918518 138302704840832 incremental_pipeline.cc:465] Finding good initial image pair
I20260912 09:38:25.923206 138302704840832 incremental_pipeline.cc:492] Registering initial image pair #1 and #5
I20260912 09:38:25.923287 138302704840832 incremental_pipeline.cc:510] Global bundle adjustment
I20260912 09:38:25.923499 138302704840832 incremental_pipeline.cc:791] Discarding reconstruction due to bad initial pair
I20260912 09:38:25.923538 138302704840832 incremental_pipeline.cc:465] Finding good initial image pair
I20260912 09:38:25.924177 138302704840832 incremental_pipeline.cc:472] => No good initial image pair found.
I20260912 09:38:25.924179 138302704840832 incremental_pipeline.cc:800] Discarding reconstruction due to no initial pair
I20260912 09:38:25.924183 138302704840832 incremental_pipeline.cc:442] => Relaxing the initialization constraints.
I20260912 09:38:25.924196 138302704840832 incremental_pipeline.cc:465] Finding good initial image pair
I20260912 09:38:25.926956 138302704840832 incremental_pipeline.cc:492] Registering initial image pair #1 and #5
I20260912 09:38:25.927038 138302704840832 incremental_pipeline.cc:510] Global bundle adjustment
I20260912 09:38:25.927266 138302704840832 incremental_pipeline.cc:791] Discarding reconstruction due to bad initial pair
I20260912 09:38:25.927306 138302704840832 incremental_pipeline.cc:465] Finding good initial image pair
I20260912 09:38:25.927844 138302704840832 incremental_pipeline.cc:472] => No good initial image pair found.
I20260912 09:38:25.927847 138302704840832 incremental_pipeline.cc:800] Discarding reconstruction due to no initial pair
I20260912 09:38:25.927851 138302704840832 incremental_pipeline.cc:429] => Relaxing the initialization constraints.
I20260912 09:38:25.927866 138302704840832 incremental_pipeline.cc:465] Finding good initial image pair
I20260912 09:38:25.930075 138302704840832 incremental_pipeline.cc:492] Registering initial image pair #1 and #5
I20260912 09:38:25.930155 138302704840832 incremental_pipeline.cc:510] Global bundle adjustment
I20260912 09:38:25.930370 138302704840832 incremental_pipeline.cc:791] Discarding reconstruction due to bad initial pair
I20260912 09:38:25.930406 138302704840832 incremental_pipeline.cc:465] Finding good initial image pair
I20260912 09:38:25.931037 138302704840832 incremental_pipeline.cc:472] => No good initial image pair found.
I20260912 09:38:25.931040 138302704840832 incremental_pipeline.cc:800] Discarding reconstruction due to no initial pair
I20260912 09:38:25.931044 138302704840832 incremental_pipeline.cc:442] => Relaxing the initialization constraints.
I20260912 09:38:25.931057 138302704840832 incremental_pipeline.cc:465] Finding good initial image pair
I20260912 09:38:25.933371 138302704840832 incremental_pipeline.cc:492] Registering initial image pair #1 and #5
I20260912 09:38:25.933451 138302704840832 incremental_pipeline.cc:510] Global bundle adjustment
I20260912 09:38:25.933689 138302704840832 incremental_pipeline.cc:791] Discarding reconstruction due to bad initial pair
I20260912 09:38:25.933729 138302704840832 incremental_pipeline.cc:465] Finding good initial image pair
I20260912 09:38:25.934324 138302704840832 incremental_pipeline.cc:472] => No good initial image pair found.
I20260912 09:38:25.934327 138302704840832 incremental_pipeline.cc:800] Discarding reconstruction due to no initial pair
I20260912 09:38:25.934331 138302704840832 timer.cc:90] Elapsed time: 0.000 [minutes]
E20260912 09:38:25.934334 138302704840832 sfm.cc:310] Failed to create any sparse model
[21/40] orange/374_42196_84367  registered 0/6  FAILED  (0.3s)
W20260912 09:38:26.046709 138302704840832 feature_extraction.cc:445] Your current options use the maximum number of threads on the machine to extract features. Extracting SIFT features on the CPU can consume a lot of RAM per thread for large images. Consider reducing the maximum image size and/or the first octave or manually limit the number of extraction threads. Ignore this warning, if your machine has sufficient memory for the current settings.
I20260912 09:38:26.046896 138296579573440 feature_extraction.cc:498] === Feature extraction ===
I20260912 09:38:26.047401 138296562788032 sift.cc:765] Creating SIFT CPU feature extractor
I20260912 09:38:26.047453 138296462141120 sift.cc:765] Creating SIFT CPU feature extractor
I20260912 09:38:26.047485 138296445355712 sift.cc:765] Creating SIFT CPU feature extractor
I20260912 09:38:26.047516 138296428570304 sift.cc:765] Creating SIFT CPU feature extractor
I20260912 09:38:26.047542 138296470533824 sift.cc:765] Creating SIFT CPU feature extractor
I20260912 09:38:26.047554 138296336316096 sift.cc:765] Creating SIFT CPU feature extractor
I20260912 09:38:26.047568 138296327923392 sift.cc:765] Creating SIFT CPU feature extractor
I20260912 09:38:26.047568 138296420177600 sift.cc:765] Creating SIFT CPU feature extractor
I20260912 09:38:26.047591 138296453748416 sift.cc:765] Creating SIFT CPU feature extractor
I20260912 09:38:26.047610 138296436963008 sift.cc:765] Creating SIFT CPU feature extractor
I20260912 09:38:26.047620 138296302745280 sift.cc:765] Creating SIFT CPU feature extractor
I20260912 09:38:26.047620 138296311137984 sift.cc:765] Creating SIFT CPU feature extractor
I20260912 09:38:26.047610 138296554395328 sift.cc:765] Creating SIFT CPU feature extractor
I20260912 09:38:26.047652 138296285959872 sift.cc:765] Creating SIFT CPU feature extractor
I20260912 09:38:26.047674 138296202098368 sift.cc:765] Creating SIFT CPU feature extractor
I20260912 09:38:26.047693 138296193705664 sift.cc:765] Creating SIFT CPU feature extractor
I20260912 09:38:26.047695 138296319530688 sift.cc:765] Creating SIFT CPU feature extractor
I20260912 09:38:26.047696 138296294352576 sift.cc:765] Creating SIFT CPU feature extractor
I20260912 09:38:26.047791 138295933662912 sift.cc:765] Creating SIFT CPU feature extractor
I20260912 09:38:26.047831 138296185312960 sift.cc:765] Creating SIFT CPU feature extractor
I20260912 09:38:26.047835 138296160134848 sift.cc:765] Creating SIFT CPU feature extractor
I20260912 09:38:26.047885 138296176920256 sift.cc:765] Creating SIFT CPU feature extractor
I20260912 09:38:26.047920 138296168527552 sift.cc:765] Creating SIFT CPU feature extractor
I20260912 09:38:26.047922 138296151742144 sift.cc:765] Creating SIFT CPU feature extractor
I20260912 09:38:26.191695 138295925270208 feature_extraction.cc:270] Processed file [1/6]
I20260912 09:38:26.191757 138295925270208 feature_extraction.cc:273]   Name:            image_2.png
I20260912 09:38:26.191762 138295925270208 feature_extraction.cc:282]   Dimensions:      518 x 518
I20260912 09:38:26.191765 138295925270208 feature_extraction.cc:285]   Camera:          #2 - PINHOLE
I20260912 09:38:26.191769 138295925270208 feature_extraction.cc:289]   Focal Length:    613.22px (Prior)
I20260912 09:38:26.191781 138295925270208 feature_extraction.cc:294]   Features:        248 (SIFT)
I20260912 09:38:26.192704 138295925270208 feature_extraction.cc:270] Processed file [2/6]
I20260912 09:38:26.192729 138295925270208 feature_extraction.cc:273]   Name:            image_1.png
I20260912 09:38:26.192734 138295925270208 feature_extraction.cc:282]   Dimensions:      518 x 518
I20260912 09:38:26.192737 138295925270208 feature_extraction.cc:285]   Camera:          #1 - PINHOLE
I20260912 09:38:26.192740 138295925270208 feature_extraction.cc:289]   Focal Length:    613.22px (Prior)
I20260912 09:38:26.192747 138295925270208 feature_extraction.cc:294]   Features:        308 (SIFT)
I20260912 09:38:26.198115 138295925270208 feature_extraction.cc:270] Processed file [3/6]
I20260912 09:38:26.198139 138295925270208 feature_extraction.cc:273]   Name:            image_3.png
I20260912 09:38:26.198147 138295925270208 feature_extraction.cc:282]   Dimensions:      518 x 518
I20260912 09:38:26.198150 138295925270208 feature_extraction.cc:285]   Camera:          #3 - PINHOLE
I20260912 09:38:26.198153 138295925270208 feature_extraction.cc:289]   Focal Length:    613.22px (Prior)
I20260912 09:38:26.198160 138295925270208 feature_extraction.cc:294]   Features:        333 (SIFT)
I20260912 09:38:26.203691 138295925270208 feature_extraction.cc:270] Processed file [4/6]
I20260912 09:38:26.203717 138295925270208 feature_extraction.cc:273]   Name:            image_4.png
I20260912 09:38:26.203731 138295925270208 feature_extraction.cc:282]   Dimensions:      518 x 518
I20260912 09:38:26.203736 138295925270208 feature_extraction.cc:285]   Camera:          #4 - PINHOLE
I20260912 09:38:26.203739 138295925270208 feature_extraction.cc:289]   Focal Length:    613.22px (Prior)
I20260912 09:38:26.203746 138295925270208 feature_extraction.cc:294]   Features:        336 (SIFT)
I20260912 09:38:26.203914 138295925270208 feature_extraction.cc:270] Processed file [5/6]
I20260912 09:38:26.203919 138295925270208 feature_extraction.cc:273]   Name:            image_5.png
I20260912 09:38:26.203922 138295925270208 feature_extraction.cc:282]   Dimensions:      518 x 518
I20260912 09:38:26.203924 138295925270208 feature_extraction.cc:285]   Camera:          #5 - PINHOLE
I20260912 09:38:26.203927 138295925270208 feature_extraction.cc:289]   Focal Length:    613.22px (Prior)
I20260912 09:38:26.203931 138295925270208 feature_extraction.cc:294]   Features:        187 (SIFT)
I20260912 09:38:26.219600 138295925270208 feature_extraction.cc:270] Processed file [6/6]
I20260912 09:38:26.219627 138295925270208 feature_extraction.cc:273]   Name:            image_6.png
I20260912 09:38:26.219631 138295925270208 feature_extraction.cc:282]   Dimensions:      518 x 518
I20260912 09:38:26.219634 138295925270208 feature_extraction.cc:285]   Camera:          #6 - PINHOLE
I20260912 09:38:26.219638 138295925270208 feature_extraction.cc:289]   Focal Length:    613.22px (Prior)
I20260912 09:38:26.219645 138295925270208 feature_extraction.cc:294]   Features:        592 (SIFT)
I20260912 09:38:26.220570 138296579573440 timer.cc:90] Elapsed time: 0.003 [minutes]
I20260912 09:38:26.249482 138296579573440 feature_matching.cc:196] === Feature matching & geometric verification ===
I20260912 09:38:26.249780 138295925270208 sift.cc:1686] Creating SIFT CPU feature matcher
I20260912 09:38:26.249815 138297132115648 sift.cc:1686] Creating SIFT CPU feature matcher
I20260912 09:38:26.249821 138297123722944 sift.cc:1686] Creating SIFT CPU feature matcher
I20260912 09:38:26.249886 138297098544832 sift.cc:1686] Creating SIFT CPU feature matcher
I20260912 09:38:26.249892 138297007404736 sift.cc:1686] Creating SIFT CPU feature matcher
I20260912 09:38:26.249915 138297090152128 sift.cc:1686] Creating SIFT CPU feature matcher
I20260912 09:38:26.249941 138296151742144 sift.cc:1686] Creating SIFT CPU feature matcher
I20260912 09:38:26.249944 138297106937536 sift.cc:1686] Creating SIFT CPU feature matcher
I20260912 09:38:26.249974 138296999012032 sift.cc:1686] Creating SIFT CPU feature matcher
I20260912 09:38:26.250002 138296854312640 sift.cc:1686] Creating SIFT CPU feature matcher
I20260912 09:38:26.250061 138296837527232 sift.cc:1686] Creating SIFT CPU feature matcher
I20260912 09:38:26.250081 138295933662912 sift.cc:1686] Creating SIFT CPU feature matcher
I20260912 09:38:26.250121 138296738969280 sift.cc:1686] Creating SIFT CPU feature matcher
I20260912 09:38:26.250127 138296845919936 sift.cc:1686] Creating SIFT CPU feature matcher
I20260912 09:38:26.250149 138296820741824 sift.cc:1686] Creating SIFT CPU feature matcher
I20260912 09:38:26.250165 138297115330240 sift.cc:1686] Creating SIFT CPU feature matcher
I20260912 09:38:26.250174 138296829134528 sift.cc:1686] Creating SIFT CPU feature matcher
I20260912 09:38:26.250175 138296722183872 sift.cc:1686] Creating SIFT CPU feature matcher
I20260912 09:38:26.250206 138296713791168 sift.cc:1686] Creating SIFT CPU feature matcher
I20260912 09:38:26.250224 138296697005760 sift.cc:1686] Creating SIFT CPU feature matcher
I20260912 09:38:26.250243 138296730576576 sift.cc:1686] Creating SIFT CPU feature matcher
I20260912 09:38:26.250290 138296705398464 sift.cc:1686] Creating SIFT CPU feature matcher
I20260912 09:38:26.250396 138296688613056 sift.cc:1686] Creating SIFT CPU feature matcher
I20260912 09:38:26.250423 138296604751552 sift.cc:1686] Creating SIFT CPU feature matcher
I20260912 09:38:26.251028 138296579573440 pairing.cc:179] Generating exhaustive image pairs...
I20260912 09:38:26.251049 138296579573440 pairing.cc:212] Processing block [1/1, 1/1]
I20260912 09:38:26.270333 138296579573440 feature_matching.cc:218] in 0.019s
I20260912 09:38:26.270352 138296579573440 timer.cc:90] Elapsed time: 0.000 [minutes]
I20260912 09:38:26.302553 138302704840832 incremental_pipeline.cc:353] Loading database
I20260912 09:38:26.302605 138302704840832 database_cache.cc:73] Loading rigs...
I20260912 09:38:26.302634 138302704840832 database_cache.cc:83]  6 in 0.000s
I20260912 09:38:26.302644 138302704840832 database_cache.cc:91] Loading cameras...
I20260912 09:38:26.302660 138302704840832 database_cache.cc:109]  6 in 0.000s
I20260912 09:38:26.302665 138302704840832 database_cache.cc:117] Loading frames...
I20260912 09:38:26.302693 138302704840832 database_cache.cc:127]  6 in 0.000s
I20260912 09:38:26.302697 138302704840832 database_cache.cc:135] Loading matches...
I20260912 09:38:26.302714 138302704840832 database_cache.cc:140]  2 in 0.000s
I20260912 09:38:26.302719 138302704840832 database_cache.cc:148] Loading images...
I20260912 09:38:26.302799 138302704840832 database_cache.cc:245]  6 in 0.000s (connected 4, loaded 4)
I20260912 09:38:26.302806 138302704840832 database_cache.cc:259] Loading pose priors...
I20260912 09:38:26.302813 138302704840832 database_cache.cc:267]  0 in 0.000s
I20260912 09:38:26.302817 138302704840832 database_cache.cc:275] Building correspondence graph...
I20260912 09:38:26.302849 138302704840832 database_cache.cc:304]  in 0.000s (ignored 0)
I20260912 09:38:26.302854 138302704840832 timer.cc:90] Elapsed time: 0.000 [minutes]
I20260912 09:38:26.302903 138302704840832 incremental_pipeline.cc:465] Finding good initial image pair
I20260912 09:38:26.304441 138302704840832 incremental_pipeline.cc:472] => No good initial image pair found.
I20260912 09:38:26.304462 138302704840832 incremental_pipeline.cc:800] Discarding reconstruction due to no initial pair
I20260912 09:38:26.304519 138302704840832 incremental_pipeline.cc:429] => Relaxing the initialization constraints.
I20260912 09:38:26.304562 138302704840832 incremental_pipeline.cc:465] Finding good initial image pair
I20260912 09:38:26.315561 138302704840832 incremental_pipeline.cc:472] => No good initial image pair found.
I20260912 09:38:26.315579 138302704840832 incremental_pipeline.cc:800] Discarding reconstruction due to no initial pair
I20260912 09:38:26.315591 138302704840832 incremental_pipeline.cc:442] => Relaxing the initialization constraints.
I20260912 09:38:26.315624 138302704840832 incremental_pipeline.cc:465] Finding good initial image pair
I20260912 09:38:26.316601 138302704840832 incremental_pipeline.cc:472] => No good initial image pair found.
I20260912 09:38:26.316611 138302704840832 incremental_pipeline.cc:800] Discarding reconstruction due to no initial pair
I20260912 09:38:26.316620 138302704840832 incremental_pipeline.cc:429] => Relaxing the initialization constraints.
I20260912 09:38:26.316644 138302704840832 incremental_pipeline.cc:465] Finding good initial image pair
I20260912 09:38:26.320379 138302704840832 incremental_pipeline.cc:492] Registering initial image pair #5 and #1
I20260912 09:38:26.320414 138302704840832 incremental_pipeline.cc:791] Discarding reconstruction due to bad initial pair
I20260912 09:38:26.320441 138302704840832 incremental_pipeline.cc:465] Finding good initial image pair
I20260912 09:38:26.321137 138302704840832 incremental_pipeline.cc:472] => No good initial image pair found.
I20260912 09:38:26.321144 138302704840832 incremental_pipeline.cc:800] Discarding reconstruction due to no initial pair
I20260912 09:38:26.321150 138302704840832 incremental_pipeline.cc:442] => Relaxing the initialization constraints.
I20260912 09:38:26.321165 138302704840832 incremental_pipeline.cc:465] Finding good initial image pair
I20260912 09:38:26.323996 138302704840832 incremental_pipeline.cc:492] Registering initial image pair #1 and #5
I20260912 09:38:26.324019 138302704840832 incremental_pipeline.cc:791] Discarding reconstruction due to bad initial pair
I20260912 09:38:26.324040 138302704840832 incremental_pipeline.cc:465] Finding good initial image pair
I20260912 09:38:26.324795 138302704840832 incremental_pipeline.cc:472] => No good initial image pair found.
I20260912 09:38:26.324806 138302704840832 incremental_pipeline.cc:800] Discarding reconstruction due to no initial pair
I20260912 09:38:26.324815 138302704840832 timer.cc:90] Elapsed time: 0.000 [minutes]
E20260912 09:38:26.324821 138302704840832 sfm.cc:310] Failed to create any sparse model
[22/40] orange/385_45386_90752  registered 0/6  FAILED  (0.3s)
W20260912 09:38:26.466117 138302704840832 feature_extraction.cc:445] Your current options use the maximum number of threads on the machine to extract features. Extracting SIFT features on the CPU can consume a lot of RAM per thread for large images. Consider reducing the maximum image size and/or the first octave or manually limit the number of extraction threads. Ignore this warning, if your machine has sufficient memory for the current settings.
I20260912 09:38:26.466308 138296688613056 feature_extraction.cc:498] === Feature extraction ===
I20260912 09:38:26.467010 138296554395328 sift.cc:765] Creating SIFT CPU feature extractor
I20260912 09:38:26.467026 138296462141120 sift.cc:765] Creating SIFT CPU feature extractor
I20260912 09:38:26.467040 138296470533824 sift.cc:765] Creating SIFT CPU feature extractor
I20260912 09:38:26.467084 138296445355712 sift.cc:765] Creating SIFT CPU feature extractor
I20260912 09:38:26.467087 138296436963008 sift.cc:765] Creating SIFT CPU feature extractor
I20260912 09:38:26.467089 138296428570304 sift.cc:765] Creating SIFT CPU feature extractor
I20260912 09:38:26.467102 138296453748416 sift.cc:765] Creating SIFT CPU feature extractor
I20260912 09:38:26.467102 138296562788032 sift.cc:765] Creating SIFT CPU feature extractor
I20260912 09:38:26.467129 138296420177600 sift.cc:765] Creating SIFT CPU feature extractor
I20260912 09:38:26.467141 138296336316096 sift.cc:765] Creating SIFT CPU feature extractor
I20260912 09:38:26.467145 138296319530688 sift.cc:765] Creating SIFT CPU feature extractor
I20260912 09:38:26.467181 138296327923392 sift.cc:765] Creating SIFT CPU feature extractor
I20260912 09:38:26.467231 138296202098368 sift.cc:765] Creating SIFT CPU feature extractor
I20260912 09:38:26.467258 138296185312960 sift.cc:765] Creating SIFT CPU feature extractor
I20260912 09:38:26.467284 138296193705664 sift.cc:765] Creating SIFT CPU feature extractor
I20260912 09:38:26.467339 138296302745280 sift.cc:765] Creating SIFT CPU feature extractor
I20260912 09:38:26.467342 138296176920256 sift.cc:765] Creating SIFT CPU feature extractor
I20260912 09:38:26.467378 138296151742144 sift.cc:765] Creating SIFT CPU feature extractor
I20260912 09:38:26.467388 138296168527552 sift.cc:765] Creating SIFT CPU feature extractor
I20260912 09:38:26.467392 138295933662912 sift.cc:765] Creating SIFT CPU feature extractor
I20260912 09:38:26.467342 138296285959872 sift.cc:765] Creating SIFT CPU feature extractor
I20260912 09:38:26.467450 138296160134848 sift.cc:765] Creating SIFT CPU feature extractor
I20260912 09:38:26.467339 138296311137984 sift.cc:765] Creating SIFT CPU feature extractor
I20260912 09:38:26.467339 138296294352576 sift.cc:765] Creating SIFT CPU feature extractor
I20260912 09:38:26.655092 138295925270208 feature_extraction.cc:270] Processed file [1/6]
I20260912 09:38:26.655155 138295925270208 feature_extraction.cc:273]   Name:            image_2.png
I20260912 09:38:26.655161 138295925270208 feature_extraction.cc:282]   Dimensions:      518 x 518
I20260912 09:38:26.655164 138295925270208 feature_extraction.cc:285]   Camera:          #2 - PINHOLE
I20260912 09:38:26.655168 138295925270208 feature_extraction.cc:289]   Focal Length:    548.74px (Prior)
I20260912 09:38:26.655179 138295925270208 feature_extraction.cc:294]   Features:        1489 (SIFT)
I20260912 09:38:26.658479 138295925270208 feature_extraction.cc:270] Processed file [2/6]
I20260912 09:38:26.658495 138295925270208 feature_extraction.cc:273]   Name:            image_3.png
I20260912 09:38:26.658498 138295925270208 feature_extraction.cc:282]   Dimensions:      518 x 518
I20260912 09:38:26.658505 138295925270208 feature_extraction.cc:285]   Camera:          #3 - PINHOLE
I20260912 09:38:26.658509 138295925270208 feature_extraction.cc:289]   Focal Length:    548.74px (Prior)
I20260912 09:38:26.658515 138295925270208 feature_extraction.cc:294]   Features:        1324 (SIFT)
I20260912 09:38:26.658956 138295925270208 feature_extraction.cc:270] Processed file [3/6]
I20260912 09:38:26.658964 138295925270208 feature_extraction.cc:273]   Name:            image_1.png
I20260912 09:38:26.658967 138295925270208 feature_extraction.cc:282]   Dimensions:      518 x 518
I20260912 09:38:26.658969 138295925270208 feature_extraction.cc:285]   Camera:          #1 - PINHOLE
I20260912 09:38:26.658972 138295925270208 feature_extraction.cc:289]   Focal Length:    548.74px (Prior)
I20260912 09:38:26.658976 138295925270208 feature_extraction.cc:294]   Features:        1614 (SIFT)
I20260912 09:38:26.670102 138295925270208 feature_extraction.cc:270] Processed file [4/6]
I20260912 09:38:26.670121 138295925270208 feature_extraction.cc:273]   Name:            image_5.png
I20260912 09:38:26.670123 138295925270208 feature_extraction.cc:282]   Dimensions:      518 x 518
I20260912 09:38:26.670125 138295925270208 feature_extraction.cc:285]   Camera:          #5 - PINHOLE
I20260912 09:38:26.670127 138295925270208 feature_extraction.cc:289]   Focal Length:    548.74px (Prior)
I20260912 09:38:26.670131 138295925270208 feature_extraction.cc:294]   Features:        1656 (SIFT)
I20260912 09:38:26.677368 138295925270208 feature_extraction.cc:270] Processed file [5/6]
I20260912 09:38:26.677387 138295925270208 feature_extraction.cc:273]   Name:            image_4.png
I20260912 09:38:26.677390 138295925270208 feature_extraction.cc:282]   Dimensions:      518 x 518
I20260912 09:38:26.677392 138295925270208 feature_extraction.cc:285]   Camera:          #4 - PINHOLE
I20260912 09:38:26.677406 138295925270208 feature_extraction.cc:289]   Focal Length:    548.74px (Prior)
I20260912 09:38:26.677411 138295925270208 feature_extraction.cc:294]   Features:        1953 (SIFT)
I20260912 09:38:26.681223 138295925270208 feature_extraction.cc:270] Processed file [6/6]
I20260912 09:38:26.681241 138295925270208 feature_extraction.cc:273]   Name:            image_6.png
I20260912 09:38:26.681244 138295925270208 feature_extraction.cc:282]   Dimensions:      518 x 518
I20260912 09:38:26.681246 138295925270208 feature_extraction.cc:285]   Camera:          #6 - PINHOLE
I20260912 09:38:26.681248 138295925270208 feature_extraction.cc:289]   Focal Length:    548.74px (Prior)
I20260912 09:38:26.681253 138295925270208 feature_extraction.cc:294]   Features:        1811 (SIFT)
I20260912 09:38:26.683181 138296688613056 timer.cc:90] Elapsed time: 0.004 [minutes]
I20260912 09:38:26.719974 138296688613056 feature_matching.cc:196] === Feature matching & geometric verification ===
I20260912 09:38:26.720164 138295933662912 sift.cc:1686] Creating SIFT CPU feature matcher
I20260912 09:38:26.720175 138296151742144 sift.cc:1686] Creating SIFT CPU feature matcher
I20260912 09:38:26.720180 138295925270208 sift.cc:1686] Creating SIFT CPU feature matcher
I20260912 09:38:26.720260 138297115330240 sift.cc:1686] Creating SIFT CPU feature matcher
I20260912 09:38:26.720281 138297123722944 sift.cc:1686] Creating SIFT CPU feature matcher
I20260912 09:38:26.720291 138297132115648 sift.cc:1686] Creating SIFT CPU feature matcher
I20260912 09:38:26.720345 138297098544832 sift.cc:1686] Creating SIFT CPU feature matcher
I20260912 09:38:26.720411 138297106937536 sift.cc:1686] Creating SIFT CPU feature matcher
I20260912 09:38:26.720419 138296845919936 sift.cc:1686] Creating SIFT CPU feature matcher
I20260912 09:38:26.720430 138296854312640 sift.cc:1686] Creating SIFT CPU feature matcher
I20260912 09:38:26.720473 138296999012032 sift.cc:1686] Creating SIFT CPU feature matcher
I20260912 09:38:26.720475 138297007404736 sift.cc:1686] Creating SIFT CPU feature matcher
I20260912 09:38:26.720515 138296837527232 sift.cc:1686] Creating SIFT CPU feature matcher
I20260912 09:38:26.720476 138297090152128 sift.cc:1686] Creating SIFT CPU feature matcher
I20260912 09:38:26.720585 138296829134528 sift.cc:1686] Creating SIFT CPU feature matcher
I20260912 09:38:26.720615 138296722183872 sift.cc:1686] Creating SIFT CPU feature matcher
I20260912 09:38:26.720669 138296705398464 sift.cc:1686] Creating SIFT CPU feature matcher
I20260912 09:38:26.720666 138296730576576 sift.cc:1686] Creating SIFT CPU feature matcher
I20260912 09:38:26.720664 138296738969280 sift.cc:1686] Creating SIFT CPU feature matcher
I20260912 09:38:26.720664 138296820741824 sift.cc:1686] Creating SIFT CPU feature matcher
I20260912 09:38:26.720697 138296697005760 sift.cc:1686] Creating SIFT CPU feature matcher
I20260912 09:38:26.720725 138296604751552 sift.cc:1686] Creating SIFT CPU feature matcher
I20260912 09:38:26.720756 138296596358848 sift.cc:1686] Creating SIFT CPU feature matcher
I20260912 09:38:26.720755 138296713791168 sift.cc:1686] Creating SIFT CPU feature matcher
I20260912 09:38:26.721514 138296688613056 pairing.cc:179] Generating exhaustive image pairs...
I20260912 09:38:26.721525 138296688613056 pairing.cc:212] Processing block [1/1, 1/1]
I20260912 09:38:26.762928 138296688613056 feature_matching.cc:218] in 0.041s
I20260912 09:38:26.762969 138296688613056 timer.cc:90] Elapsed time: 0.001 [minutes]
I20260912 09:38:26.773191 138302704840832 incremental_pipeline.cc:353] Loading database
I20260912 09:38:26.773229 138302704840832 database_cache.cc:73] Loading rigs...
I20260912 09:38:26.773253 138302704840832 database_cache.cc:83]  6 in 0.000s
I20260912 09:38:26.773258 138302704840832 database_cache.cc:91] Loading cameras...
I20260912 09:38:26.773270 138302704840832 database_cache.cc:109]  6 in 0.000s
I20260912 09:38:26.773273 138302704840832 database_cache.cc:117] Loading frames...
I20260912 09:38:26.773297 138302704840832 database_cache.cc:127]  6 in 0.000s
I20260912 09:38:26.773308 138302704840832 database_cache.cc:135] Loading matches...
I20260912 09:38:26.773321 138302704840832 database_cache.cc:140]  2 in 0.000s
I20260912 09:38:26.773324 138302704840832 database_cache.cc:148] Loading images...
I20260912 09:38:26.773482 138302704840832 database_cache.cc:245]  6 in 0.000s (connected 4, loaded 4)
I20260912 09:38:26.773486 138302704840832 database_cache.cc:259] Loading pose priors...
I20260912 09:38:26.773491 138302704840832 database_cache.cc:267]  0 in 0.000s
I20260912 09:38:26.773494 138302704840832 database_cache.cc:275] Building correspondence graph...
I20260912 09:38:26.773544 138302704840832 database_cache.cc:304]  in 0.000s (ignored 0)
I20260912 09:38:26.773548 138302704840832 timer.cc:90] Elapsed time: 0.000 [minutes]
I20260912 09:38:26.773606 138302704840832 incremental_pipeline.cc:465] Finding good initial image pair
I20260912 09:38:26.774502 138302704840832 incremental_pipeline.cc:472] => No good initial image pair found.
I20260912 09:38:26.774510 138302704840832 incremental_pipeline.cc:800] Discarding reconstruction due to no initial pair
I20260912 09:38:26.774524 138302704840832 incremental_pipeline.cc:429] => Relaxing the initialization constraints.
I20260912 09:38:26.774565 138302704840832 incremental_pipeline.cc:465] Finding good initial image pair
I20260912 09:38:26.776488 138302704840832 incremental_pipeline.cc:492] Registering initial image pair #1 and #3
I20260912 09:38:26.776568 138302704840832 incremental_pipeline.cc:791] Discarding reconstruction due to bad initial pair
I20260912 09:38:26.776622 138302704840832 incremental_pipeline.cc:465] Finding good initial image pair
I20260912 09:38:26.777286 138302704840832 incremental_pipeline.cc:472] => No good initial image pair found.
I20260912 09:38:26.777288 138302704840832 incremental_pipeline.cc:800] Discarding reconstruction due to no initial pair
I20260912 09:38:26.777295 138302704840832 incremental_pipeline.cc:442] => Relaxing the initialization constraints.
I20260912 09:38:26.777313 138302704840832 incremental_pipeline.cc:465] Finding good initial image pair
I20260912 09:38:26.780285 138302704840832 incremental_pipeline.cc:492] Registering initial image pair #1 and #3
I20260912 09:38:26.780350 138302704840832 incremental_pipeline.cc:791] Discarding reconstruction due to bad initial pair
I20260912 09:38:26.780392 138302704840832 incremental_pipeline.cc:465] Finding good initial image pair
I20260912 09:38:26.781064 138302704840832 incremental_pipeline.cc:472] => No good initial image pair found.
I20260912 09:38:26.781068 138302704840832 incremental_pipeline.cc:800] Discarding reconstruction due to no initial pair
I20260912 09:38:26.781075 138302704840832 incremental_pipeline.cc:429] => Relaxing the initialization constraints.
I20260912 09:38:26.781095 138302704840832 incremental_pipeline.cc:465] Finding good initial image pair
I20260912 09:38:26.782966 138302704840832 incremental_pipeline.cc:492] Registering initial image pair #1 and #3
I20260912 09:38:26.783004 138302704840832 incremental_pipeline.cc:791] Discarding reconstruction due to bad initial pair
I20260912 09:38:26.783032 138302704840832 incremental_pipeline.cc:465] Finding good initial image pair
I20260912 09:38:26.783823 138302704840832 incremental_pipeline.cc:472] => No good initial image pair found.
I20260912 09:38:26.783826 138302704840832 incremental_pipeline.cc:800] Discarding reconstruction due to no initial pair
I20260912 09:38:26.783830 138302704840832 incremental_pipeline.cc:442] => Relaxing the initialization constraints.
I20260912 09:38:26.783841 138302704840832 incremental_pipeline.cc:465] Finding good initial image pair
I20260912 09:38:26.786761 138302704840832 incremental_pipeline.cc:492] Registering initial image pair #1 and #3
I20260912 09:38:26.786797 138302704840832 incremental_pipeline.cc:791] Discarding reconstruction due to bad initial pair
I20260912 09:38:26.786822 138302704840832 incremental_pipeline.cc:465] Finding good initial image pair
I20260912 09:38:26.787377 138302704840832 incremental_pipeline.cc:472] => No good initial image pair found.
I20260912 09:38:26.787383 138302704840832 incremental_pipeline.cc:800] Discarding reconstruction due to no initial pair
I20260912 09:38:26.787387 138302704840832 timer.cc:90] Elapsed time: 0.000 [minutes]
E20260912 09:38:26.787390 138302704840832 sfm.cc:310] Failed to create any sparse model
[23/40] plant/247_26441_50907  registered 0/6  FAILED  (0.3s)
W20260912 09:38:26.893811 138302704840832 feature_extraction.cc:445] Your current options use the maximum number of threads on the machine to extract features. Extracting SIFT features on the CPU can consume a lot of RAM per thread for large images. Consider reducing the maximum image size and/or the first octave or manually limit the number of extraction threads. Ignore this warning, if your machine has sufficient memory for the current settings.
I20260912 09:38:26.893986 138296688613056 feature_extraction.cc:498] === Feature extraction ===
I20260912 09:38:26.894481 138296554395328 sift.cc:765] Creating SIFT CPU feature extractor
I20260912 09:38:26.894534 138296453748416 sift.cc:765] Creating SIFT CPU feature extractor
I20260912 09:38:26.894580 138296445355712 sift.cc:765] Creating SIFT CPU feature extractor
I20260912 09:38:26.894597 138296562788032 sift.cc:765] Creating SIFT CPU feature extractor
I20260912 09:38:26.894623 138296420177600 sift.cc:765] Creating SIFT CPU feature extractor
I20260912 09:38:26.894638 138296327923392 sift.cc:765] Creating SIFT CPU feature extractor
I20260912 09:38:26.894640 138296470533824 sift.cc:765] Creating SIFT CPU feature extractor
I20260912 09:38:26.894640 138296462141120 sift.cc:765] Creating SIFT CPU feature extractor
I20260912 09:38:26.894683 138296319530688 sift.cc:765] Creating SIFT CPU feature extractor
I20260912 09:38:26.894685 138296302745280 sift.cc:765] Creating SIFT CPU feature extractor
I20260912 09:38:26.894644 138296336316096 sift.cc:765] Creating SIFT CPU feature extractor
I20260912 09:38:26.894700 138296285959872 sift.cc:765] Creating SIFT CPU feature extractor
I20260912 09:38:26.894690 138296311137984 sift.cc:765] Creating SIFT CPU feature extractor
I20260912 09:38:26.894711 138296436963008 sift.cc:765] Creating SIFT CPU feature extractor
I20260912 09:38:26.894755 138296202098368 sift.cc:765] Creating SIFT CPU feature extractor
I20260912 09:38:26.894711 138296428570304 sift.cc:765] Creating SIFT CPU feature extractor
I20260912 09:38:26.894780 138296176920256 sift.cc:765] Creating SIFT CPU feature extractor
I20260912 09:38:26.894732 138296294352576 sift.cc:765] Creating SIFT CPU feature extractor
I20260912 09:38:26.894825 138296151742144 sift.cc:765] Creating SIFT CPU feature extractor
I20260912 09:38:26.894838 138295933662912 sift.cc:765] Creating SIFT CPU feature extractor
I20260912 09:38:26.894847 138296193705664 sift.cc:765] Creating SIFT CPU feature extractor
I20260912 09:38:26.894738 138296185312960 sift.cc:765] Creating SIFT CPU feature extractor
I20260912 09:38:26.894783 138296160134848 sift.cc:765] Creating SIFT CPU feature extractor
I20260912 09:38:26.894935 138296168527552 sift.cc:765] Creating SIFT CPU feature extractor
I20260912 09:38:27.034954 138295925270208 feature_extraction.cc:270] Processed file [1/6]
I20260912 09:38:27.035006 138295925270208 feature_extraction.cc:273]   Name:            image_2.png
I20260912 09:38:27.035011 138295925270208 feature_extraction.cc:282]   Dimensions:      518 x 518
I20260912 09:38:27.035014 138295925270208 feature_extraction.cc:285]   Camera:          #2 - PINHOLE
I20260912 09:38:27.035019 138295925270208 feature_extraction.cc:289]   Focal Length:    528.00px (Prior)
I20260912 09:38:27.035030 138295925270208 feature_extraction.cc:294]   Features:        669 (SIFT)
I20260912 09:38:27.050417 138295925270208 feature_extraction.cc:270] Processed file [2/6]
I20260912 09:38:27.050440 138295925270208 feature_extraction.cc:273]   Name:            image_1.png
I20260912 09:38:27.050444 138295925270208 feature_extraction.cc:282]   Dimensions:      518 x 518
I20260912 09:38:27.050447 138295925270208 feature_extraction.cc:285]   Camera:          #1 - PINHOLE
I20260912 09:38:27.050451 138295925270208 feature_extraction.cc:289]   Focal Length:    528.00px (Prior)
I20260912 09:38:27.050477 138295925270208 feature_extraction.cc:294]   Features:        624 (SIFT)
I20260912 09:38:27.056454 138295925270208 feature_extraction.cc:270] Processed file [3/6]
I20260912 09:38:27.056473 138295925270208 feature_extraction.cc:273]   Name:            image_5.png
I20260912 09:38:27.056477 138295925270208 feature_extraction.cc:282]   Dimensions:      518 x 518
I20260912 09:38:27.056480 138295925270208 feature_extraction.cc:285]   Camera:          #5 - PINHOLE
I20260912 09:38:27.056483 138295925270208 feature_extraction.cc:289]   Focal Length:    528.00px (Prior)
I20260912 09:38:27.056489 138295925270208 feature_extraction.cc:294]   Features:        568 (SIFT)
I20260912 09:38:27.058635 138295925270208 feature_extraction.cc:270] Processed file [4/6]
I20260912 09:38:27.058654 138295925270208 feature_extraction.cc:273]   Name:            image_4.png
I20260912 09:38:27.058658 138295925270208 feature_extraction.cc:282]   Dimensions:      518 x 518
I20260912 09:38:27.058662 138295925270208 feature_extraction.cc:285]   Camera:          #4 - PINHOLE
I20260912 09:38:27.058665 138295925270208 feature_extraction.cc:289]   Focal Length:    528.00px (Prior)
I20260912 09:38:27.058671 138295925270208 feature_extraction.cc:294]   Features:        594 (SIFT)
I20260912 09:38:27.061667 138295925270208 feature_extraction.cc:270] Processed file [5/6]
I20260912 09:38:27.061688 138295925270208 feature_extraction.cc:273]   Name:            image_3.png
I20260912 09:38:27.061693 138295925270208 feature_extraction.cc:282]   Dimensions:      518 x 518
I20260912 09:38:27.061696 138295925270208 feature_extraction.cc:285]   Camera:          #3 - PINHOLE
I20260912 09:38:27.061699 138295925270208 feature_extraction.cc:289]   Focal Length:    528.00px (Prior)
I20260912 09:38:27.061705 138295925270208 feature_extraction.cc:294]   Features:        830 (SIFT)
I20260912 09:38:27.066965 138295925270208 feature_extraction.cc:270] Processed file [6/6]
I20260912 09:38:27.066984 138295925270208 feature_extraction.cc:273]   Name:            image_6.png
I20260912 09:38:27.066996 138295925270208 feature_extraction.cc:282]   Dimensions:      518 x 518
I20260912 09:38:27.067000 138295925270208 feature_extraction.cc:285]   Camera:          #6 - PINHOLE
I20260912 09:38:27.067003 138295925270208 feature_extraction.cc:289]   Focal Length:    528.00px (Prior)
I20260912 09:38:27.067010 138295925270208 feature_extraction.cc:294]   Features:        701 (SIFT)
I20260912 09:38:27.071322 138296688613056 timer.cc:90] Elapsed time: 0.003 [minutes]
I20260912 09:38:27.099403 138296688613056 feature_matching.cc:196] === Feature matching & geometric verification ===
I20260912 09:38:27.099568 138295925270208 sift.cc:1686] Creating SIFT CPU feature matcher
I20260912 09:38:27.099574 138296151742144 sift.cc:1686] Creating SIFT CPU feature matcher
I20260912 09:38:27.099628 138295933662912 sift.cc:1686] Creating SIFT CPU feature matcher
I20260912 09:38:27.099643 138297123722944 sift.cc:1686] Creating SIFT CPU feature matcher
I20260912 09:38:27.099677 138297115330240 sift.cc:1686] Creating SIFT CPU feature matcher
I20260912 09:38:27.099728 138297098544832 sift.cc:1686] Creating SIFT CPU feature matcher
I20260912 09:38:27.099733 138297132115648 sift.cc:1686] Creating SIFT CPU feature matcher
I20260912 09:38:27.099755 138297090152128 sift.cc:1686] Creating SIFT CPU feature matcher
I20260912 09:38:27.099783 138297007404736 sift.cc:1686] Creating SIFT CPU feature matcher
I20260912 09:38:27.099809 138296999012032 sift.cc:1686] Creating SIFT CPU feature matcher
I20260912 09:38:27.099836 138296854312640 sift.cc:1686] Creating SIFT CPU feature matcher
I20260912 09:38:27.099864 138296845919936 sift.cc:1686] Creating SIFT CPU feature matcher
I20260912 09:38:27.099863 138297106937536 sift.cc:1686] Creating SIFT CPU feature matcher
I20260912 09:38:27.099896 138296837527232 sift.cc:1686] Creating SIFT CPU feature matcher
I20260912 09:38:27.099953 138296820741824 sift.cc:1686] Creating SIFT CPU feature matcher
I20260912 09:38:27.099949 138296829134528 sift.cc:1686] Creating SIFT CPU feature matcher
I20260912 09:38:27.099987 138296738969280 sift.cc:1686] Creating SIFT CPU feature matcher
I20260912 09:38:27.100015 138296730576576 sift.cc:1686] Creating SIFT CPU feature matcher
I20260912 09:38:27.100075 138296713791168 sift.cc:1686] Creating SIFT CPU feature matcher
I20260912 09:38:27.100101 138296705398464 sift.cc:1686] Creating SIFT CPU feature matcher
I20260912 09:38:27.100127 138296697005760 sift.cc:1686] Creating SIFT CPU feature matcher
I20260912 09:38:27.100153 138296604751552 sift.cc:1686] Creating SIFT CPU feature matcher
I20260912 09:38:27.100183 138296596358848 sift.cc:1686] Creating SIFT CPU feature matcher
I20260912 09:38:27.100181 138296722183872 sift.cc:1686] Creating SIFT CPU feature matcher
I20260912 09:38:27.100943 138296688613056 pairing.cc:179] Generating exhaustive image pairs...
I20260912 09:38:27.100957 138296688613056 pairing.cc:212] Processing block [1/1, 1/1]
I20260912 09:38:27.113973 138296688613056 feature_matching.cc:218] in 0.013s
I20260912 09:38:27.113994 138296688613056 timer.cc:90] Elapsed time: 0.000 [minutes]
I20260912 09:38:27.154874 138302704840832 incremental_pipeline.cc:353] Loading database
I20260912 09:38:27.154914 138302704840832 database_cache.cc:73] Loading rigs...
I20260912 09:38:27.154937 138302704840832 database_cache.cc:83]  6 in 0.000s
I20260912 09:38:27.154944 138302704840832 database_cache.cc:91] Loading cameras...
I20260912 09:38:27.154955 138302704840832 database_cache.cc:109]  6 in 0.000s
I20260912 09:38:27.154958 138302704840832 database_cache.cc:117] Loading frames...
I20260912 09:38:27.154981 138302704840832 database_cache.cc:127]  6 in 0.000s
I20260912 09:38:27.154984 138302704840832 database_cache.cc:135] Loading matches...
I20260912 09:38:27.154996 138302704840832 database_cache.cc:140]  1 in 0.000s
I20260912 09:38:27.154999 138302704840832 database_cache.cc:148] Loading images...
I20260912 09:38:27.155062 138302704840832 database_cache.cc:245]  6 in 0.000s (connected 2, loaded 2)
I20260912 09:38:27.155066 138302704840832 database_cache.cc:259] Loading pose priors...
I20260912 09:38:27.155076 138302704840832 database_cache.cc:267]  0 in 0.000s
I20260912 09:38:27.155078 138302704840832 database_cache.cc:275] Building correspondence graph...
I20260912 09:38:27.155095 138302704840832 database_cache.cc:304]  in 0.000s (ignored 0)
I20260912 09:38:27.155099 138302704840832 timer.cc:90] Elapsed time: 0.000 [minutes]
I20260912 09:38:27.155134 138302704840832 incremental_pipeline.cc:465] Finding good initial image pair
I20260912 09:38:27.156368 138302704840832 incremental_pipeline.cc:472] => No good initial image pair found.
I20260912 09:38:27.156377 138302704840832 incremental_pipeline.cc:800] Discarding reconstruction due to no initial pair
I20260912 09:38:27.156388 138302704840832 incremental_pipeline.cc:429] => Relaxing the initialization constraints.
I20260912 09:38:27.156411 138302704840832 incremental_pipeline.cc:465] Finding good initial image pair
I20260912 09:38:27.157274 138302704840832 incremental_pipeline.cc:472] => No good initial image pair found.
I20260912 09:38:27.157279 138302704840832 incremental_pipeline.cc:800] Discarding reconstruction due to no initial pair
I20260912 09:38:27.157286 138302704840832 incremental_pipeline.cc:442] => Relaxing the initialization constraints.
I20260912 09:38:27.157301 138302704840832 incremental_pipeline.cc:465] Finding good initial image pair
I20260912 09:38:27.158111 138302704840832 incremental_pipeline.cc:472] => No good initial image pair found.
I20260912 09:38:27.158116 138302704840832 incremental_pipeline.cc:800] Discarding reconstruction due to no initial pair
I20260912 09:38:27.158122 138302704840832 incremental_pipeline.cc:429] => Relaxing the initialization constraints.
I20260912 09:38:27.158138 138302704840832 incremental_pipeline.cc:465] Finding good initial image pair
I20260912 09:38:27.159088 138302704840832 incremental_pipeline.cc:472] => No good initial image pair found.
I20260912 09:38:27.159092 138302704840832 incremental_pipeline.cc:800] Discarding reconstruction due to no initial pair
I20260912 09:38:27.159104 138302704840832 incremental_pipeline.cc:442] => Relaxing the initialization constraints.
I20260912 09:38:27.159115 138302704840832 incremental_pipeline.cc:465] Finding good initial image pair
I20260912 09:38:27.160023 138302704840832 incremental_pipeline.cc:472] => No good initial image pair found.
I20260912 09:38:27.160027 138302704840832 incremental_pipeline.cc:800] Discarding reconstruction due to no initial pair
I20260912 09:38:27.160032 138302704840832 timer.cc:90] Elapsed time: 0.000 [minutes]
E20260912 09:38:27.160038 138302704840832 sfm.cc:310] Failed to create any sparse model
[24/40] plant/374_42005_84358  registered 0/6  FAILED  (0.3s)
W20260912 09:38:27.242078 138302704840832 feature_extraction.cc:445] Your current options use the maximum number of threads on the machine to extract features. Extracting SIFT features on the CPU can consume a lot of RAM per thread for large images. Consider reducing the maximum image size and/or the first octave or manually limit the number of extraction threads. Ignore this warning, if your machine has sufficient memory for the current settings.
I20260912 09:38:27.242254 138296688613056 feature_extraction.cc:498] === Feature extraction ===
I20260912 09:38:27.242752 138296554395328 sift.cc:765] Creating SIFT CPU feature extractor
I20260912 09:38:27.242771 138296453748416 sift.cc:765] Creating SIFT CPU feature extractor
I20260912 09:38:27.242796 138296462141120 sift.cc:765] Creating SIFT CPU feature extractor
I20260912 09:38:27.242813 138296445355712 sift.cc:765] Creating SIFT CPU feature extractor
I20260912 09:38:27.242836 138296436963008 sift.cc:765] Creating SIFT CPU feature extractor
I20260912 09:38:27.242842 138296420177600 sift.cc:765] Creating SIFT CPU feature extractor
I20260912 09:38:27.242854 138296428570304 sift.cc:765] Creating SIFT CPU feature extractor
I20260912 09:38:27.242889 138296336316096 sift.cc:765] Creating SIFT CPU feature extractor
I20260912 09:38:27.242896 138296319530688 sift.cc:765] Creating SIFT CPU feature extractor
I20260912 09:38:27.242898 138296562788032 sift.cc:765] Creating SIFT CPU feature extractor
I20260912 09:38:27.242900 138296470533824 sift.cc:765] Creating SIFT CPU feature extractor
I20260912 09:38:27.242938 138296294352576 sift.cc:765] Creating SIFT CPU feature extractor
I20260912 09:38:27.242943 138296302745280 sift.cc:765] Creating SIFT CPU feature extractor
I20260912 09:38:27.242898 138296327923392 sift.cc:765] Creating SIFT CPU feature extractor
I20260912 09:38:27.242965 138296193705664 sift.cc:765] Creating SIFT CPU feature extractor
I20260912 09:38:27.242973 138296285959872 sift.cc:765] Creating SIFT CPU feature extractor
I20260912 09:38:27.242986 138296176920256 sift.cc:765] Creating SIFT CPU feature extractor
I20260912 09:38:27.242933 138296311137984 sift.cc:765] Creating SIFT CPU feature extractor
I20260912 09:38:27.243004 138296202098368 sift.cc:765] Creating SIFT CPU feature extractor
I20260912 09:38:27.243012 138296160134848 sift.cc:765] Creating SIFT CPU feature extractor
I20260912 09:38:27.243042 138295933662912 sift.cc:765] Creating SIFT CPU feature extractor
I20260912 09:38:27.243048 138296168527552 sift.cc:765] Creating SIFT CPU feature extractor
I20260912 09:38:27.243079 138296185312960 sift.cc:765] Creating SIFT CPU feature extractor
I20260912 09:38:27.243198 138296151742144 sift.cc:765] Creating SIFT CPU feature extractor
I20260912 09:38:27.389976 138295925270208 feature_extraction.cc:270] Processed file [1/6]
I20260912 09:38:27.390033 138295925270208 feature_extraction.cc:273]   Name:            image_1.png
I20260912 09:38:27.390038 138295925270208 feature_extraction.cc:282]   Dimensions:      518 x 518
I20260912 09:38:27.390041 138295925270208 feature_extraction.cc:285]   Camera:          #1 - PINHOLE
I20260912 09:38:27.390045 138295925270208 feature_extraction.cc:289]   Focal Length:    630.04px (Prior)
I20260912 09:38:27.390056 138295925270208 feature_extraction.cc:294]   Features:        378 (SIFT)
I20260912 09:38:27.390336 138295925270208 feature_extraction.cc:270] Processed file [2/6]
I20260912 09:38:27.390342 138295925270208 feature_extraction.cc:273]   Name:            image_2.png
I20260912 09:38:27.390355 138295925270208 feature_extraction.cc:282]   Dimensions:      518 x 518
I20260912 09:38:27.390358 138295925270208 feature_extraction.cc:285]   Camera:          #2 - PINHOLE
I20260912 09:38:27.390361 138295925270208 feature_extraction.cc:289]   Focal Length:    630.04px (Prior)
I20260912 09:38:27.390365 138295925270208 feature_extraction.cc:294]   Features:        301 (SIFT)
I20260912 09:38:27.393748 138295925270208 feature_extraction.cc:270] Processed file [3/6]
I20260912 09:38:27.393780 138295925270208 feature_extraction.cc:273]   Name:            image_3.png
I20260912 09:38:27.393788 138295925270208 feature_extraction.cc:282]   Dimensions:      518 x 518
I20260912 09:38:27.393792 138295925270208 feature_extraction.cc:285]   Camera:          #3 - PINHOLE
I20260912 09:38:27.393795 138295925270208 feature_extraction.cc:289]   Focal Length:    630.04px (Prior)
I20260912 09:38:27.393803 138295925270208 feature_extraction.cc:294]   Features:        336 (SIFT)
I20260912 09:38:27.398908 138295925270208 feature_extraction.cc:270] Processed file [4/6]
I20260912 09:38:27.398934 138295925270208 feature_extraction.cc:273]   Name:            image_4.png
I20260912 09:38:27.398938 138295925270208 feature_extraction.cc:282]   Dimensions:      518 x 518
I20260912 09:38:27.398941 138295925270208 feature_extraction.cc:285]   Camera:          #4 - PINHOLE
I20260912 09:38:27.398945 138295925270208 feature_extraction.cc:289]   Focal Length:    630.04px (Prior)
I20260912 09:38:27.398951 138295925270208 feature_extraction.cc:294]   Features:        394 (SIFT)
I20260912 09:38:27.401186 138295925270208 feature_extraction.cc:270] Processed file [5/6]
I20260912 09:38:27.401209 138295925270208 feature_extraction.cc:273]   Name:            image_5.png
I20260912 09:38:27.401213 138295925270208 feature_extraction.cc:282]   Dimensions:      518 x 518
I20260912 09:38:27.401217 138295925270208 feature_extraction.cc:285]   Camera:          #5 - PINHOLE
I20260912 09:38:27.401229 138295925270208 feature_extraction.cc:289]   Focal Length:    630.04px (Prior)
I20260912 09:38:27.401237 138295925270208 feature_extraction.cc:294]   Features:        294 (SIFT)
I20260912 09:38:27.407516 138295925270208 feature_extraction.cc:270] Processed file [6/6]
I20260912 09:38:27.407549 138295925270208 feature_extraction.cc:273]   Name:            image_6.png
I20260912 09:38:27.407554 138295925270208 feature_extraction.cc:282]   Dimensions:      518 x 518
I20260912 09:38:27.407558 138295925270208 feature_extraction.cc:285]   Camera:          #6 - PINHOLE
I20260912 09:38:27.407561 138295925270208 feature_extraction.cc:289]   Focal Length:    630.04px (Prior)
I20260912 09:38:27.407571 138295925270208 feature_extraction.cc:294]   Features:        342 (SIFT)
I20260912 09:38:27.409200 138296688613056 timer.cc:90] Elapsed time: 0.003 [minutes]
I20260912 09:38:27.447194 138296688613056 feature_matching.cc:196] === Feature matching & geometric verification ===
I20260912 09:38:27.447374 138295925270208 sift.cc:1686] Creating SIFT CPU feature matcher
I20260912 09:38:27.447429 138297123722944 sift.cc:1686] Creating SIFT CPU feature matcher
I20260912 09:38:27.447435 138295933662912 sift.cc:1686] Creating SIFT CPU feature matcher
I20260912 09:38:27.447440 138296151742144 sift.cc:1686] Creating SIFT CPU feature matcher
I20260912 09:38:27.447495 138297106937536 sift.cc:1686] Creating SIFT CPU feature matcher
I20260912 09:38:27.447507 138297132115648 sift.cc:1686] Creating SIFT CPU feature matcher
I20260912 09:38:27.447553 138297115330240 sift.cc:1686] Creating SIFT CPU feature matcher
I20260912 09:38:27.447572 138297090152128 sift.cc:1686] Creating SIFT CPU feature matcher
I20260912 09:38:27.447653 138296854312640 sift.cc:1686] Creating SIFT CPU feature matcher
I20260912 09:38:27.447705 138296837527232 sift.cc:1686] Creating SIFT CPU feature matcher
I20260912 09:38:27.447724 138297098544832 sift.cc:1686] Creating SIFT CPU feature matcher
I20260912 09:38:27.447767 138296820741824 sift.cc:1686] Creating SIFT CPU feature matcher
I20260912 09:38:27.447813 138296845919936 sift.cc:1686] Creating SIFT CPU feature matcher
I20260912 09:38:27.447819 138296999012032 sift.cc:1686] Creating SIFT CPU feature matcher
I20260912 09:38:27.447834 138296730576576 sift.cc:1686] Creating SIFT CPU feature matcher
I20260912 09:38:27.447831 138297007404736 sift.cc:1686] Creating SIFT CPU feature matcher
I20260912 09:38:27.447857 138296829134528 sift.cc:1686] Creating SIFT CPU feature matcher
I20260912 09:38:27.447867 138296722183872 sift.cc:1686] Creating SIFT CPU feature matcher
I20260912 09:38:27.447899 138296713791168 sift.cc:1686] Creating SIFT CPU feature matcher
I20260912 09:38:27.447936 138296738969280 sift.cc:1686] Creating SIFT CPU feature matcher
I20260912 09:38:27.447949 138296697005760 sift.cc:1686] Creating SIFT CPU feature matcher
I20260912 09:38:27.448085 138296705398464 sift.cc:1686] Creating SIFT CPU feature matcher
I20260912 09:38:27.448087 138296604751552 sift.cc:1686] Creating SIFT CPU feature matcher
I20260912 09:38:27.448141 138296596358848 sift.cc:1686] Creating SIFT CPU feature matcher
I20260912 09:38:27.448792 138296688613056 pairing.cc:179] Generating exhaustive image pairs...
I20260912 09:38:27.448806 138296688613056 pairing.cc:212] Processing block [1/1, 1/1]
I20260912 09:38:27.458129 138296688613056 feature_matching.cc:218] in 0.009s
I20260912 09:38:27.458150 138296688613056 timer.cc:90] Elapsed time: 0.000 [minutes]
I20260912 09:38:27.499902 138302704840832 incremental_pipeline.cc:353] Loading database
I20260912 09:38:27.499939 138302704840832 database_cache.cc:73] Loading rigs...
I20260912 09:38:27.499962 138302704840832 database_cache.cc:83]  6 in 0.000s
I20260912 09:38:27.499969 138302704840832 database_cache.cc:91] Loading cameras...
I20260912 09:38:27.499981 138302704840832 database_cache.cc:109]  6 in 0.000s
I20260912 09:38:27.499984 138302704840832 database_cache.cc:117] Loading frames...
I20260912 09:38:27.500005 138302704840832 database_cache.cc:127]  6 in 0.000s
I20260912 09:38:27.500008 138302704840832 database_cache.cc:135] Loading matches...
I20260912 09:38:27.500028 138302704840832 database_cache.cc:140]  2 in 0.000s
I20260912 09:38:27.500031 138302704840832 database_cache.cc:148] Loading images...
I20260912 09:38:27.500098 138302704840832 database_cache.cc:245]  6 in 0.000s (connected 3, loaded 3)
I20260912 09:38:27.500102 138302704840832 database_cache.cc:259] Loading pose priors...
I20260912 09:38:27.500108 138302704840832 database_cache.cc:267]  0 in 0.000s
I20260912 09:38:27.500112 138302704840832 database_cache.cc:275] Building correspondence graph...
I20260912 09:38:27.500138 138302704840832 database_cache.cc:304]  in 0.000s (ignored 0)
I20260912 09:38:27.500142 138302704840832 timer.cc:90] Elapsed time: 0.000 [minutes]
I20260912 09:38:27.500182 138302704840832 incremental_pipeline.cc:465] Finding good initial image pair
I20260912 09:38:27.501186 138302704840832 incremental_pipeline.cc:472] => No good initial image pair found.
I20260912 09:38:27.501194 138302704840832 incremental_pipeline.cc:800] Discarding reconstruction due to no initial pair
I20260912 09:38:27.501206 138302704840832 incremental_pipeline.cc:429] => Relaxing the initialization constraints.
I20260912 09:38:27.501229 138302704840832 incremental_pipeline.cc:465] Finding good initial image pair
I20260912 09:38:27.502310 138302704840832 incremental_pipeline.cc:472] => No good initial image pair found.
I20260912 09:38:27.502317 138302704840832 incremental_pipeline.cc:800] Discarding reconstruction due to no initial pair
I20260912 09:38:27.502325 138302704840832 incremental_pipeline.cc:442] => Relaxing the initialization constraints.
I20260912 09:38:27.502345 138302704840832 incremental_pipeline.cc:465] Finding good initial image pair
I20260912 09:38:27.503198 138302704840832 incremental_pipeline.cc:472] => No good initial image pair found.
I20260912 09:38:27.503203 138302704840832 incremental_pipeline.cc:800] Discarding reconstruction due to no initial pair
I20260912 09:38:27.503210 138302704840832 incremental_pipeline.cc:429] => Relaxing the initialization constraints.
I20260912 09:38:27.503236 138302704840832 incremental_pipeline.cc:465] Finding good initial image pair
I20260912 09:38:27.504214 138302704840832 incremental_pipeline.cc:472] => No good initial image pair found.
I20260912 09:38:27.504218 138302704840832 incremental_pipeline.cc:800] Discarding reconstruction due to no initial pair
I20260912 09:38:27.504225 138302704840832 incremental_pipeline.cc:442] => Relaxing the initialization constraints.
I20260912 09:38:27.504240 138302704840832 incremental_pipeline.cc:465] Finding good initial image pair
I20260912 09:38:27.505133 138302704840832 incremental_pipeline.cc:472] => No good initial image pair found.
I20260912 09:38:27.505138 138302704840832 incremental_pipeline.cc:800] Discarding reconstruction due to no initial pair
I20260912 09:38:27.505145 138302704840832 timer.cc:90] Elapsed time: 0.000 [minutes]
E20260912 09:38:27.505152 138302704840832 sfm.cc:310] Failed to create any sparse model
[25/40] remote/195_20989_41543  registered 0/6  FAILED  (0.3s)
W20260912 09:38:27.622242 138302704840832 feature_extraction.cc:445] Your current options use the maximum number of threads on the machine to extract features. Extracting SIFT features on the CPU can consume a lot of RAM per thread for large images. Consider reducing the maximum image size and/or the first octave or manually limit the number of extraction threads. Ignore this warning, if your machine has sufficient memory for the current settings.
I20260912 09:38:27.622402 138296688613056 feature_extraction.cc:498] === Feature extraction ===
I20260912 09:38:27.622903 138296554395328 sift.cc:765] Creating SIFT CPU feature extractor
I20260912 09:38:27.622916 138296562788032 sift.cc:765] Creating SIFT CPU feature extractor
I20260912 09:38:27.622952 138296462141120 sift.cc:765] Creating SIFT CPU feature extractor
I20260912 09:38:27.622967 138296470533824 sift.cc:765] Creating SIFT CPU feature extractor
I20260912 09:38:27.622997 138296428570304 sift.cc:765] Creating SIFT CPU feature extractor
I20260912 09:38:27.623134 138296445355712 sift.cc:765] Creating SIFT CPU feature extractor
I20260912 09:38:27.623139 138296420177600 sift.cc:765] Creating SIFT CPU feature extractor
I20260912 09:38:27.623144 138296336316096 sift.cc:765] Creating SIFT CPU feature extractor
I20260912 09:38:27.623141 138296327923392 sift.cc:765] Creating SIFT CPU feature extractor
I20260912 09:38:27.623180 138296294352576 sift.cc:765] Creating SIFT CPU feature extractor
I20260912 09:38:27.623185 138296302745280 sift.cc:765] Creating SIFT CPU feature extractor
I20260912 09:38:27.623190 138296168527552 sift.cc:765] Creating SIFT CPU feature extractor
I20260912 09:38:27.623193 138296285959872 sift.cc:765] Creating SIFT CPU feature extractor
I20260912 09:38:27.623216 138296151742144 sift.cc:765] Creating SIFT CPU feature extractor
I20260912 09:38:27.623219 138295933662912 sift.cc:765] Creating SIFT CPU feature extractor
I20260912 09:38:27.623146 138296436963008 sift.cc:765] Creating SIFT CPU feature extractor
I20260912 09:38:27.623240 138296202098368 sift.cc:765] Creating SIFT CPU feature extractor
I20260912 09:38:27.623243 138296319530688 sift.cc:765] Creating SIFT CPU feature extractor
I20260912 09:38:27.623139 138296453748416 sift.cc:765] Creating SIFT CPU feature extractor
I20260912 09:38:27.623246 138296311137984 sift.cc:765] Creating SIFT CPU feature extractor
I20260912 09:38:27.623262 138296193705664 sift.cc:765] Creating SIFT CPU feature extractor
I20260912 09:38:27.623270 138296185312960 sift.cc:765] Creating SIFT CPU feature extractor
I20260912 09:38:27.623305 138296176920256 sift.cc:765] Creating SIFT CPU feature extractor
I20260912 09:38:27.623197 138296160134848 sift.cc:765] Creating SIFT CPU feature extractor
I20260912 09:38:27.791233 138295925270208 feature_extraction.cc:270] Processed file [1/6]
I20260912 09:38:27.791298 138295925270208 feature_extraction.cc:273]   Name:            image_4.png
I20260912 09:38:27.791303 138295925270208 feature_extraction.cc:282]   Dimensions:      518 x 518
I20260912 09:38:27.791306 138295925270208 feature_extraction.cc:285]   Camera:          #4 - PINHOLE
I20260912 09:38:27.791334 138295925270208 feature_extraction.cc:289]   Focal Length:    488.26px (Prior)
I20260912 09:38:27.791347 138295925270208 feature_extraction.cc:294]   Features:        798 (SIFT)
I20260912 09:38:27.799301 138295925270208 feature_extraction.cc:270] Processed file [2/6]
I20260912 09:38:27.799321 138295925270208 feature_extraction.cc:273]   Name:            image_3.png
I20260912 09:38:27.799326 138295925270208 feature_extraction.cc:282]   Dimensions:      518 x 518
I20260912 09:38:27.799329 138295925270208 feature_extraction.cc:285]   Camera:          #3 - PINHOLE
I20260912 09:38:27.799332 138295925270208 feature_extraction.cc:289]   Focal Length:    488.26px (Prior)
I20260912 09:38:27.799338 138295925270208 feature_extraction.cc:294]   Features:        1119 (SIFT)
I20260912 09:38:27.804266 138295925270208 feature_extraction.cc:270] Processed file [3/6]
I20260912 09:38:27.804285 138295925270208 feature_extraction.cc:273]   Name:            image_1.png
I20260912 09:38:27.804290 138295925270208 feature_extraction.cc:282]   Dimensions:      518 x 518
I20260912 09:38:27.804293 138295925270208 feature_extraction.cc:285]   Camera:          #1 - PINHOLE
I20260912 09:38:27.804296 138295925270208 feature_extraction.cc:289]   Focal Length:    488.26px (Prior)
I20260912 09:38:27.804302 138295925270208 feature_extraction.cc:294]   Features:        1587 (SIFT)
I20260912 09:38:27.804716 138295925270208 feature_extraction.cc:270] Processed file [4/6]
I20260912 09:38:27.804724 138295925270208 feature_extraction.cc:273]   Name:            image_2.png
I20260912 09:38:27.804727 138295925270208 feature_extraction.cc:282]   Dimensions:      518 x 518
I20260912 09:38:27.804730 138295925270208 feature_extraction.cc:285]   Camera:          #2 - PINHOLE
I20260912 09:38:27.804733 138295925270208 feature_extraction.cc:289]   Focal Length:    488.26px (Prior)
I20260912 09:38:27.804737 138295925270208 feature_extraction.cc:294]   Features:        1329 (SIFT)
I20260912 09:38:27.813776 138295925270208 feature_extraction.cc:270] Processed file [5/6]
I20260912 09:38:27.813795 138295925270208 feature_extraction.cc:273]   Name:            image_6.png
I20260912 09:38:27.813799 138295925270208 feature_extraction.cc:282]   Dimensions:      518 x 518
I20260912 09:38:27.813803 138295925270208 feature_extraction.cc:285]   Camera:          #6 - PINHOLE
I20260912 09:38:27.813806 138295925270208 feature_extraction.cc:289]   Focal Length:    488.26px (Prior)
I20260912 09:38:27.813812 138295925270208 feature_extraction.cc:294]   Features:        1253 (SIFT)
I20260912 09:38:27.814151 138295925270208 feature_extraction.cc:270] Processed file [6/6]
I20260912 09:38:27.814158 138295925270208 feature_extraction.cc:273]   Name:            image_5.png
I20260912 09:38:27.814160 138295925270208 feature_extraction.cc:282]   Dimensions:      518 x 518
I20260912 09:38:27.814163 138295925270208 feature_extraction.cc:285]   Camera:          #5 - PINHOLE
I20260912 09:38:27.814166 138295925270208 feature_extraction.cc:289]   Focal Length:    488.26px (Prior)
I20260912 09:38:27.814170 138295925270208 feature_extraction.cc:294]   Features:        1314 (SIFT)
I20260912 09:38:27.815339 138296688613056 timer.cc:90] Elapsed time: 0.003 [minutes]
I20260912 09:38:27.825810 138296688613056 feature_matching.cc:196] === Feature matching & geometric verification ===
I20260912 09:38:27.826108 138295925270208 sift.cc:1686] Creating SIFT CPU feature matcher
I20260912 09:38:27.826124 138297132115648 sift.cc:1686] Creating SIFT CPU feature matcher
I20260912 09:38:27.826131 138297123722944 sift.cc:1686] Creating SIFT CPU feature matcher
I20260912 09:38:27.826157 138297115330240 sift.cc:1686] Creating SIFT CPU feature matcher
I20260912 09:38:27.826166 138297090152128 sift.cc:1686] Creating SIFT CPU feature matcher
I20260912 09:38:27.826219 138295933662912 sift.cc:1686] Creating SIFT CPU feature matcher
I20260912 09:38:27.826235 138297106937536 sift.cc:1686] Creating SIFT CPU feature matcher
I20260912 09:38:27.826243 138296854312640 sift.cc:1686] Creating SIFT CPU feature matcher
I20260912 09:38:27.826255 138297098544832 sift.cc:1686] Creating SIFT CPU feature matcher
I20260912 09:38:27.826284 138296151742144 sift.cc:1686] Creating SIFT CPU feature matcher
I20260912 09:38:27.826300 138296837527232 sift.cc:1686] Creating SIFT CPU feature matcher
I20260912 09:38:27.826305 138296999012032 sift.cc:1686] Creating SIFT CPU feature matcher
I20260912 09:38:27.826363 138297007404736 sift.cc:1686] Creating SIFT CPU feature matcher
I20260912 09:38:27.826362 138296845919936 sift.cc:1686] Creating SIFT CPU feature matcher
I20260912 09:38:27.826419 138296730576576 sift.cc:1686] Creating SIFT CPU feature matcher
I20260912 09:38:27.826362 138296820741824 sift.cc:1686] Creating SIFT CPU feature matcher
I20260912 09:38:27.826443 138296738969280 sift.cc:1686] Creating SIFT CPU feature matcher
I20260912 09:38:27.826485 138296713791168 sift.cc:1686] Creating SIFT CPU feature matcher
I20260912 09:38:27.826369 138296829134528 sift.cc:1686] Creating SIFT CPU feature matcher
I20260912 09:38:27.826546 138296697005760 sift.cc:1686] Creating SIFT CPU feature matcher
I20260912 09:38:27.826567 138296722183872 sift.cc:1686] Creating SIFT CPU feature matcher
I20260912 09:38:27.826604 138296596358848 sift.cc:1686] Creating SIFT CPU feature matcher
I20260912 09:38:27.826674 138296705398464 sift.cc:1686] Creating SIFT CPU feature matcher
I20260912 09:38:27.826703 138296604751552 sift.cc:1686] Creating SIFT CPU feature matcher
I20260912 09:38:27.827352 138296688613056 pairing.cc:179] Generating exhaustive image pairs...
I20260912 09:38:27.827363 138296688613056 pairing.cc:212] Processing block [1/1, 1/1]
I20260912 09:38:27.860574 138296688613056 feature_matching.cc:218] in 0.033s
I20260912 09:38:27.860600 138296688613056 timer.cc:90] Elapsed time: 0.001 [minutes]
I20260912 09:38:27.878558 138302704840832 incremental_pipeline.cc:353] Loading database
I20260912 09:38:27.878586 138302704840832 database_cache.cc:73] Loading rigs...
I20260912 09:38:27.878604 138302704840832 database_cache.cc:83]  6 in 0.000s
I20260912 09:38:27.878609 138302704840832 database_cache.cc:91] Loading cameras...
I20260912 09:38:27.878617 138302704840832 database_cache.cc:109]  6 in 0.000s
I20260912 09:38:27.878619 138302704840832 database_cache.cc:117] Loading frames...
I20260912 09:38:27.878635 138302704840832 database_cache.cc:127]  6 in 0.000s
I20260912 09:38:27.878638 138302704840832 database_cache.cc:135] Loading matches...
I20260912 09:38:27.878658 138302704840832 database_cache.cc:140]  15 in 0.000s
I20260912 09:38:27.878660 138302704840832 database_cache.cc:148] Loading images...
I20260912 09:38:27.878783 138302704840832 database_cache.cc:245]  6 in 0.000s (connected 6, loaded 6)
I20260912 09:38:27.878785 138302704840832 database_cache.cc:259] Loading pose priors...
I20260912 09:38:27.878789 138302704840832 database_cache.cc:267]  0 in 0.000s
I20260912 09:38:27.878791 138302704840832 database_cache.cc:275] Building correspondence graph...
I20260912 09:38:27.878986 138302704840832 database_cache.cc:304]  in 0.000s (ignored 0)
I20260912 09:38:27.878989 138302704840832 timer.cc:90] Elapsed time: 0.000 [minutes]
I20260912 09:38:27.879036 138302704840832 incremental_pipeline.cc:465] Finding good initial image pair
I20260912 09:38:27.883251 138302704840832 incremental_pipeline.cc:492] Registering initial image pair #3 and #5
I20260912 09:38:27.883620 138302704840832 incremental_pipeline.cc:510] Global bundle adjustment
I20260912 09:38:27.889390 138302704840832 incremental_pipeline.cc:620] Registering image #6 (num_reg_frames=2)
I20260912 09:38:27.889396 138302704840832 incremental_pipeline.cc:623] => Image sees 75 / 342 points
I20260912 09:38:27.892682 138302704840832 incremental_pipeline.cc:88] Retriangulation and Global bundle adjustment
I20260912 09:38:27.901159 138302704840832 incremental_pipeline.cc:620] Registering image #4 (num_reg_frames=3)
I20260912 09:38:27.901164 138302704840832 incremental_pipeline.cc:623] => Image sees 98 / 327 points
I20260912 09:38:27.909356 138302704840832 incremental_pipeline.cc:88] Retriangulation and Global bundle adjustment
I20260912 09:38:27.920194 138302704840832 incremental_pipeline.cc:620] Registering image #2 (num_reg_frames=4)
I20260912 09:38:27.920199 138302704840832 incremental_pipeline.cc:623] => Image sees 53 / 249 points
I20260912 09:38:27.924637 138302704840832 incremental_pipeline.cc:88] Retriangulation and Global bundle adjustment
I20260912 09:38:27.933944 138302704840832 incremental_pipeline.cc:620] Registering image #1 (num_reg_frames=5)
I20260912 09:38:27.933949 138302704840832 incremental_pipeline.cc:623] => Image sees 76 / 188 points
I20260912 09:38:27.942526 138302704840832 incremental_pipeline.cc:88] Retriangulation and Global bundle adjustment
I20260912 09:38:27.948862 138302704840832 incremental_pipeline.cc:88] Retriangulation and Global bundle adjustment
I20260912 09:38:27.949739 138302704840832 incremental_pipeline.cc:826] Keeping successful reconstruction
I20260912 09:38:27.950029 138302704840832 timer.cc:90] Elapsed time: 0.001 [minutes]
[26/40] remote/350_36761_68623  registered 6/6  arm 4.20 deg -> refined 4.27 deg  (0.3s)
W20260912 09:38:28.037003 138302704840832 feature_extraction.cc:445] Your current options use the maximum number of threads on the machine to extract features. Extracting SIFT features on the CPU can consume a lot of RAM per thread for large images. Consider reducing the maximum image size and/or the first octave or manually limit the number of extraction threads. Ignore this warning, if your machine has sufficient memory for the current settings.
I20260912 09:38:28.037182 138296688613056 feature_extraction.cc:498] === Feature extraction ===
I20260912 09:38:28.037717 138296554395328 sift.cc:765] Creating SIFT CPU feature extractor
I20260912 09:38:28.037721 138296562788032 sift.cc:765] Creating SIFT CPU feature extractor
I20260912 09:38:28.037753 138296453748416 sift.cc:765] Creating SIFT CPU feature extractor
I20260912 09:38:28.037776 138296462141120 sift.cc:765] Creating SIFT CPU feature extractor
I20260912 09:38:28.037797 138296436963008 sift.cc:765] Creating SIFT CPU feature extractor
I20260912 09:38:28.037814 138296420177600 sift.cc:765] Creating SIFT CPU feature extractor
I20260912 09:38:28.037823 138296327923392 sift.cc:765] Creating SIFT CPU feature extractor
I20260912 09:38:28.037822 138296336316096 sift.cc:765] Creating SIFT CPU feature extractor
I20260912 09:38:28.037777 138296470533824 sift.cc:765] Creating SIFT CPU feature extractor
I20260912 09:38:28.037861 138296319530688 sift.cc:765] Creating SIFT CPU feature extractor
I20260912 09:38:28.037881 138296302745280 sift.cc:765] Creating SIFT CPU feature extractor
I20260912 09:38:28.037882 138296311137984 sift.cc:765] Creating SIFT CPU feature extractor
I20260912 09:38:28.037889 138296445355712 sift.cc:765] Creating SIFT CPU feature extractor
I20260912 09:38:28.037889 138296428570304 sift.cc:765] Creating SIFT CPU feature extractor
I20260912 09:38:28.037906 138296285959872 sift.cc:765] Creating SIFT CPU feature extractor
I20260912 09:38:28.037923 138296193705664 sift.cc:765] Creating SIFT CPU feature extractor
I20260912 09:38:28.037933 138296294352576 sift.cc:765] Creating SIFT CPU feature extractor
I20260912 09:38:28.037949 138296185312960 sift.cc:765] Creating SIFT CPU feature extractor
I20260912 09:38:28.037960 138296168527552 sift.cc:765] Creating SIFT CPU feature extractor
I20260912 09:38:28.037974 138296160134848 sift.cc:765] Creating SIFT CPU feature extractor
I20260912 09:38:28.038033 138296202098368 sift.cc:765] Creating SIFT CPU feature extractor
I20260912 09:38:28.038117 138296176920256 sift.cc:765] Creating SIFT CPU feature extractor
I20260912 09:38:28.038191 138296151742144 sift.cc:765] Creating SIFT CPU feature extractor
I20260912 09:38:28.038191 138295933662912 sift.cc:765] Creating SIFT CPU feature extractor
I20260912 09:38:28.204645 138295925270208 feature_extraction.cc:270] Processed file [1/6]
I20260912 09:38:28.204703 138295925270208 feature_extraction.cc:273]   Name:            image_1.png
I20260912 09:38:28.204708 138295925270208 feature_extraction.cc:282]   Dimensions:      518 x 518
I20260912 09:38:28.204711 138295925270208 feature_extraction.cc:285]   Camera:          #1 - PINHOLE
I20260912 09:38:28.204735 138295925270208 feature_extraction.cc:289]   Focal Length:    547.75px (Prior)
I20260912 09:38:28.204747 138295925270208 feature_extraction.cc:294]   Features:        1027 (SIFT)
I20260912 09:38:28.211759 138295925270208 feature_extraction.cc:270] Processed file [2/6]
I20260912 09:38:28.211777 138295925270208 feature_extraction.cc:273]   Name:            image_2.png
I20260912 09:38:28.211781 138295925270208 feature_extraction.cc:282]   Dimensions:      518 x 518
I20260912 09:38:28.211784 138295925270208 feature_extraction.cc:285]   Camera:          #2 - PINHOLE
I20260912 09:38:28.211790 138295925270208 feature_extraction.cc:289]   Focal Length:    547.75px (Prior)
I20260912 09:38:28.211796 138295925270208 feature_extraction.cc:294]   Features:        1168 (SIFT)
I20260912 09:38:28.226282 138295925270208 feature_extraction.cc:270] Processed file [3/6]
I20260912 09:38:28.226303 138295925270208 feature_extraction.cc:273]   Name:            image_3.png
I20260912 09:38:28.226307 138295925270208 feature_extraction.cc:282]   Dimensions:      518 x 518
I20260912 09:38:28.226310 138295925270208 feature_extraction.cc:285]   Camera:          #3 - PINHOLE
I20260912 09:38:28.226313 138295925270208 feature_extraction.cc:289]   Focal Length:    547.75px (Prior)
I20260912 09:38:28.226319 138295925270208 feature_extraction.cc:294]   Features:        1497 (SIFT)
I20260912 09:38:28.227960 138295925270208 feature_extraction.cc:270] Processed file [4/6]
I20260912 09:38:28.227978 138295925270208 feature_extraction.cc:273]   Name:            image_4.png
I20260912 09:38:28.227982 138295925270208 feature_extraction.cc:282]   Dimensions:      518 x 518
I20260912 09:38:28.227985 138295925270208 feature_extraction.cc:285]   Camera:          #4 - PINHOLE
I20260912 09:38:28.227988 138295925270208 feature_extraction.cc:289]   Focal Length:    547.75px (Prior)
I20260912 09:38:28.228001 138295925270208 feature_extraction.cc:294]   Features:        1494 (SIFT)
I20260912 09:38:28.235475 138295925270208 feature_extraction.cc:270] Processed file [5/6]
I20260912 09:38:28.235493 138295925270208 feature_extraction.cc:273]   Name:            image_6.png
I20260912 09:38:28.235496 138295925270208 feature_extraction.cc:282]   Dimensions:      518 x 518
I20260912 09:38:28.235498 138295925270208 feature_extraction.cc:285]   Camera:          #6 - PINHOLE
I20260912 09:38:28.235501 138295925270208 feature_extraction.cc:289]   Focal Length:    547.75px (Prior)
I20260912 09:38:28.235505 138295925270208 feature_extraction.cc:294]   Features:        1477 (SIFT)
I20260912 09:38:28.242567 138295925270208 feature_extraction.cc:270] Processed file [6/6]
I20260912 09:38:28.242584 138295925270208 feature_extraction.cc:273]   Name:            image_5.png
I20260912 09:38:28.242588 138295925270208 feature_extraction.cc:282]   Dimensions:      518 x 518
I20260912 09:38:28.242590 138295925270208 feature_extraction.cc:285]   Camera:          #5 - PINHOLE
I20260912 09:38:28.242593 138295925270208 feature_extraction.cc:289]   Focal Length:    547.75px (Prior)
I20260912 09:38:28.242598 138295925270208 feature_extraction.cc:294]   Features:        1808 (SIFT)
I20260912 09:38:28.243491 138296688613056 timer.cc:90] Elapsed time: 0.003 [minutes]
I20260912 09:38:28.290732 138296688613056 feature_matching.cc:196] === Feature matching & geometric verification ===
I20260912 09:38:28.290993 138295925270208 sift.cc:1686] Creating SIFT CPU feature matcher
I20260912 09:38:28.291017 138297123722944 sift.cc:1686] Creating SIFT CPU feature matcher
I20260912 09:38:28.291078 138297132115648 sift.cc:1686] Creating SIFT CPU feature matcher
I20260912 09:38:28.291100 138297090152128 sift.cc:1686] Creating SIFT CPU feature matcher
I20260912 09:38:28.291157 138296854312640 sift.cc:1686] Creating SIFT CPU feature matcher
I20260912 09:38:28.291167 138297115330240 sift.cc:1686] Creating SIFT CPU feature matcher
I20260912 09:38:28.291172 138297098544832 sift.cc:1686] Creating SIFT CPU feature matcher
I20260912 09:38:28.291184 138296999012032 sift.cc:1686] Creating SIFT CPU feature matcher
I20260912 09:38:28.291208 138296845919936 sift.cc:1686] Creating SIFT CPU feature matcher
I20260912 09:38:28.291220 138296829134528 sift.cc:1686] Creating SIFT CPU feature matcher
I20260912 09:38:28.291244 138296837527232 sift.cc:1686] Creating SIFT CPU feature matcher
I20260912 09:38:28.291158 138295933662912 sift.cc:1686] Creating SIFT CPU feature matcher
I20260912 09:38:28.291282 138296151742144 sift.cc:1686] Creating SIFT CPU feature matcher
I20260912 09:38:28.291290 138296738969280 sift.cc:1686] Creating SIFT CPU feature matcher
I20260912 09:38:28.291314 138296730576576 sift.cc:1686] Creating SIFT CPU feature matcher
I20260912 09:38:28.291254 138296820741824 sift.cc:1686] Creating SIFT CPU feature matcher
I20260912 09:38:28.291173 138297106937536 sift.cc:1686] Creating SIFT CPU feature matcher
I20260912 09:38:28.291172 138297007404736 sift.cc:1686] Creating SIFT CPU feature matcher
I20260912 09:38:28.291424 138296705398464 sift.cc:1686] Creating SIFT CPU feature matcher
I20260912 09:38:28.291495 138296713791168 sift.cc:1686] Creating SIFT CPU feature matcher
I20260912 09:38:28.291506 138296604751552 sift.cc:1686] Creating SIFT CPU feature matcher
I20260912 09:38:28.291501 138296697005760 sift.cc:1686] Creating SIFT CPU feature matcher
I20260912 09:38:28.291499 138296722183872 sift.cc:1686] Creating SIFT CPU feature matcher
I20260912 09:38:28.291661 138296596358848 sift.cc:1686] Creating SIFT CPU feature matcher
I20260912 09:38:28.292180 138296688613056 pairing.cc:179] Generating exhaustive image pairs...
I20260912 09:38:28.292191 138296688613056 pairing.cc:212] Processing block [1/1, 1/1]
I20260912 09:38:28.328686 138296688613056 feature_matching.cc:218] in 0.037s
I20260912 09:38:28.328712 138296688613056 timer.cc:90] Elapsed time: 0.001 [minutes]
I20260912 09:38:28.344409 138302704840832 incremental_pipeline.cc:353] Loading database
I20260912 09:38:28.344430 138302704840832 database_cache.cc:73] Loading rigs...
I20260912 09:38:28.344442 138302704840832 database_cache.cc:83]  6 in 0.000s
I20260912 09:38:28.344445 138302704840832 database_cache.cc:91] Loading cameras...
I20260912 09:38:28.344451 138302704840832 database_cache.cc:109]  6 in 0.000s
I20260912 09:38:28.344452 138302704840832 database_cache.cc:117] Loading frames...
I20260912 09:38:28.344463 138302704840832 database_cache.cc:127]  6 in 0.000s
I20260912 09:38:28.344464 138302704840832 database_cache.cc:135] Loading matches...
I20260912 09:38:28.344475 138302704840832 database_cache.cc:140]  10 in 0.000s
I20260912 09:38:28.344476 138302704840832 database_cache.cc:148] Loading images...
I20260912 09:38:28.344590 138302704840832 database_cache.cc:245]  6 in 0.000s (connected 6, loaded 6)
I20260912 09:38:28.344592 138302704840832 database_cache.cc:259] Loading pose priors...
I20260912 09:38:28.344595 138302704840832 database_cache.cc:267]  0 in 0.000s
I20260912 09:38:28.344596 138302704840832 database_cache.cc:275] Building correspondence graph...
I20260912 09:38:28.344653 138302704840832 database_cache.cc:304]  in 0.000s (ignored 0)
I20260912 09:38:28.344654 138302704840832 timer.cc:90] Elapsed time: 0.000 [minutes]
I20260912 09:38:28.344697 138302704840832 incremental_pipeline.cc:465] Finding good initial image pair
I20260912 09:38:28.350203 138302704840832 incremental_pipeline.cc:492] Registering initial image pair #3 and #2
I20260912 09:38:28.350376 138302704840832 incremental_pipeline.cc:510] Global bundle adjustment
I20260912 09:38:28.355746 138302704840832 incremental_pipeline.cc:88] Retriangulation and Global bundle adjustment
I20260912 09:38:28.355903 138302704840832 incremental_pipeline.cc:826] Keeping successful reconstruction
I20260912 09:38:28.356089 138302704840832 incremental_pipeline.cc:465] Finding good initial image pair
I20260912 09:38:28.356950 138302704840832 incremental_pipeline.cc:472] => No good initial image pair found.
I20260912 09:38:28.356954 138302704840832 incremental_pipeline.cc:800] Discarding reconstruction due to no initial pair
I20260912 09:38:28.356961 138302704840832 incremental_pipeline.cc:429] => Relaxing the initialization constraints.
I20260912 09:38:28.356988 138302704840832 incremental_pipeline.cc:465] Finding good initial image pair
I20260912 09:38:28.357512 138302704840832 incremental_pipeline.cc:472] => No good initial image pair found.
I20260912 09:38:28.357514 138302704840832 incremental_pipeline.cc:800] Discarding reconstruction due to no initial pair
I20260912 09:38:28.357519 138302704840832 incremental_pipeline.cc:442] => Relaxing the initialization constraints.
I20260912 09:38:28.357536 138302704840832 incremental_pipeline.cc:465] Finding good initial image pair
I20260912 09:38:28.358290 138302704840832 incremental_pipeline.cc:472] => No good initial image pair found.
I20260912 09:38:28.358292 138302704840832 incremental_pipeline.cc:800] Discarding reconstruction due to no initial pair
I20260912 09:38:28.358297 138302704840832 incremental_pipeline.cc:429] => Relaxing the initialization constraints.
I20260912 09:38:28.358311 138302704840832 incremental_pipeline.cc:465] Finding good initial image pair
I20260912 09:38:28.360485 138302704840832 incremental_pipeline.cc:492] Registering initial image pair #4 and #5
I20260912 09:38:28.360544 138302704840832 incremental_pipeline.cc:510] Global bundle adjustment
I20260912 09:38:28.360806 138302704840832 incremental_pipeline.cc:791] Discarding reconstruction due to bad initial pair
I20260912 09:38:28.360844 138302704840832 incremental_pipeline.cc:465] Finding good initial image pair
I20260912 09:38:28.361440 138302704840832 incremental_pipeline.cc:472] => No good initial image pair found.
I20260912 09:38:28.361442 138302704840832 incremental_pipeline.cc:800] Discarding reconstruction due to no initial pair
I20260912 09:38:28.361448 138302704840832 incremental_pipeline.cc:442] => Relaxing the initialization constraints.
I20260912 09:38:28.361465 138302704840832 incremental_pipeline.cc:465] Finding good initial image pair
I20260912 09:38:28.363563 138302704840832 incremental_pipeline.cc:492] Registering initial image pair #4 and #5
I20260912 09:38:28.363621 138302704840832 incremental_pipeline.cc:510] Global bundle adjustment
I20260912 09:38:28.363875 138302704840832 incremental_pipeline.cc:791] Discarding reconstruction due to bad initial pair
I20260912 09:38:28.363910 138302704840832 incremental_pipeline.cc:465] Finding good initial image pair
I20260912 09:38:28.364435 138302704840832 incremental_pipeline.cc:472] => No good initial image pair found.
I20260912 09:38:28.364437 138302704840832 incremental_pipeline.cc:800] Discarding reconstruction due to no initial pair
I20260912 09:38:28.364444 138302704840832 timer.cc:90] Elapsed time: 0.000 [minutes]
[27/40] skateboard/245_26182_52130  registered 2/6  FAILED  (0.3s)
W20260912 09:38:28.448491 138302704840832 feature_extraction.cc:445] Your current options use the maximum number of threads on the machine to extract features. Extracting SIFT features on the CPU can consume a lot of RAM per thread for large images. Consider reducing the maximum image size and/or the first octave or manually limit the number of extraction threads. Ignore this warning, if your machine has sufficient memory for the current settings.
I20260912 09:38:28.448700 138296579573440 feature_extraction.cc:498] === Feature extraction ===
I20260912 09:38:28.449234 138296470533824 sift.cc:765] Creating SIFT CPU feature extractor
I20260912 09:38:28.449259 138296453748416 sift.cc:765] Creating SIFT CPU feature extractor
I20260912 09:38:28.449274 138296327923392 sift.cc:765] Creating SIFT CPU feature extractor
I20260912 09:38:28.449281 138296336316096 sift.cc:765] Creating SIFT CPU feature extractor
I20260912 09:38:28.449306 138296302745280 sift.cc:765] Creating SIFT CPU feature extractor
I20260912 09:38:28.449322 138296554395328 sift.cc:765] Creating SIFT CPU feature extractor
I20260912 09:38:28.449327 138296445355712 sift.cc:765] Creating SIFT CPU feature extractor
I20260912 09:38:28.449323 138296311137984 sift.cc:765] Creating SIFT CPU feature extractor
I20260912 09:38:28.449342 138296562788032 sift.cc:765] Creating SIFT CPU feature extractor
I20260912 09:38:28.449347 138296428570304 sift.cc:765] Creating SIFT CPU feature extractor
I20260912 09:38:28.449371 138296202098368 sift.cc:765] Creating SIFT CPU feature extractor
I20260912 09:38:28.449344 138296462141120 sift.cc:765] Creating SIFT CPU feature extractor
I20260912 09:38:28.449393 138296176920256 sift.cc:765] Creating SIFT CPU feature extractor
I20260912 09:38:28.449415 138296420177600 sift.cc:765] Creating SIFT CPU feature extractor
I20260912 09:38:28.449428 138296185312960 sift.cc:765] Creating SIFT CPU feature extractor
I20260912 09:38:28.449368 138296193705664 sift.cc:765] Creating SIFT CPU feature extractor
I20260912 09:38:28.449455 138295933662912 sift.cc:765] Creating SIFT CPU feature extractor
I20260912 09:38:28.449344 138296319530688 sift.cc:765] Creating SIFT CPU feature extractor
I20260912 09:38:28.449388 138296285959872 sift.cc:765] Creating SIFT CPU feature extractor
I20260912 09:38:28.449428 138296160134848 sift.cc:765] Creating SIFT CPU feature extractor
I20260912 09:38:28.449579 138296168527552 sift.cc:765] Creating SIFT CPU feature extractor
I20260912 09:38:28.449351 138296436963008 sift.cc:765] Creating SIFT CPU feature extractor
I20260912 09:38:28.449373 138296294352576 sift.cc:765] Creating SIFT CPU feature extractor
I20260912 09:38:28.449656 138296151742144 sift.cc:765] Creating SIFT CPU feature extractor
I20260912 09:38:28.616862 138295925270208 feature_extraction.cc:270] Processed file [1/6]
I20260912 09:38:28.616918 138295925270208 feature_extraction.cc:273]   Name:            image_3.png
I20260912 09:38:28.616923 138295925270208 feature_extraction.cc:282]   Dimensions:      518 x 518
I20260912 09:38:28.616926 138295925270208 feature_extraction.cc:285]   Camera:          #3 - PINHOLE
I20260912 09:38:28.616930 138295925270208 feature_extraction.cc:289]   Focal Length:    522.76px (Prior)
I20260912 09:38:28.616941 138295925270208 feature_extraction.cc:294]   Features:        904 (SIFT)
I20260912 09:38:28.618301 138295925270208 feature_extraction.cc:270] Processed file [2/6]
I20260912 09:38:28.618325 138295925270208 feature_extraction.cc:273]   Name:            image_2.png
I20260912 09:38:28.618329 138295925270208 feature_extraction.cc:282]   Dimensions:      518 x 518
I20260912 09:38:28.618332 138295925270208 feature_extraction.cc:285]   Camera:          #2 - PINHOLE
I20260912 09:38:28.618335 138295925270208 feature_extraction.cc:289]   Focal Length:    522.76px (Prior)
I20260912 09:38:28.618342 138295925270208 feature_extraction.cc:294]   Features:        1205 (SIFT)
I20260912 09:38:28.620779 138295925270208 feature_extraction.cc:270] Processed file [3/6]
I20260912 09:38:28.620802 138295925270208 feature_extraction.cc:273]   Name:            image_4.png
I20260912 09:38:28.620807 138295925270208 feature_extraction.cc:282]   Dimensions:      518 x 518
I20260912 09:38:28.620810 138295925270208 feature_extraction.cc:285]   Camera:          #4 - PINHOLE
I20260912 09:38:28.620813 138295925270208 feature_extraction.cc:289]   Focal Length:    522.76px (Prior)
I20260912 09:38:28.620819 138295925270208 feature_extraction.cc:294]   Features:        1002 (SIFT)
I20260912 09:38:28.633634 138295925270208 feature_extraction.cc:270] Processed file [4/6]
I20260912 09:38:28.633657 138295925270208 feature_extraction.cc:273]   Name:            image_1.png
I20260912 09:38:28.633662 138295925270208 feature_extraction.cc:282]   Dimensions:      518 x 518
I20260912 09:38:28.633668 138295925270208 feature_extraction.cc:285]   Camera:          #1 - PINHOLE
I20260912 09:38:28.633672 138295925270208 feature_extraction.cc:289]   Focal Length:    522.76px (Prior)
I20260912 09:38:28.633678 138295925270208 feature_extraction.cc:294]   Features:        1681 (SIFT)
I20260912 09:38:28.663259 138295925270208 feature_extraction.cc:270] Processed file [5/6]
I20260912 09:38:28.663291 138295925270208 feature_extraction.cc:273]   Name:            image_6.png
I20260912 09:38:28.663296 138295925270208 feature_extraction.cc:282]   Dimensions:      518 x 518
I20260912 09:38:28.663299 138295925270208 feature_extraction.cc:285]   Camera:          #6 - PINHOLE
I20260912 09:38:28.663302 138295925270208 feature_extraction.cc:289]   Focal Length:    522.76px (Prior)
I20260912 09:38:28.663326 138295925270208 feature_extraction.cc:294]   Features:        1995 (SIFT)
I20260912 09:38:28.680803 138295925270208 feature_extraction.cc:270] Processed file [6/6]
I20260912 09:38:28.680830 138295925270208 feature_extraction.cc:273]   Name:            image_5.png
I20260912 09:38:28.680834 138295925270208 feature_extraction.cc:282]   Dimensions:      518 x 518
I20260912 09:38:28.680837 138295925270208 feature_extraction.cc:285]   Camera:          #5 - PINHOLE
I20260912 09:38:28.680840 138295925270208 feature_extraction.cc:289]   Focal Length:    522.76px (Prior)
I20260912 09:38:28.680847 138295925270208 feature_extraction.cc:294]   Features:        2720 (SIFT)
I20260912 09:38:28.683847 138296579573440 timer.cc:90] Elapsed time: 0.004 [minutes]
I20260912 09:38:28.704137 138296579573440 feature_matching.cc:196] === Feature matching & geometric verification ===
I20260912 09:38:28.704305 138295925270208 sift.cc:1686] Creating SIFT CPU feature matcher
I20260912 09:38:28.704386 138296151742144 sift.cc:1686] Creating SIFT CPU feature matcher
I20260912 09:38:28.704387 138295933662912 sift.cc:1686] Creating SIFT CPU feature matcher
I20260912 09:38:28.704396 138297132115648 sift.cc:1686] Creating SIFT CPU feature matcher
I20260912 09:38:28.704471 138297090152128 sift.cc:1686] Creating SIFT CPU feature matcher
I20260912 09:38:28.704491 138297115330240 sift.cc:1686] Creating SIFT CPU feature matcher
I20260912 09:38:28.704495 138297007404736 sift.cc:1686] Creating SIFT CPU feature matcher
I20260912 09:38:28.704508 138297098544832 sift.cc:1686] Creating SIFT CPU feature matcher
I20260912 09:38:28.704523 138296999012032 sift.cc:1686] Creating SIFT CPU feature matcher
I20260912 09:38:28.704494 138297123722944 sift.cc:1686] Creating SIFT CPU feature matcher
I20260912 09:38:28.704495 138297106937536 sift.cc:1686] Creating SIFT CPU feature matcher
I20260912 09:38:28.704669 138296845919936 sift.cc:1686] Creating SIFT CPU feature matcher
I20260912 09:38:28.704726 138296730576576 sift.cc:1686] Creating SIFT CPU feature matcher
I20260912 09:38:28.704747 138296738969280 sift.cc:1686] Creating SIFT CPU feature matcher
I20260912 09:38:28.704559 138296854312640 sift.cc:1686] Creating SIFT CPU feature matcher
I20260912 09:38:28.704775 138296713791168 sift.cc:1686] Creating SIFT CPU feature matcher
I20260912 09:38:28.704781 138296722183872 sift.cc:1686] Creating SIFT CPU feature matcher
I20260912 09:38:28.704787 138296829134528 sift.cc:1686] Creating SIFT CPU feature matcher
I20260912 09:38:28.704788 138296820741824 sift.cc:1686] Creating SIFT CPU feature matcher
I20260912 09:38:28.704829 138296837527232 sift.cc:1686] Creating SIFT CPU feature matcher
I20260912 09:38:28.704833 138296697005760 sift.cc:1686] Creating SIFT CPU feature matcher
I20260912 09:38:28.704861 138296705398464 sift.cc:1686] Creating SIFT CPU feature matcher
I20260912 09:38:28.705079 138296688613056 sift.cc:1686] Creating SIFT CPU feature matcher
I20260912 09:38:28.705081 138296604751552 sift.cc:1686] Creating SIFT CPU feature matcher
I20260912 09:38:28.705615 138296579573440 pairing.cc:179] Generating exhaustive image pairs...
I20260912 09:38:28.705628 138296579573440 pairing.cc:212] Processing block [1/1, 1/1]
I20260912 09:38:28.756041 138296579573440 feature_matching.cc:218] in 0.050s
I20260912 09:38:28.756066 138296579573440 timer.cc:90] Elapsed time: 0.001 [minutes]
I20260912 09:38:28.807485 138302704840832 incremental_pipeline.cc:353] Loading database
I20260912 09:38:28.807540 138302704840832 database_cache.cc:73] Loading rigs...
I20260912 09:38:28.807566 138302704840832 database_cache.cc:83]  6 in 0.000s
I20260912 09:38:28.807574 138302704840832 database_cache.cc:91] Loading cameras...
I20260912 09:38:28.807587 138302704840832 database_cache.cc:109]  6 in 0.000s
I20260912 09:38:28.807591 138302704840832 database_cache.cc:117] Loading frames...
I20260912 09:38:28.807614 138302704840832 database_cache.cc:127]  6 in 0.000s
I20260912 09:38:28.807618 138302704840832 database_cache.cc:135] Loading matches...
I20260912 09:38:28.807640 138302704840832 database_cache.cc:140]  2 in 0.000s
I20260912 09:38:28.807643 138302704840832 database_cache.cc:148] Loading images...
I20260912 09:38:28.807777 138302704840832 database_cache.cc:245]  6 in 0.000s (connected 3, loaded 3)
I20260912 09:38:28.807783 138302704840832 database_cache.cc:259] Loading pose priors...
I20260912 09:38:28.807788 138302704840832 database_cache.cc:267]  0 in 0.000s
I20260912 09:38:28.807791 138302704840832 database_cache.cc:275] Building correspondence graph...
I20260912 09:38:28.807825 138302704840832 database_cache.cc:304]  in 0.000s (ignored 0)
I20260912 09:38:28.807829 138302704840832 timer.cc:90] Elapsed time: 0.000 [minutes]
I20260912 09:38:28.807879 138302704840832 incremental_pipeline.cc:465] Finding good initial image pair
I20260912 09:38:28.808977 138302704840832 incremental_pipeline.cc:472] => No good initial image pair found.
I20260912 09:38:28.808986 138302704840832 incremental_pipeline.cc:800] Discarding reconstruction due to no initial pair
I20260912 09:38:28.808999 138302704840832 incremental_pipeline.cc:429] => Relaxing the initialization constraints.
I20260912 09:38:28.809028 138302704840832 incremental_pipeline.cc:465] Finding good initial image pair
I20260912 09:38:28.810086 138302704840832 incremental_pipeline.cc:472] => No good initial image pair found.
I20260912 09:38:28.810092 138302704840832 incremental_pipeline.cc:800] Discarding reconstruction due to no initial pair
I20260912 09:38:28.810101 138302704840832 incremental_pipeline.cc:442] => Relaxing the initialization constraints.
I20260912 09:38:28.810124 138302704840832 incremental_pipeline.cc:465] Finding good initial image pair
I20260912 09:38:28.811120 138302704840832 incremental_pipeline.cc:472] => No good initial image pair found.
I20260912 09:38:28.811131 138302704840832 incremental_pipeline.cc:800] Discarding reconstruction due to no initial pair
I20260912 09:38:28.811141 138302704840832 incremental_pipeline.cc:429] => Relaxing the initialization constraints.
I20260912 09:38:28.811161 138302704840832 incremental_pipeline.cc:465] Finding good initial image pair
I20260912 09:38:28.812135 138302704840832 incremental_pipeline.cc:472] => No good initial image pair found.
I20260912 09:38:28.812139 138302704840832 incremental_pipeline.cc:800] Discarding reconstruction due to no initial pair
I20260912 09:38:28.812148 138302704840832 incremental_pipeline.cc:442] => Relaxing the initialization constraints.
I20260912 09:38:28.812166 138302704840832 incremental_pipeline.cc:465] Finding good initial image pair
I20260912 09:38:28.813133 138302704840832 incremental_pipeline.cc:472] => No good initial image pair found.
I20260912 09:38:28.813137 138302704840832 incremental_pipeline.cc:800] Discarding reconstruction due to no initial pair
I20260912 09:38:28.813146 138302704840832 timer.cc:90] Elapsed time: 0.000 [minutes]
E20260912 09:38:28.813152 138302704840832 sfm.cc:310] Failed to create any sparse model
[28/40] skateboard/366_39266_76077  registered 0/6  FAILED  (0.4s)
W20260912 09:38:28.930331 138302704840832 feature_extraction.cc:445] Your current options use the maximum number of threads on the machine to extract features. Extracting SIFT features on the CPU can consume a lot of RAM per thread for large images. Consider reducing the maximum image size and/or the first octave or manually limit the number of extraction threads. Ignore this warning, if your machine has sufficient memory for the current settings.
I20260912 09:38:28.930488 138296688613056 feature_extraction.cc:498] === Feature extraction ===
I20260912 09:38:28.930978 138296562788032 sift.cc:765] Creating SIFT CPU feature extractor
I20260912 09:38:28.931013 138296554395328 sift.cc:765] Creating SIFT CPU feature extractor
I20260912 09:38:28.931061 138296445355712 sift.cc:765] Creating SIFT CPU feature extractor
I20260912 09:38:28.931088 138296420177600 sift.cc:765] Creating SIFT CPU feature extractor
I20260912 09:38:28.931125 138296336316096 sift.cc:765] Creating SIFT CPU feature extractor
I20260912 09:38:28.931159 138296470533824 sift.cc:765] Creating SIFT CPU feature extractor
I20260912 09:38:28.931165 138296462141120 sift.cc:765] Creating SIFT CPU feature extractor
I20260912 09:38:28.931181 138296453748416 sift.cc:765] Creating SIFT CPU feature extractor
I20260912 09:38:28.931206 138296311137984 sift.cc:765] Creating SIFT CPU feature extractor
I20260912 09:38:28.931211 138296302745280 sift.cc:765] Creating SIFT CPU feature extractor
I20260912 09:38:28.931170 138296327923392 sift.cc:765] Creating SIFT CPU feature extractor
I20260912 09:38:28.931223 138296294352576 sift.cc:765] Creating SIFT CPU feature extractor
I20260912 09:38:28.931164 138296436963008 sift.cc:765] Creating SIFT CPU feature extractor
I20260912 09:38:28.931235 138296202098368 sift.cc:765] Creating SIFT CPU feature extractor
I20260912 09:38:28.931241 138296285959872 sift.cc:765] Creating SIFT CPU feature extractor
I20260912 09:38:28.931237 138296193705664 sift.cc:765] Creating SIFT CPU feature extractor
I20260912 09:38:28.931183 138296428570304 sift.cc:765] Creating SIFT CPU feature extractor
I20260912 09:38:28.931249 138296185312960 sift.cc:765] Creating SIFT CPU feature extractor
I20260912 09:38:28.931212 138296319530688 sift.cc:765] Creating SIFT CPU feature extractor
I20260912 09:38:28.931265 138296176920256 sift.cc:765] Creating SIFT CPU feature extractor
I20260912 09:38:28.931277 138296168527552 sift.cc:765] Creating SIFT CPU feature extractor
I20260912 09:38:28.931281 138296160134848 sift.cc:765] Creating SIFT CPU feature extractor
I20260912 09:38:28.931447 138296151742144 sift.cc:765] Creating SIFT CPU feature extractor
I20260912 09:38:28.931454 138295933662912 sift.cc:765] Creating SIFT CPU feature extractor
I20260912 09:38:29.067931 138295925270208 feature_extraction.cc:270] Processed file [1/6]
I20260912 09:38:29.067988 138295925270208 feature_extraction.cc:273]   Name:            image_4.png
I20260912 09:38:29.068011 138295925270208 feature_extraction.cc:282]   Dimensions:      518 x 518
I20260912 09:38:29.068016 138295925270208 feature_extraction.cc:285]   Camera:          #4 - PINHOLE
I20260912 09:38:29.068021 138295925270208 feature_extraction.cc:289]   Focal Length:    476.23px (Prior)
I20260912 09:38:29.068032 138295925270208 feature_extraction.cc:294]   Features:        353 (SIFT)
I20260912 09:38:29.074609 138295925270208 feature_extraction.cc:270] Processed file [2/6]
I20260912 09:38:29.074658 138295925270208 feature_extraction.cc:273]   Name:            image_3.png
I20260912 09:38:29.074662 138295925270208 feature_extraction.cc:282]   Dimensions:      518 x 518
I20260912 09:38:29.074666 138295925270208 feature_extraction.cc:285]   Camera:          #3 - PINHOLE
I20260912 09:38:29.074670 138295925270208 feature_extraction.cc:289]   Focal Length:    476.23px (Prior)
I20260912 09:38:29.074680 138295925270208 feature_extraction.cc:294]   Features:        664 (SIFT)
I20260912 09:38:29.077963 138295925270208 feature_extraction.cc:270] Processed file [3/6]
I20260912 09:38:29.077988 138295925270208 feature_extraction.cc:273]   Name:            image_1.png
I20260912 09:38:29.077993 138295925270208 feature_extraction.cc:282]   Dimensions:      518 x 518
I20260912 09:38:29.077996 138295925270208 feature_extraction.cc:285]   Camera:          #1 - PINHOLE
I20260912 09:38:29.077999 138295925270208 feature_extraction.cc:289]   Focal Length:    476.23px (Prior)
I20260912 09:38:29.078006 138295925270208 feature_extraction.cc:294]   Features:        381 (SIFT)
I20260912 09:38:29.084045 138295925270208 feature_extraction.cc:270] Processed file [4/6]
I20260912 09:38:29.084072 138295925270208 feature_extraction.cc:273]   Name:            image_5.png
I20260912 09:38:29.084077 138295925270208 feature_extraction.cc:282]   Dimensions:      518 x 518
I20260912 09:38:29.084080 138295925270208 feature_extraction.cc:285]   Camera:          #5 - PINHOLE
I20260912 09:38:29.084083 138295925270208 feature_extraction.cc:289]   Focal Length:    476.23px (Prior)
I20260912 09:38:29.084090 138295925270208 feature_extraction.cc:294]   Features:        328 (SIFT)
I20260912 09:38:29.088215 138295925270208 feature_extraction.cc:270] Processed file [5/6]
I20260912 09:38:29.088256 138295925270208 feature_extraction.cc:273]   Name:            image_2.png
I20260912 09:38:29.088261 138295925270208 feature_extraction.cc:282]   Dimensions:      518 x 518
I20260912 09:38:29.088264 138295925270208 feature_extraction.cc:285]   Camera:          #2 - PINHOLE
I20260912 09:38:29.088267 138295925270208 feature_extraction.cc:289]   Focal Length:    476.23px (Prior)
I20260912 09:38:29.088274 138295925270208 feature_extraction.cc:294]   Features:        668 (SIFT)
I20260912 09:38:29.092438 138295925270208 feature_extraction.cc:270] Processed file [6/6]
I20260912 09:38:29.092461 138295925270208 feature_extraction.cc:273]   Name:            image_6.png
I20260912 09:38:29.092466 138295925270208 feature_extraction.cc:282]   Dimensions:      518 x 518
I20260912 09:38:29.092469 138295925270208 feature_extraction.cc:285]   Camera:          #6 - PINHOLE
I20260912 09:38:29.092472 138295925270208 feature_extraction.cc:289]   Focal Length:    476.23px (Prior)
I20260912 09:38:29.092479 138295925270208 feature_extraction.cc:294]   Features:        354 (SIFT)
I20260912 09:38:29.094550 138296688613056 timer.cc:90] Elapsed time: 0.003 [minutes]
I20260912 09:38:29.136724 138296688613056 feature_matching.cc:196] === Feature matching & geometric verification ===
I20260912 09:38:29.136965 138297132115648 sift.cc:1686] Creating SIFT CPU feature matcher
I20260912 09:38:29.136972 138296151742144 sift.cc:1686] Creating SIFT CPU feature matcher
I20260912 09:38:29.137025 138297123722944 sift.cc:1686] Creating SIFT CPU feature matcher
I20260912 09:38:29.137042 138297090152128 sift.cc:1686] Creating SIFT CPU feature matcher
I20260912 09:38:29.137050 138297098544832 sift.cc:1686] Creating SIFT CPU feature matcher
I20260912 09:38:29.137095 138295925270208 sift.cc:1686] Creating SIFT CPU feature matcher
I20260912 09:38:29.137109 138297007404736 sift.cc:1686] Creating SIFT CPU feature matcher
I20260912 09:38:29.137104 138297115330240 sift.cc:1686] Creating SIFT CPU feature matcher
I20260912 09:38:29.137142 138296854312640 sift.cc:1686] Creating SIFT CPU feature matcher
I20260912 09:38:29.137152 138295933662912 sift.cc:1686] Creating SIFT CPU feature matcher
I20260912 09:38:29.137163 138297106937536 sift.cc:1686] Creating SIFT CPU feature matcher
I20260912 09:38:29.137192 138296837527232 sift.cc:1686] Creating SIFT CPU feature matcher
I20260912 09:38:29.137195 138296999012032 sift.cc:1686] Creating SIFT CPU feature matcher
I20260912 09:38:29.137252 138296820741824 sift.cc:1686] Creating SIFT CPU feature matcher
I20260912 09:38:29.137275 138296730576576 sift.cc:1686] Creating SIFT CPU feature matcher
I20260912 09:38:29.137281 138296829134528 sift.cc:1686] Creating SIFT CPU feature matcher
I20260912 09:38:29.137286 138296845919936 sift.cc:1686] Creating SIFT CPU feature matcher
I20260912 09:38:29.137338 138296722183872 sift.cc:1686] Creating SIFT CPU feature matcher
I20260912 09:38:29.137351 138296738969280 sift.cc:1686] Creating SIFT CPU feature matcher
I20260912 09:38:29.137342 138296713791168 sift.cc:1686] Creating SIFT CPU feature matcher
I20260912 09:38:29.137390 138296697005760 sift.cc:1686] Creating SIFT CPU feature matcher
I20260912 09:38:29.137413 138296604751552 sift.cc:1686] Creating SIFT CPU feature matcher
I20260912 09:38:29.137547 138296705398464 sift.cc:1686] Creating SIFT CPU feature matcher
I20260912 09:38:29.137637 138296596358848 sift.cc:1686] Creating SIFT CPU feature matcher
I20260912 09:38:29.138173 138296688613056 pairing.cc:179] Generating exhaustive image pairs...
I20260912 09:38:29.138184 138296688613056 pairing.cc:212] Processing block [1/1, 1/1]
I20260912 09:38:29.154206 138296688613056 feature_matching.cc:218] in 0.016s
I20260912 09:38:29.154218 138296688613056 timer.cc:90] Elapsed time: 0.000 [minutes]
I20260912 09:38:29.189558 138302704840832 incremental_pipeline.cc:353] Loading database
I20260912 09:38:29.189596 138302704840832 database_cache.cc:73] Loading rigs...
I20260912 09:38:29.189619 138302704840832 database_cache.cc:83]  6 in 0.000s
I20260912 09:38:29.189627 138302704840832 database_cache.cc:91] Loading cameras...
I20260912 09:38:29.189647 138302704840832 database_cache.cc:109]  6 in 0.000s
I20260912 09:38:29.189650 138302704840832 database_cache.cc:117] Loading frames...
I20260912 09:38:29.189673 138302704840832 database_cache.cc:127]  6 in 0.000s
I20260912 09:38:29.189676 138302704840832 database_cache.cc:135] Loading matches...
I20260912 09:38:29.189693 138302704840832 database_cache.cc:140]  5 in 0.000s
I20260912 09:38:29.189695 138302704840832 database_cache.cc:148] Loading images...
I20260912 09:38:29.189782 138302704840832 database_cache.cc:245]  6 in 0.000s (connected 5, loaded 5)
I20260912 09:38:29.189786 138302704840832 database_cache.cc:259] Loading pose priors...
I20260912 09:38:29.189791 138302704840832 database_cache.cc:267]  0 in 0.000s
I20260912 09:38:29.189794 138302704840832 database_cache.cc:275] Building correspondence graph...
I20260912 09:38:29.189847 138302704840832 database_cache.cc:304]  in 0.000s (ignored 0)
I20260912 09:38:29.189851 138302704840832 timer.cc:90] Elapsed time: 0.000 [minutes]
I20260912 09:38:29.189902 138302704840832 incremental_pipeline.cc:465] Finding good initial image pair
I20260912 09:38:29.193422 138302704840832 incremental_pipeline.cc:472] => No good initial image pair found.
I20260912 09:38:29.193445 138302704840832 incremental_pipeline.cc:800] Discarding reconstruction due to no initial pair
I20260912 09:38:29.193461 138302704840832 incremental_pipeline.cc:429] => Relaxing the initialization constraints.
I20260912 09:38:29.193502 138302704840832 incremental_pipeline.cc:465] Finding good initial image pair
I20260912 09:38:29.196435 138302704840832 incremental_pipeline.cc:472] => No good initial image pair found.
I20260912 09:38:29.196439 138302704840832 incremental_pipeline.cc:800] Discarding reconstruction due to no initial pair
I20260912 09:38:29.196449 138302704840832 incremental_pipeline.cc:442] => Relaxing the initialization constraints.
I20260912 09:38:29.196465 138302704840832 incremental_pipeline.cc:465] Finding good initial image pair
I20260912 09:38:29.199336 138302704840832 incremental_pipeline.cc:472] => No good initial image pair found.
I20260912 09:38:29.199342 138302704840832 incremental_pipeline.cc:800] Discarding reconstruction due to no initial pair
I20260912 09:38:29.199350 138302704840832 incremental_pipeline.cc:429] => Relaxing the initialization constraints.
I20260912 09:38:29.199371 138302704840832 incremental_pipeline.cc:465] Finding good initial image pair
I20260912 09:38:29.202854 138302704840832 incremental_pipeline.cc:492] Registering initial image pair #5 and #3
I20260912 09:38:29.202929 138302704840832 incremental_pipeline.cc:510] Global bundle adjustment
I20260912 09:38:29.203163 138302704840832 incremental_pipeline.cc:791] Discarding reconstruction due to bad initial pair
I20260912 09:38:29.203196 138302704840832 incremental_pipeline.cc:465] Finding good initial image pair
I20260912 09:38:29.204257 138302704840832 incremental_pipeline.cc:472] => No good initial image pair found.
I20260912 09:38:29.204261 138302704840832 incremental_pipeline.cc:800] Discarding reconstruction due to no initial pair
I20260912 09:38:29.204266 138302704840832 incremental_pipeline.cc:442] => Relaxing the initialization constraints.
I20260912 09:38:29.204278 138302704840832 incremental_pipeline.cc:465] Finding good initial image pair
I20260912 09:38:29.207341 138302704840832 incremental_pipeline.cc:492] Registering initial image pair #6 and #3
I20260912 09:38:29.207404 138302704840832 incremental_pipeline.cc:510] Global bundle adjustment
I20260912 09:38:29.207772 138302704840832 incremental_pipeline.cc:791] Discarding reconstruction due to bad initial pair
I20260912 09:38:29.207800 138302704840832 incremental_pipeline.cc:465] Finding good initial image pair
I20260912 09:38:29.208407 138302704840832 incremental_pipeline.cc:472] => No good initial image pair found.
I20260912 09:38:29.208409 138302704840832 incremental_pipeline.cc:800] Discarding reconstruction due to no initial pair
I20260912 09:38:29.208413 138302704840832 timer.cc:90] Elapsed time: 0.000 [minutes]
E20260912 09:38:29.208420 138302704840832 sfm.cc:310] Failed to create any sparse model
[29/40] suitcase/410_55734_107452  registered 0/6  FAILED  (0.3s)
W20260912 09:38:29.328459 138302704840832 feature_extraction.cc:445] Your current options use the maximum number of threads on the machine to extract features. Extracting SIFT features on the CPU can consume a lot of RAM per thread for large images. Consider reducing the maximum image size and/or the first octave or manually limit the number of extraction threads. Ignore this warning, if your machine has sufficient memory for the current settings.
I20260912 09:38:29.328635 138296688613056 feature_extraction.cc:498] === Feature extraction ===
I20260912 09:38:29.329114 138296562788032 sift.cc:765] Creating SIFT CPU feature extractor
I20260912 09:38:29.329161 138296554395328 sift.cc:765] Creating SIFT CPU feature extractor
I20260912 09:38:29.329173 138296453748416 sift.cc:765] Creating SIFT CPU feature extractor
I20260912 09:38:29.329204 138296470533824 sift.cc:765] Creating SIFT CPU feature extractor
I20260912 09:38:29.329209 138296445355712 sift.cc:765] Creating SIFT CPU feature extractor
I20260912 09:38:29.329209 138296462141120 sift.cc:765] Creating SIFT CPU feature extractor
I20260912 09:38:29.329233 138296428570304 sift.cc:765] Creating SIFT CPU feature extractor
I20260912 09:38:29.329244 138296336316096 sift.cc:765] Creating SIFT CPU feature extractor
I20260912 09:38:29.329244 138296436963008 sift.cc:765] Creating SIFT CPU feature extractor
I20260912 09:38:29.329275 138296420177600 sift.cc:765] Creating SIFT CPU feature extractor
I20260912 09:38:29.329328 138296302745280 sift.cc:765] Creating SIFT CPU feature extractor
I20260912 09:38:29.329370 138296202098368 sift.cc:765] Creating SIFT CPU feature extractor
I20260912 09:38:29.329413 138296327923392 sift.cc:765] Creating SIFT CPU feature extractor
I20260912 09:38:29.329418 138296193705664 sift.cc:765] Creating SIFT CPU feature extractor
I20260912 09:38:29.329448 138296151742144 sift.cc:765] Creating SIFT CPU feature extractor
I20260912 09:38:29.329458 138296185312960 sift.cc:765] Creating SIFT CPU feature extractor
I20260912 09:38:29.329493 138295933662912 sift.cc:765] Creating SIFT CPU feature extractor
I20260912 09:38:29.329497 138296319530688 sift.cc:765] Creating SIFT CPU feature extractor
I20260912 09:38:29.329502 138296176920256 sift.cc:765] Creating SIFT CPU feature extractor
I20260912 09:38:29.329505 138296160134848 sift.cc:765] Creating SIFT CPU feature extractor
I20260912 09:38:29.329499 138296311137984 sift.cc:765] Creating SIFT CPU feature extractor
I20260912 09:38:29.329503 138296294352576 sift.cc:765] Creating SIFT CPU feature extractor
I20260912 09:38:29.329503 138296285959872 sift.cc:765] Creating SIFT CPU feature extractor
I20260912 09:38:29.329497 138296168527552 sift.cc:765] Creating SIFT CPU feature extractor
I20260912 09:38:29.545112 138295925270208 feature_extraction.cc:270] Processed file [1/6]
I20260912 09:38:29.545174 138295925270208 feature_extraction.cc:273]   Name:            image_3.png
I20260912 09:38:29.545180 138295925270208 feature_extraction.cc:282]   Dimensions:      518 x 518
I20260912 09:38:29.545183 138295925270208 feature_extraction.cc:285]   Camera:          #3 - PINHOLE
I20260912 09:38:29.545188 138295925270208 feature_extraction.cc:289]   Focal Length:    576.68px (Prior)
I20260912 09:38:29.545198 138295925270208 feature_extraction.cc:294]   Features:        2317 (SIFT)
I20260912 09:38:29.552138 138295925270208 feature_extraction.cc:270] Processed file [2/6]
I20260912 09:38:29.552161 138295925270208 feature_extraction.cc:273]   Name:            image_2.png
I20260912 09:38:29.552164 138295925270208 feature_extraction.cc:282]   Dimensions:      518 x 518
I20260912 09:38:29.552167 138295925270208 feature_extraction.cc:285]   Camera:          #2 - PINHOLE
I20260912 09:38:29.552170 138295925270208 feature_extraction.cc:289]   Focal Length:    576.68px (Prior)
I20260912 09:38:29.552176 138295925270208 feature_extraction.cc:294]   Features:        2596 (SIFT)
I20260912 09:38:29.560658 138295925270208 feature_extraction.cc:270] Processed file [3/6]
I20260912 09:38:29.560685 138295925270208 feature_extraction.cc:273]   Name:            image_1.png
I20260912 09:38:29.560687 138295925270208 feature_extraction.cc:282]   Dimensions:      518 x 518
I20260912 09:38:29.560688 138295925270208 feature_extraction.cc:285]   Camera:          #1 - PINHOLE
I20260912 09:38:29.560690 138295925270208 feature_extraction.cc:289]   Focal Length:    576.68px (Prior)
I20260912 09:38:29.560694 138295925270208 feature_extraction.cc:294]   Features:        2927 (SIFT)
I20260912 09:38:29.567693 138295925270208 feature_extraction.cc:270] Processed file [4/6]
I20260912 09:38:29.567711 138295925270208 feature_extraction.cc:273]   Name:            image_4.png
I20260912 09:38:29.567713 138295925270208 feature_extraction.cc:282]   Dimensions:      518 x 518
I20260912 09:38:29.567715 138295925270208 feature_extraction.cc:285]   Camera:          #4 - PINHOLE
I20260912 09:38:29.567716 138295925270208 feature_extraction.cc:289]   Focal Length:    576.68px (Prior)
I20260912 09:38:29.567719 138295925270208 feature_extraction.cc:294]   Features:        2820 (SIFT)
I20260912 09:38:29.568675 138295925270208 feature_extraction.cc:270] Processed file [5/6]
I20260912 09:38:29.568684 138295925270208 feature_extraction.cc:273]   Name:            image_5.png
I20260912 09:38:29.568686 138295925270208 feature_extraction.cc:282]   Dimensions:      518 x 518
I20260912 09:38:29.568688 138295925270208 feature_extraction.cc:285]   Camera:          #5 - PINHOLE
I20260912 09:38:29.568689 138295925270208 feature_extraction.cc:289]   Focal Length:    576.68px (Prior)
I20260912 09:38:29.568692 138295925270208 feature_extraction.cc:294]   Features:        2755 (SIFT)
I20260912 09:38:29.571237 138295925270208 feature_extraction.cc:270] Processed file [6/6]
I20260912 09:38:29.571246 138295925270208 feature_extraction.cc:273]   Name:            image_6.png
I20260912 09:38:29.571248 138295925270208 feature_extraction.cc:282]   Dimensions:      518 x 518
I20260912 09:38:29.571250 138295925270208 feature_extraction.cc:285]   Camera:          #6 - PINHOLE
I20260912 09:38:29.571251 138295925270208 feature_extraction.cc:289]   Focal Length:    576.68px (Prior)
I20260912 09:38:29.571254 138295925270208 feature_extraction.cc:294]   Features:        2786 (SIFT)
I20260912 09:38:29.572146 138296688613056 timer.cc:90] Elapsed time: 0.004 [minutes]
I20260912 09:38:29.583046 138296688613056 feature_matching.cc:196] === Feature matching & geometric verification ===
I20260912 09:38:29.583233 138295933662912 sift.cc:1686] Creating SIFT CPU feature matcher
I20260912 09:38:29.583235 138295925270208 sift.cc:1686] Creating SIFT CPU feature matcher
I20260912 09:38:29.583267 138297123722944 sift.cc:1686] Creating SIFT CPU feature matcher
I20260912 09:38:29.583282 138297115330240 sift.cc:1686] Creating SIFT CPU feature matcher
I20260912 09:38:29.583305 138297106937536 sift.cc:1686] Creating SIFT CPU feature matcher
I20260912 09:38:29.583305 138296151742144 sift.cc:1686] Creating SIFT CPU feature matcher
I20260912 09:38:29.583350 138297132115648 sift.cc:1686] Creating SIFT CPU feature matcher
I20260912 09:38:29.583381 138297090152128 sift.cc:1686] Creating SIFT CPU feature matcher
I20260912 09:38:29.583392 138297007404736 sift.cc:1686] Creating SIFT CPU feature matcher
I20260912 09:38:29.583440 138296999012032 sift.cc:1686] Creating SIFT CPU feature matcher
I20260912 09:38:29.583470 138296845919936 sift.cc:1686] Creating SIFT CPU feature matcher
I20260912 09:38:29.583446 138296854312640 sift.cc:1686] Creating SIFT CPU feature matcher
I20260912 09:38:29.583495 138297098544832 sift.cc:1686] Creating SIFT CPU feature matcher
I20260912 09:38:29.583518 138296829134528 sift.cc:1686] Creating SIFT CPU feature matcher
I20260912 09:38:29.583584 138296738969280 sift.cc:1686] Creating SIFT CPU feature matcher
I20260912 09:38:29.583609 138296730576576 sift.cc:1686] Creating SIFT CPU feature matcher
I20260912 09:38:29.583638 138296722183872 sift.cc:1686] Creating SIFT CPU feature matcher
I20260912 09:38:29.583664 138296713791168 sift.cc:1686] Creating SIFT CPU feature matcher
I20260912 09:38:29.583689 138296837527232 sift.cc:1686] Creating SIFT CPU feature matcher
I20260912 09:38:29.583714 138296697005760 sift.cc:1686] Creating SIFT CPU feature matcher
I20260912 09:38:29.583724 138296820741824 sift.cc:1686] Creating SIFT CPU feature matcher
I20260912 09:38:29.583746 138296604751552 sift.cc:1686] Creating SIFT CPU feature matcher
I20260912 09:38:29.583821 138296705398464 sift.cc:1686] Creating SIFT CPU feature matcher
I20260912 09:38:29.583938 138296596358848 sift.cc:1686] Creating SIFT CPU feature matcher
I20260912 09:38:29.584470 138296688613056 pairing.cc:179] Generating exhaustive image pairs...
I20260912 09:38:29.584480 138296688613056 pairing.cc:212] Processing block [1/1, 1/1]
I20260912 09:38:29.655348 138296688613056 feature_matching.cc:218] in 0.071s
I20260912 09:38:29.655376 138296688613056 timer.cc:90] Elapsed time: 0.001 [minutes]
I20260912 09:38:29.687734 138302704840832 incremental_pipeline.cc:353] Loading database
I20260912 09:38:29.687780 138302704840832 database_cache.cc:73] Loading rigs...
I20260912 09:38:29.687805 138302704840832 database_cache.cc:83]  6 in 0.000s
I20260912 09:38:29.687813 138302704840832 database_cache.cc:91] Loading cameras...
I20260912 09:38:29.687825 138302704840832 database_cache.cc:109]  6 in 0.000s
I20260912 09:38:29.687828 138302704840832 database_cache.cc:117] Loading frames...
I20260912 09:38:29.687852 138302704840832 database_cache.cc:127]  6 in 0.000s
I20260912 09:38:29.687856 138302704840832 database_cache.cc:135] Loading matches...
I20260912 09:38:29.687886 138302704840832 database_cache.cc:140]  15 in 0.000s
I20260912 09:38:29.687889 138302704840832 database_cache.cc:148] Loading images...
I20260912 09:38:29.688244 138302704840832 database_cache.cc:245]  6 in 0.000s (connected 6, loaded 6)
I20260912 09:38:29.688249 138302704840832 database_cache.cc:259] Loading pose priors...
I20260912 09:38:29.688254 138302704840832 database_cache.cc:267]  0 in 0.000s
I20260912 09:38:29.688257 138302704840832 database_cache.cc:275] Building correspondence graph...
I20260912 09:38:29.688588 138302704840832 database_cache.cc:304]  in 0.000s (ignored 0)
I20260912 09:38:29.688593 138302704840832 timer.cc:90] Elapsed time: 0.000 [minutes]
I20260912 09:38:29.688689 138302704840832 incremental_pipeline.cc:465] Finding good initial image pair
I20260912 09:38:29.694031 138302704840832 incremental_pipeline.cc:492] Registering initial image pair #3 and #6
I20260912 09:38:29.694302 138302704840832 incremental_pipeline.cc:510] Global bundle adjustment
I20260912 09:38:29.699963 138302704840832 incremental_pipeline.cc:620] Registering image #2 (num_reg_frames=2)
I20260912 09:38:29.699968 138302704840832 incremental_pipeline.cc:623] => Image sees 34 / 421 points
I20260912 09:38:29.701627 138302704840832 incremental_pipeline.cc:88] Retriangulation and Global bundle adjustment
I20260912 09:38:29.707756 138302704840832 incremental_pipeline.cc:620] Registering image #5 (num_reg_frames=3)
I20260912 09:38:29.707760 138302704840832 incremental_pipeline.cc:623] => Image sees 66 / 357 points
I20260912 09:38:29.713285 138302704840832 incremental_pipeline.cc:88] Retriangulation and Global bundle adjustment
I20260912 09:38:29.722335 138302704840832 incremental_pipeline.cc:620] Registering image #4 (num_reg_frames=4)
I20260912 09:38:29.722340 138302704840832 incremental_pipeline.cc:623] => Image sees 85 / 302 points
I20260912 09:38:29.733136 138302704840832 incremental_pipeline.cc:88] Retriangulation and Global bundle adjustment
I20260912 09:38:29.737432 138302704840832 incremental_pipeline.cc:620] Registering image #1 (num_reg_frames=5)
I20260912 09:38:29.737437 138302704840832 incremental_pipeline.cc:623] => Image sees 73 / 203 points
I20260912 09:38:29.741326 138302704840832 incremental_pipeline.cc:88] Retriangulation and Global bundle adjustment
I20260912 09:38:29.746257 138302704840832 incremental_pipeline.cc:88] Retriangulation and Global bundle adjustment
I20260912 09:38:29.747061 138302704840832 incremental_pipeline.cc:826] Keeping successful reconstruction
I20260912 09:38:29.747553 138302704840832 timer.cc:90] Elapsed time: 0.001 [minutes]
[30/40] suitcase/50_2928_8645  registered 6/6  arm 9.34 deg -> refined 1.81 deg  (0.4s)
W20260912 09:38:29.867557 138302704840832 feature_extraction.cc:445] Your current options use the maximum number of threads on the machine to extract features. Extracting SIFT features on the CPU can consume a lot of RAM per thread for large images. Consider reducing the maximum image size and/or the first octave or manually limit the number of extraction threads. Ignore this warning, if your machine has sufficient memory for the current settings.
I20260912 09:38:29.867731 138296688613056 feature_extraction.cc:498] === Feature extraction ===
I20260912 09:38:29.868222 138296562788032 sift.cc:765] Creating SIFT CPU feature extractor
I20260912 09:38:29.868262 138296470533824 sift.cc:765] Creating SIFT CPU feature extractor
I20260912 09:38:29.868279 138296554395328 sift.cc:765] Creating SIFT CPU feature extractor
I20260912 09:38:29.868266 138296462141120 sift.cc:765] Creating SIFT CPU feature extractor
I20260912 09:38:29.868330 138296428570304 sift.cc:765] Creating SIFT CPU feature extractor
I20260912 09:38:29.868374 138296336316096 sift.cc:765] Creating SIFT CPU feature extractor
I20260912 09:38:29.868381 138296420177600 sift.cc:765] Creating SIFT CPU feature extractor
I20260912 09:38:29.868401 138296445355712 sift.cc:765] Creating SIFT CPU feature extractor
I20260912 09:38:29.868403 138296453748416 sift.cc:765] Creating SIFT CPU feature extractor
I20260912 09:38:29.868434 138296319530688 sift.cc:765] Creating SIFT CPU feature extractor
I20260912 09:38:29.868403 138296436963008 sift.cc:765] Creating SIFT CPU feature extractor
I20260912 09:38:29.868454 138296327923392 sift.cc:765] Creating SIFT CPU feature extractor
I20260912 09:38:29.868455 138296311137984 sift.cc:765] Creating SIFT CPU feature extractor
I20260912 09:38:29.868478 138296285959872 sift.cc:765] Creating SIFT CPU feature extractor
I20260912 09:38:29.868480 138296294352576 sift.cc:765] Creating SIFT CPU feature extractor
I20260912 09:38:29.868500 138296202098368 sift.cc:765] Creating SIFT CPU feature extractor
I20260912 09:38:29.868505 138296193705664 sift.cc:765] Creating SIFT CPU feature extractor
I20260912 09:38:29.868503 138296176920256 sift.cc:765] Creating SIFT CPU feature extractor
I20260912 09:38:29.868413 138296302745280 sift.cc:765] Creating SIFT CPU feature extractor
I20260912 09:38:29.868550 138296185312960 sift.cc:765] Creating SIFT CPU feature extractor
I20260912 09:38:29.868573 138296168527552 sift.cc:765] Creating SIFT CPU feature extractor
I20260912 09:38:29.868584 138295933662912 sift.cc:765] Creating SIFT CPU feature extractor
I20260912 09:38:29.868634 138296151742144 sift.cc:765] Creating SIFT CPU feature extractor
I20260912 09:38:29.868719 138296160134848 sift.cc:765] Creating SIFT CPU feature extractor
I20260912 09:38:30.042697 138295925270208 feature_extraction.cc:270] Processed file [1/6]
I20260912 09:38:30.042755 138295925270208 feature_extraction.cc:273]   Name:            image_2.png
I20260912 09:38:30.042760 138295925270208 feature_extraction.cc:282]   Dimensions:      518 x 518
I20260912 09:38:30.042763 138295925270208 feature_extraction.cc:285]   Camera:          #2 - PINHOLE
I20260912 09:38:30.042767 138295925270208 feature_extraction.cc:289]   Focal Length:    510.90px (Prior)
I20260912 09:38:30.042777 138295925270208 feature_extraction.cc:294]   Features:        1320 (SIFT)
I20260912 09:38:30.043182 138295925270208 feature_extraction.cc:270] Processed file [2/6]
I20260912 09:38:30.043188 138295925270208 feature_extraction.cc:273]   Name:            image_1.png
I20260912 09:38:30.043191 138295925270208 feature_extraction.cc:282]   Dimensions:      518 x 518
I20260912 09:38:30.043193 138295925270208 feature_extraction.cc:285]   Camera:          #1 - PINHOLE
I20260912 09:38:30.043196 138295925270208 feature_extraction.cc:289]   Focal Length:    510.90px (Prior)
I20260912 09:38:30.043200 138295925270208 feature_extraction.cc:294]   Features:        1333 (SIFT)
I20260912 09:38:30.043727 138295925270208 feature_extraction.cc:270] Processed file [3/6]
I20260912 09:38:30.043762 138295925270208 feature_extraction.cc:273]   Name:            image_3.png
I20260912 09:38:30.043767 138295925270208 feature_extraction.cc:282]   Dimensions:      518 x 518
I20260912 09:38:30.043770 138295925270208 feature_extraction.cc:285]   Camera:          #3 - PINHOLE
I20260912 09:38:30.043773 138295925270208 feature_extraction.cc:289]   Focal Length:    510.90px (Prior)
I20260912 09:38:30.043780 138295925270208 feature_extraction.cc:294]   Features:        1063 (SIFT)
I20260912 09:38:30.052734 138295925270208 feature_extraction.cc:270] Processed file [4/6]
I20260912 09:38:30.052757 138295925270208 feature_extraction.cc:273]   Name:            image_4.png
I20260912 09:38:30.052761 138295925270208 feature_extraction.cc:282]   Dimensions:      518 x 518
I20260912 09:38:30.052767 138295925270208 feature_extraction.cc:285]   Camera:          #4 - PINHOLE
I20260912 09:38:30.052771 138295925270208 feature_extraction.cc:289]   Focal Length:    510.90px (Prior)
I20260912 09:38:30.052777 138295925270208 feature_extraction.cc:294]   Features:        1258 (SIFT)
I20260912 09:38:30.057405 138295925270208 feature_extraction.cc:270] Processed file [5/6]
I20260912 09:38:30.057430 138295925270208 feature_extraction.cc:273]   Name:            image_6.png
I20260912 09:38:30.057434 138295925270208 feature_extraction.cc:282]   Dimensions:      518 x 518
I20260912 09:38:30.057437 138295925270208 feature_extraction.cc:285]   Camera:          #6 - PINHOLE
I20260912 09:38:30.057440 138295925270208 feature_extraction.cc:289]   Focal Length:    510.90px (Prior)
I20260912 09:38:30.057459 138295925270208 feature_extraction.cc:294]   Features:        1553 (SIFT)
I20260912 09:38:30.072147 138295925270208 feature_extraction.cc:270] Processed file [6/6]
I20260912 09:38:30.072170 138295925270208 feature_extraction.cc:273]   Name:            image_5.png
I20260912 09:38:30.072174 138295925270208 feature_extraction.cc:282]   Dimensions:      518 x 518
I20260912 09:38:30.072177 138295925270208 feature_extraction.cc:285]   Camera:          #5 - PINHOLE
I20260912 09:38:30.072180 138295925270208 feature_extraction.cc:289]   Focal Length:    510.90px (Prior)
I20260912 09:38:30.072187 138295925270208 feature_extraction.cc:294]   Features:        1761 (SIFT)
I20260912 09:38:30.073228 138296688613056 timer.cc:90] Elapsed time: 0.003 [minutes]
I20260912 09:38:30.121313 138296688613056 feature_matching.cc:196] === Feature matching & geometric verification ===
I20260912 09:38:30.121642 138295925270208 sift.cc:1686] Creating SIFT CPU feature matcher
I20260912 09:38:30.121662 138297123722944 sift.cc:1686] Creating SIFT CPU feature matcher
I20260912 09:38:30.121673 138295933662912 sift.cc:1686] Creating SIFT CPU feature matcher
I20260912 09:38:30.121712 138297090152128 sift.cc:1686] Creating SIFT CPU feature matcher
I20260912 09:38:30.121731 138296151742144 sift.cc:1686] Creating SIFT CPU feature matcher
I20260912 09:38:30.121653 138297106937536 sift.cc:1686] Creating SIFT CPU feature matcher
I20260912 09:38:30.121747 138296999012032 sift.cc:1686] Creating SIFT CPU feature matcher
I20260912 09:38:30.121776 138297098544832 sift.cc:1686] Creating SIFT CPU feature matcher
I20260912 09:38:30.121781 138297007404736 sift.cc:1686] Creating SIFT CPU feature matcher
I20260912 09:38:30.121839 138297132115648 sift.cc:1686] Creating SIFT CPU feature matcher
I20260912 09:38:30.121841 138296854312640 sift.cc:1686] Creating SIFT CPU feature matcher
I20260912 09:38:30.121874 138296837527232 sift.cc:1686] Creating SIFT CPU feature matcher
I20260912 09:38:30.121910 138297115330240 sift.cc:1686] Creating SIFT CPU feature matcher
I20260912 09:38:30.121931 138296829134528 sift.cc:1686] Creating SIFT CPU feature matcher
I20260912 09:38:30.121942 138296820741824 sift.cc:1686] Creating SIFT CPU feature matcher
I20260912 09:38:30.121952 138296738969280 sift.cc:1686] Creating SIFT CPU feature matcher
I20260912 09:38:30.121946 138296845919936 sift.cc:1686] Creating SIFT CPU feature matcher
I20260912 09:38:30.121992 138296713791168 sift.cc:1686] Creating SIFT CPU feature matcher
I20260912 09:38:30.122008 138296722183872 sift.cc:1686] Creating SIFT CPU feature matcher
I20260912 09:38:30.122079 138296705398464 sift.cc:1686] Creating SIFT CPU feature matcher
I20260912 09:38:30.122010 138296730576576 sift.cc:1686] Creating SIFT CPU feature matcher
I20260912 09:38:30.122239 138296697005760 sift.cc:1686] Creating SIFT CPU feature matcher
I20260912 09:38:30.122244 138296604751552 sift.cc:1686] Creating SIFT CPU feature matcher
I20260912 09:38:30.122299 138296596358848 sift.cc:1686] Creating SIFT CPU feature matcher
I20260912 09:38:30.122797 138296688613056 pairing.cc:179] Generating exhaustive image pairs...
I20260912 09:38:30.122810 138296688613056 pairing.cc:212] Processing block [1/1, 1/1]
I20260912 09:38:30.155720 138296688613056 feature_matching.cc:218] in 0.033s
I20260912 09:38:30.155744 138296688613056 timer.cc:90] Elapsed time: 0.001 [minutes]
I20260912 09:38:30.175068 138302704840832 incremental_pipeline.cc:353] Loading database
I20260912 09:38:30.175108 138302704840832 database_cache.cc:73] Loading rigs...
I20260912 09:38:30.175133 138302704840832 database_cache.cc:83]  6 in 0.000s
I20260912 09:38:30.175139 138302704840832 database_cache.cc:91] Loading cameras...
I20260912 09:38:30.175151 138302704840832 database_cache.cc:109]  6 in 0.000s
I20260912 09:38:30.175154 138302704840832 database_cache.cc:117] Loading frames...
I20260912 09:38:30.175177 138302704840832 database_cache.cc:127]  6 in 0.000s
I20260912 09:38:30.175180 138302704840832 database_cache.cc:135] Loading matches...
I20260912 09:38:30.175193 138302704840832 database_cache.cc:140]  2 in 0.000s
I20260912 09:38:30.175199 138302704840832 database_cache.cc:148] Loading images...
I20260912 09:38:30.175309 138302704840832 database_cache.cc:245]  6 in 0.000s (connected 3, loaded 3)
I20260912 09:38:30.175313 138302704840832 database_cache.cc:259] Loading pose priors...
I20260912 09:38:30.175319 138302704840832 database_cache.cc:267]  0 in 0.000s
I20260912 09:38:30.175322 138302704840832 database_cache.cc:275] Building correspondence graph...
I20260912 09:38:30.175356 138302704840832 database_cache.cc:304]  in 0.000s (ignored 0)
I20260912 09:38:30.175360 138302704840832 timer.cc:90] Elapsed time: 0.000 [minutes]
I20260912 09:38:30.175405 138302704840832 incremental_pipeline.cc:465] Finding good initial image pair
I20260912 09:38:30.176256 138302704840832 incremental_pipeline.cc:472] => No good initial image pair found.
I20260912 09:38:30.176265 138302704840832 incremental_pipeline.cc:800] Discarding reconstruction due to no initial pair
I20260912 09:38:30.176278 138302704840832 incremental_pipeline.cc:429] => Relaxing the initialization constraints.
I20260912 09:38:30.176304 138302704840832 incremental_pipeline.cc:465] Finding good initial image pair
I20260912 09:38:30.177139 138302704840832 incremental_pipeline.cc:472] => No good initial image pair found.
I20260912 09:38:30.177144 138302704840832 incremental_pipeline.cc:800] Discarding reconstruction due to no initial pair
I20260912 09:38:30.177153 138302704840832 incremental_pipeline.cc:442] => Relaxing the initialization constraints.
I20260912 09:38:30.177172 138302704840832 incremental_pipeline.cc:465] Finding good initial image pair
I20260912 09:38:30.177969 138302704840832 incremental_pipeline.cc:472] => No good initial image pair found.
I20260912 09:38:30.177974 138302704840832 incremental_pipeline.cc:800] Discarding reconstruction due to no initial pair
I20260912 09:38:30.177982 138302704840832 incremental_pipeline.cc:429] => Relaxing the initialization constraints.
I20260912 09:38:30.178000 138302704840832 incremental_pipeline.cc:465] Finding good initial image pair
I20260912 09:38:30.180175 138302704840832 incremental_pipeline.cc:492] Registering initial image pair #2 and #1
I20260912 09:38:30.180237 138302704840832 incremental_pipeline.cc:791] Discarding reconstruction due to bad initial pair
I20260912 09:38:30.180276 138302704840832 incremental_pipeline.cc:465] Finding good initial image pair
I20260912 09:38:30.180980 138302704840832 incremental_pipeline.cc:472] => No good initial image pair found.
I20260912 09:38:30.180990 138302704840832 incremental_pipeline.cc:800] Discarding reconstruction due to no initial pair
I20260912 09:38:30.180996 138302704840832 incremental_pipeline.cc:442] => Relaxing the initialization constraints.
I20260912 09:38:30.181008 138302704840832 incremental_pipeline.cc:465] Finding good initial image pair
I20260912 09:38:30.183520 138302704840832 incremental_pipeline.cc:492] Registering initial image pair #1 and #2
I20260912 09:38:30.183570 138302704840832 incremental_pipeline.cc:791] Discarding reconstruction due to bad initial pair
I20260912 09:38:30.183603 138302704840832 incremental_pipeline.cc:465] Finding good initial image pair
I20260912 09:38:30.184206 138302704840832 incremental_pipeline.cc:472] => No good initial image pair found.
I20260912 09:38:30.184209 138302704840832 incremental_pipeline.cc:800] Discarding reconstruction due to no initial pair
I20260912 09:38:30.184215 138302704840832 timer.cc:90] Elapsed time: 0.000 [minutes]
E20260912 09:38:30.184219 138302704840832 sfm.cc:310] Failed to create any sparse model
[31/40] teddybear/187_20215_38541  registered 0/6  FAILED  (0.3s)
W20260912 09:38:30.303335 138302704840832 feature_extraction.cc:445] Your current options use the maximum number of threads on the machine to extract features. Extracting SIFT features on the CPU can consume a lot of RAM per thread for large images. Consider reducing the maximum image size and/or the first octave or manually limit the number of extraction threads. Ignore this warning, if your machine has sufficient memory for the current settings.
I20260912 09:38:30.303501 138296688613056 feature_extraction.cc:498] === Feature extraction ===
I20260912 09:38:30.304020 138296445355712 sift.cc:765] Creating SIFT CPU feature extractor
I20260912 09:38:30.304039 138296470533824 sift.cc:765] Creating SIFT CPU feature extractor
I20260912 09:38:30.304042 138296554395328 sift.cc:765] Creating SIFT CPU feature extractor
I20260912 09:38:30.304046 138296436963008 sift.cc:765] Creating SIFT CPU feature extractor
I20260912 09:38:30.304073 138296420177600 sift.cc:765] Creating SIFT CPU feature extractor
I20260912 09:38:30.304078 138296336316096 sift.cc:765] Creating SIFT CPU feature extractor
I20260912 09:38:30.304083 138296428570304 sift.cc:765] Creating SIFT CPU feature extractor
I20260912 09:38:30.304084 138296562788032 sift.cc:765] Creating SIFT CPU feature extractor
I20260912 09:38:30.304100 138296462141120 sift.cc:765] Creating SIFT CPU feature extractor
I20260912 09:38:30.304117 138296327923392 sift.cc:765] Creating SIFT CPU feature extractor
I20260912 09:38:30.304171 138296453748416 sift.cc:765] Creating SIFT CPU feature extractor
I20260912 09:38:30.304302 138296185312960 sift.cc:765] Creating SIFT CPU feature extractor
I20260912 09:38:30.304305 138296311137984 sift.cc:765] Creating SIFT CPU feature extractor
I20260912 09:38:30.304307 138296285959872 sift.cc:765] Creating SIFT CPU feature extractor
I20260912 09:38:30.304307 138296319530688 sift.cc:765] Creating SIFT CPU feature extractor
I20260912 09:38:30.304306 138296302745280 sift.cc:765] Creating SIFT CPU feature extractor
I20260912 09:38:30.304341 138296151742144 sift.cc:765] Creating SIFT CPU feature extractor
I20260912 09:38:30.304349 138296168527552 sift.cc:765] Creating SIFT CPU feature extractor
I20260912 09:38:30.304355 138296176920256 sift.cc:765] Creating SIFT CPU feature extractor
I20260912 09:38:30.304306 138296202098368 sift.cc:765] Creating SIFT CPU feature extractor
I20260912 09:38:30.304393 138296160134848 sift.cc:765] Creating SIFT CPU feature extractor
I20260912 09:38:30.304397 138296294352576 sift.cc:765] Creating SIFT CPU feature extractor
I20260912 09:38:30.304394 138296193705664 sift.cc:765] Creating SIFT CPU feature extractor
I20260912 09:38:30.304427 138295933662912 sift.cc:765] Creating SIFT CPU feature extractor
I20260912 09:38:30.448907 138295925270208 feature_extraction.cc:270] Processed file [1/6]
I20260912 09:38:30.448961 138295925270208 feature_extraction.cc:273]   Name:            image_3.png
I20260912 09:38:30.448965 138295925270208 feature_extraction.cc:282]   Dimensions:      518 x 518
I20260912 09:38:30.448988 138295925270208 feature_extraction.cc:285]   Camera:          #3 - PINHOLE
I20260912 09:38:30.448993 138295925270208 feature_extraction.cc:289]   Focal Length:    504.63px (Prior)
I20260912 09:38:30.449003 138295925270208 feature_extraction.cc:294]   Features:        686 (SIFT)
I20260912 09:38:30.463881 138295925270208 feature_extraction.cc:270] Processed file [2/6]
I20260912 09:38:30.463922 138295925270208 feature_extraction.cc:273]   Name:            image_2.png
I20260912 09:38:30.463925 138295925270208 feature_extraction.cc:282]   Dimensions:      518 x 518
I20260912 09:38:30.463928 138295925270208 feature_extraction.cc:285]   Camera:          #2 - PINHOLE
I20260912 09:38:30.463931 138295925270208 feature_extraction.cc:289]   Focal Length:    504.63px (Prior)
I20260912 09:38:30.463939 138295925270208 feature_extraction.cc:294]   Features:        727 (SIFT)
I20260912 09:38:30.468423 138295925270208 feature_extraction.cc:270] Processed file [3/6]
I20260912 09:38:30.468446 138295925270208 feature_extraction.cc:273]   Name:            image_1.png
I20260912 09:38:30.468449 138295925270208 feature_extraction.cc:282]   Dimensions:      518 x 518
I20260912 09:38:30.468452 138295925270208 feature_extraction.cc:285]   Camera:          #1 - PINHOLE
I20260912 09:38:30.468455 138295925270208 feature_extraction.cc:289]   Focal Length:    504.63px (Prior)
I20260912 09:38:30.468461 138295925270208 feature_extraction.cc:294]   Features:        929 (SIFT)
I20260912 09:38:30.471882 138295925270208 feature_extraction.cc:270] Processed file [4/6]
I20260912 09:38:30.471907 138295925270208 feature_extraction.cc:273]   Name:            image_4.png
I20260912 09:38:30.471910 138295925270208 feature_extraction.cc:282]   Dimensions:      518 x 518
I20260912 09:38:30.471914 138295925270208 feature_extraction.cc:285]   Camera:          #4 - PINHOLE
I20260912 09:38:30.471917 138295925270208 feature_extraction.cc:289]   Focal Length:    504.63px (Prior)
I20260912 09:38:30.471923 138295925270208 feature_extraction.cc:294]   Features:        672 (SIFT)
I20260912 09:38:30.480809 138295925270208 feature_extraction.cc:270] Processed file [5/6]
I20260912 09:38:30.480830 138295925270208 feature_extraction.cc:273]   Name:            image_5.png
I20260912 09:38:30.480833 138295925270208 feature_extraction.cc:282]   Dimensions:      518 x 518
I20260912 09:38:30.480836 138295925270208 feature_extraction.cc:285]   Camera:          #5 - PINHOLE
I20260912 09:38:30.480839 138295925270208 feature_extraction.cc:289]   Focal Length:    504.63px (Prior)
I20260912 09:38:30.480844 138295925270208 feature_extraction.cc:294]   Features:        729 (SIFT)
I20260912 09:38:30.491036 138295925270208 feature_extraction.cc:270] Processed file [6/6]
I20260912 09:38:30.491060 138295925270208 feature_extraction.cc:273]   Name:            image_6.png
I20260912 09:38:30.491064 138295925270208 feature_extraction.cc:282]   Dimensions:      518 x 518
I20260912 09:38:30.491067 138295925270208 feature_extraction.cc:285]   Camera:          #6 - PINHOLE
I20260912 09:38:30.491070 138295925270208 feature_extraction.cc:289]   Focal Length:    504.63px (Prior)
I20260912 09:38:30.491077 138295925270208 feature_extraction.cc:294]   Features:        1025 (SIFT)
I20260912 09:38:30.492020 138296688613056 timer.cc:90] Elapsed time: 0.003 [minutes]
I20260912 09:38:30.506220 138296688613056 feature_matching.cc:196] === Feature matching & geometric verification ===
I20260912 09:38:30.506483 138297132115648 sift.cc:1686] Creating SIFT CPU feature matcher
I20260912 09:38:30.506505 138297098544832 sift.cc:1686] Creating SIFT CPU feature matcher
I20260912 09:38:30.506518 138297106937536 sift.cc:1686] Creating SIFT CPU feature matcher
I20260912 09:38:30.506550 138295925270208 sift.cc:1686] Creating SIFT CPU feature matcher
I20260912 09:38:30.506568 138297090152128 sift.cc:1686] Creating SIFT CPU feature matcher
I20260912 09:38:30.506583 138297115330240 sift.cc:1686] Creating SIFT CPU feature matcher
I20260912 09:38:30.506599 138296999012032 sift.cc:1686] Creating SIFT CPU feature matcher
I20260912 09:38:30.506503 138295933662912 sift.cc:1686] Creating SIFT CPU feature matcher
I20260912 09:38:30.506637 138297007404736 sift.cc:1686] Creating SIFT CPU feature matcher
I20260912 09:38:30.506680 138296151742144 sift.cc:1686] Creating SIFT CPU feature matcher
I20260912 09:38:30.506700 138296845919936 sift.cc:1686] Creating SIFT CPU feature matcher
I20260912 09:38:30.506703 138296837527232 sift.cc:1686] Creating SIFT CPU feature matcher
I20260912 09:38:30.506789 138297123722944 sift.cc:1686] Creating SIFT CPU feature matcher
I20260912 09:38:30.506798 138296738969280 sift.cc:1686] Creating SIFT CPU feature matcher
I20260912 09:38:30.506793 138296820741824 sift.cc:1686] Creating SIFT CPU feature matcher
I20260912 09:38:30.506798 138296854312640 sift.cc:1686] Creating SIFT CPU feature matcher
I20260912 09:38:30.506841 138296829134528 sift.cc:1686] Creating SIFT CPU feature matcher
I20260912 09:38:30.506846 138296713791168 sift.cc:1686] Creating SIFT CPU feature matcher
I20260912 09:38:30.506866 138296705398464 sift.cc:1686] Creating SIFT CPU feature matcher
I20260912 09:38:30.506843 138296730576576 sift.cc:1686] Creating SIFT CPU feature matcher
I20260912 09:38:30.506883 138296722183872 sift.cc:1686] Creating SIFT CPU feature matcher
I20260912 09:38:30.506925 138296697005760 sift.cc:1686] Creating SIFT CPU feature matcher
I20260912 09:38:30.507089 138296604751552 sift.cc:1686] Creating SIFT CPU feature matcher
I20260912 09:38:30.507097 138296596358848 sift.cc:1686] Creating SIFT CPU feature matcher
I20260912 09:38:30.507628 138296688613056 pairing.cc:179] Generating exhaustive image pairs...
I20260912 09:38:30.507641 138296688613056 pairing.cc:212] Processing block [1/1, 1/1]
I20260912 09:38:30.532935 138296688613056 feature_matching.cc:218] in 0.025s
I20260912 09:38:30.532959 138296688613056 timer.cc:90] Elapsed time: 0.000 [minutes]
I20260912 09:38:30.560807 138302704840832 incremental_pipeline.cc:353] Loading database
I20260912 09:38:30.560844 138302704840832 database_cache.cc:73] Loading rigs...
I20260912 09:38:30.560868 138302704840832 database_cache.cc:83]  6 in 0.000s
I20260912 09:38:30.560875 138302704840832 database_cache.cc:91] Loading cameras...
I20260912 09:38:30.560886 138302704840832 database_cache.cc:109]  6 in 0.000s
I20260912 09:38:30.560889 138302704840832 database_cache.cc:117] Loading frames...
I20260912 09:38:30.560910 138302704840832 database_cache.cc:127]  6 in 0.000s
I20260912 09:38:30.560913 138302704840832 database_cache.cc:135] Loading matches...
I20260912 09:38:30.560922 138302704840832 database_cache.cc:140]  0 in 0.000s
I20260912 09:38:30.560924 138302704840832 database_cache.cc:148] Loading images...
I20260912 09:38:30.560948 138302704840832 database_cache.cc:245]  6 in 0.000s (connected 0, loaded 0)
I20260912 09:38:30.560952 138302704840832 database_cache.cc:259] Loading pose priors...
I20260912 09:38:30.560957 138302704840832 database_cache.cc:267]  0 in 0.000s
I20260912 09:38:30.560959 138302704840832 database_cache.cc:275] Building correspondence graph...
I20260912 09:38:30.560962 138302704840832 database_cache.cc:304]  in 0.000s (ignored 0)
I20260912 09:38:30.560966 138302704840832 timer.cc:90] Elapsed time: 0.000 [minutes]
W20260912 09:38:30.560971 138302704840832 incremental_pipeline.cc:390] No images with matches
E20260912 09:38:30.560977 138302704840832 sfm.cc:310] Failed to create any sparse model
[32/40] teddybear/34_1479_4753  registered 0/6  FAILED  (0.3s)
W20260912 09:38:30.749500 138302704840832 feature_extraction.cc:445] Your current options use the maximum number of threads on the machine to extract features. Extracting SIFT features on the CPU can consume a lot of RAM per thread for large images. Consider reducing the maximum image size and/or the first octave or manually limit the number of extraction threads. Ignore this warning, if your machine has sufficient memory for the current settings.
I20260912 09:38:30.749708 138296168527552 feature_extraction.cc:498] === Feature extraction ===
I20260912 09:38:30.750205 138296587966144 sift.cc:765] Creating SIFT CPU feature extractor
I20260912 09:38:30.750217 138296554395328 sift.cc:765] Creating SIFT CPU feature extractor
I20260912 09:38:30.750216 138296562788032 sift.cc:765] Creating SIFT CPU feature extractor
I20260912 09:38:30.750252 138296470533824 sift.cc:765] Creating SIFT CPU feature extractor
I20260912 09:38:30.750256 138296579573440 sift.cc:765] Creating SIFT CPU feature extractor
I20260912 09:38:30.750257 138296596358848 sift.cc:765] Creating SIFT CPU feature extractor
I20260912 09:38:30.750290 138296436963008 sift.cc:765] Creating SIFT CPU feature extractor
I20260912 09:38:30.750316 138296420177600 sift.cc:765] Creating SIFT CPU feature extractor
I20260912 09:38:30.750339 138296571180736 sift.cc:765] Creating SIFT CPU feature extractor
I20260912 09:38:30.750352 138296327923392 sift.cc:765] Creating SIFT CPU feature extractor
I20260912 09:38:30.750378 138296311137984 sift.cc:765] Creating SIFT CPU feature extractor
I20260912 09:38:30.750406 138296294352576 sift.cc:765] Creating SIFT CPU feature extractor
I20260912 09:38:30.750432 138296202098368 sift.cc:765] Creating SIFT CPU feature extractor
I20260912 09:38:30.750463 138296151742144 sift.cc:765] Creating SIFT CPU feature extractor
I20260912 09:38:30.750476 138296319530688 sift.cc:765] Creating SIFT CPU feature extractor
I20260912 09:38:30.750479 138296302745280 sift.cc:765] Creating SIFT CPU feature extractor
I20260912 09:38:30.750481 138296453748416 sift.cc:765] Creating SIFT CPU feature extractor
I20260912 09:38:30.750519 138295933662912 sift.cc:765] Creating SIFT CPU feature extractor
I20260912 09:38:30.750483 138296445355712 sift.cc:765] Creating SIFT CPU feature extractor
I20260912 09:38:30.750551 138296285959872 sift.cc:765] Creating SIFT CPU feature extractor
I20260912 09:38:30.750484 138296462141120 sift.cc:765] Creating SIFT CPU feature extractor
I20260912 09:38:30.750481 138296428570304 sift.cc:765] Creating SIFT CPU feature extractor
I20260912 09:38:30.750481 138296336316096 sift.cc:765] Creating SIFT CPU feature extractor
I20260912 09:38:30.750527 138296160134848 sift.cc:765] Creating SIFT CPU feature extractor
I20260912 09:38:30.917489 138295925270208 feature_extraction.cc:270] Processed file [1/6]
I20260912 09:38:30.917551 138295925270208 feature_extraction.cc:273]   Name:            image_5.png
I20260912 09:38:30.917557 138295925270208 feature_extraction.cc:282]   Dimensions:      518 x 518
I20260912 09:38:30.917561 138295925270208 feature_extraction.cc:285]   Camera:          #5 - PINHOLE
I20260912 09:38:30.917565 138295925270208 feature_extraction.cc:289]   Focal Length:    579.15px (Prior)
I20260912 09:38:30.917575 138295925270208 feature_extraction.cc:294]   Features:        1039 (SIFT)
I20260912 09:38:30.928790 138295925270208 feature_extraction.cc:270] Processed file [2/6]
I20260912 09:38:30.928835 138295925270208 feature_extraction.cc:273]   Name:            image_1.png
I20260912 09:38:30.928839 138295925270208 feature_extraction.cc:282]   Dimensions:      518 x 518
I20260912 09:38:30.928842 138295925270208 feature_extraction.cc:285]   Camera:          #1 - PINHOLE
I20260912 09:38:30.928846 138295925270208 feature_extraction.cc:289]   Focal Length:    579.15px (Prior)
I20260912 09:38:30.928856 138295925270208 feature_extraction.cc:294]   Features:        1289 (SIFT)
I20260912 09:38:30.944183 138295925270208 feature_extraction.cc:270] Processed file [3/6]
I20260912 09:38:30.944213 138295925270208 feature_extraction.cc:273]   Name:            image_4.png
I20260912 09:38:30.944217 138295925270208 feature_extraction.cc:282]   Dimensions:      518 x 518
I20260912 09:38:30.944220 138295925270208 feature_extraction.cc:285]   Camera:          #4 - PINHOLE
I20260912 09:38:30.944224 138295925270208 feature_extraction.cc:289]   Focal Length:    579.15px (Prior)
I20260912 09:38:30.944231 138295925270208 feature_extraction.cc:294]   Features:        1409 (SIFT)
I20260912 09:38:30.953370 138295925270208 feature_extraction.cc:270] Processed file [4/6]
I20260912 09:38:30.953397 138295925270208 feature_extraction.cc:273]   Name:            image_2.png
I20260912 09:38:30.953400 138295925270208 feature_extraction.cc:282]   Dimensions:      518 x 518
I20260912 09:38:30.953418 138295925270208 feature_extraction.cc:285]   Camera:          #2 - PINHOLE
I20260912 09:38:30.953421 138295925270208 feature_extraction.cc:289]   Focal Length:    579.15px (Prior)
I20260912 09:38:30.953427 138295925270208 feature_extraction.cc:294]   Features:        1837 (SIFT)
I20260912 09:38:30.977541 138295925270208 feature_extraction.cc:270] Processed file [5/6]
I20260912 09:38:30.977570 138295925270208 feature_extraction.cc:273]   Name:            image_3.png
I20260912 09:38:30.977575 138295925270208 feature_extraction.cc:282]   Dimensions:      518 x 518
I20260912 09:38:30.977578 138295925270208 feature_extraction.cc:285]   Camera:          #3 - PINHOLE
I20260912 09:38:30.977581 138295925270208 feature_extraction.cc:289]   Focal Length:    579.15px (Prior)
I20260912 09:38:30.977588 138295925270208 feature_extraction.cc:294]   Features:        2351 (SIFT)
I20260912 09:38:30.983000 138295925270208 feature_extraction.cc:270] Processed file [6/6]
I20260912 09:38:30.983023 138295925270208 feature_extraction.cc:273]   Name:            image_6.png
I20260912 09:38:30.983028 138295925270208 feature_extraction.cc:282]   Dimensions:      518 x 518
I20260912 09:38:30.983031 138295925270208 feature_extraction.cc:285]   Camera:          #6 - PINHOLE
I20260912 09:38:30.983034 138295925270208 feature_extraction.cc:289]   Focal Length:    579.15px (Prior)
I20260912 09:38:30.983049 138295925270208 feature_extraction.cc:294]   Features:        2241 (SIFT)
I20260912 09:38:30.986676 138296168527552 timer.cc:90] Elapsed time: 0.004 [minutes]
I20260912 09:38:31.003300 138296168527552 feature_matching.cc:196] === Feature matching & geometric verification ===
I20260912 09:38:31.003552 138295925270208 sift.cc:1686] Creating SIFT CPU feature matcher
I20260912 09:38:31.003584 138297106937536 sift.cc:1686] Creating SIFT CPU feature matcher
I20260912 09:38:31.003647 138297090152128 sift.cc:1686] Creating SIFT CPU feature matcher
I20260912 09:38:31.003650 138297098544832 sift.cc:1686] Creating SIFT CPU feature matcher
I20260912 09:38:31.003688 138297132115648 sift.cc:1686] Creating SIFT CPU feature matcher
I20260912 09:38:31.003705 138295933662912 sift.cc:1686] Creating SIFT CPU feature matcher
I20260912 09:38:31.003693 138297115330240 sift.cc:1686] Creating SIFT CPU feature matcher
I20260912 09:38:31.003738 138296845919936 sift.cc:1686] Creating SIFT CPU feature matcher
I20260912 09:38:31.003796 138296837527232 sift.cc:1686] Creating SIFT CPU feature matcher
I20260912 09:38:31.003803 138296829134528 sift.cc:1686] Creating SIFT CPU feature matcher
I20260912 09:38:31.003835 138296999012032 sift.cc:1686] Creating SIFT CPU feature matcher
I20260912 09:38:31.003842 138297007404736 sift.cc:1686] Creating SIFT CPU feature matcher
I20260912 09:38:31.003839 138296854312640 sift.cc:1686] Creating SIFT CPU feature matcher
I20260912 09:38:31.003849 138296738969280 sift.cc:1686] Creating SIFT CPU feature matcher
I20260912 09:38:31.003842 138297123722944 sift.cc:1686] Creating SIFT CPU feature matcher
I20260912 09:38:31.003881 138296820741824 sift.cc:1686] Creating SIFT CPU feature matcher
I20260912 09:38:31.003933 138296713791168 sift.cc:1686] Creating SIFT CPU feature matcher
I20260912 09:38:31.003931 138296722183872 sift.cc:1686] Creating SIFT CPU feature matcher
I20260912 09:38:31.003957 138296705398464 sift.cc:1686] Creating SIFT CPU feature matcher
I20260912 09:38:31.004012 138296697005760 sift.cc:1686] Creating SIFT CPU feature matcher
I20260912 09:38:31.004041 138296604751552 sift.cc:1686] Creating SIFT CPU feature matcher
I20260912 09:38:31.004044 138296151742144 sift.cc:1686] Creating SIFT CPU feature matcher
I20260912 09:38:31.004057 138296688613056 sift.cc:1686] Creating SIFT CPU feature matcher
I20260912 09:38:31.004108 138296730576576 sift.cc:1686] Creating SIFT CPU feature matcher
I20260912 09:38:31.004751 138296168527552 pairing.cc:179] Generating exhaustive image pairs...
I20260912 09:38:31.004764 138296168527552 pairing.cc:212] Processing block [1/1, 1/1]
I20260912 09:38:31.048923 138296168527552 feature_matching.cc:218] in 0.044s
I20260912 09:38:31.048950 138296168527552 timer.cc:90] Elapsed time: 0.001 [minutes]
I20260912 09:38:31.056327 138302704840832 incremental_pipeline.cc:353] Loading database
I20260912 09:38:31.056365 138302704840832 database_cache.cc:73] Loading rigs...
I20260912 09:38:31.056389 138302704840832 database_cache.cc:83]  6 in 0.000s
I20260912 09:38:31.056395 138302704840832 database_cache.cc:91] Loading cameras...
I20260912 09:38:31.056408 138302704840832 database_cache.cc:109]  6 in 0.000s
I20260912 09:38:31.056411 138302704840832 database_cache.cc:117] Loading frames...
I20260912 09:38:31.056434 138302704840832 database_cache.cc:127]  6 in 0.000s
I20260912 09:38:31.056437 138302704840832 database_cache.cc:135] Loading matches...
I20260912 09:38:31.056450 138302704840832 database_cache.cc:140]  1 in 0.000s
I20260912 09:38:31.056453 138302704840832 database_cache.cc:148] Loading images...
I20260912 09:38:31.056562 138302704840832 database_cache.cc:245]  6 in 0.000s (connected 2, loaded 2)
I20260912 09:38:31.056567 138302704840832 database_cache.cc:259] Loading pose priors...
I20260912 09:38:31.056573 138302704840832 database_cache.cc:267]  0 in 0.000s
I20260912 09:38:31.056575 138302704840832 database_cache.cc:275] Building correspondence graph...
I20260912 09:38:31.056626 138302704840832 database_cache.cc:304]  in 0.000s (ignored 0)
I20260912 09:38:31.056630 138302704840832 timer.cc:90] Elapsed time: 0.000 [minutes]
I20260912 09:38:31.056680 138302704840832 incremental_pipeline.cc:465] Finding good initial image pair
I20260912 09:38:31.059445 138302704840832 incremental_pipeline.cc:472] => No good initial image pair found.
I20260912 09:38:31.059454 138302704840832 incremental_pipeline.cc:800] Discarding reconstruction due to no initial pair
I20260912 09:38:31.059467 138302704840832 incremental_pipeline.cc:429] => Relaxing the initialization constraints.
I20260912 09:38:31.059489 138302704840832 incremental_pipeline.cc:465] Finding good initial image pair
I20260912 09:38:31.062233 138302704840832 incremental_pipeline.cc:472] => No good initial image pair found.
I20260912 09:38:31.062239 138302704840832 incremental_pipeline.cc:800] Discarding reconstruction due to no initial pair
I20260912 09:38:31.062248 138302704840832 incremental_pipeline.cc:442] => Relaxing the initialization constraints.
I20260912 09:38:31.062267 138302704840832 incremental_pipeline.cc:465] Finding good initial image pair
I20260912 09:38:31.064638 138302704840832 incremental_pipeline.cc:472] => No good initial image pair found.
I20260912 09:38:31.064641 138302704840832 incremental_pipeline.cc:800] Discarding reconstruction due to no initial pair
I20260912 09:38:31.064647 138302704840832 incremental_pipeline.cc:429] => Relaxing the initialization constraints.
I20260912 09:38:31.064658 138302704840832 incremental_pipeline.cc:465] Finding good initial image pair
I20260912 09:38:31.067028 138302704840832 incremental_pipeline.cc:472] => No good initial image pair found.
I20260912 09:38:31.067030 138302704840832 incremental_pipeline.cc:800] Discarding reconstruction due to no initial pair
I20260912 09:38:31.067035 138302704840832 incremental_pipeline.cc:442] => Relaxing the initialization constraints.
I20260912 09:38:31.067044 138302704840832 incremental_pipeline.cc:465] Finding good initial image pair
I20260912 09:38:31.069338 138302704840832 incremental_pipeline.cc:472] => No good initial image pair found.
I20260912 09:38:31.069340 138302704840832 incremental_pipeline.cc:800] Discarding reconstruction due to no initial pair
I20260912 09:38:31.069344 138302704840832 timer.cc:90] Elapsed time: 0.000 [minutes]
E20260912 09:38:31.069348 138302704840832 sfm.cc:310] Failed to create any sparse model
[33/40] toaster/372_41229_82130  registered 0/6  FAILED  (0.3s)
W20260912 09:38:31.156756 138302704840832 feature_extraction.cc:445] Your current options use the maximum number of threads on the machine to extract features. Extracting SIFT features on the CPU can consume a lot of RAM per thread for large images. Consider reducing the maximum image size and/or the first octave or manually limit the number of extraction threads. Ignore this warning, if your machine has sufficient memory for the current settings.
I20260912 09:38:31.156949 138296688613056 feature_extraction.cc:498] === Feature extraction ===
I20260912 09:38:31.157490 138296554395328 sift.cc:765] Creating SIFT CPU feature extractor
I20260912 09:38:31.157498 138296462141120 sift.cc:765] Creating SIFT CPU feature extractor
I20260912 09:38:31.157496 138296470533824 sift.cc:765] Creating SIFT CPU feature extractor
I20260912 09:38:31.157539 138296453748416 sift.cc:765] Creating SIFT CPU feature extractor
I20260912 09:38:31.157577 138296428570304 sift.cc:765] Creating SIFT CPU feature extractor
I20260912 09:38:31.157496 138296562788032 sift.cc:765] Creating SIFT CPU feature extractor
I20260912 09:38:31.157541 138296436963008 sift.cc:765] Creating SIFT CPU feature extractor
I20260912 09:38:31.157653 138296311137984 sift.cc:765] Creating SIFT CPU feature extractor
I20260912 09:38:31.157675 138296294352576 sift.cc:765] Creating SIFT CPU feature extractor
I20260912 09:38:31.157708 138296319530688 sift.cc:765] Creating SIFT CPU feature extractor
I20260912 09:38:31.157710 138296445355712 sift.cc:765] Creating SIFT CPU feature extractor
I20260912 09:38:31.157710 138296420177600 sift.cc:765] Creating SIFT CPU feature extractor
I20260912 09:38:31.157724 138296302745280 sift.cc:765] Creating SIFT CPU feature extractor
I20260912 09:38:31.157751 138296202098368 sift.cc:765] Creating SIFT CPU feature extractor
I20260912 09:38:31.157757 138296285959872 sift.cc:765] Creating SIFT CPU feature extractor
I20260912 09:38:31.157786 138296168527552 sift.cc:765] Creating SIFT CPU feature extractor
I20260912 09:38:31.157791 138296327923392 sift.cc:765] Creating SIFT CPU feature extractor
I20260912 09:38:31.157792 138296193705664 sift.cc:765] Creating SIFT CPU feature extractor
I20260912 09:38:31.157791 138296160134848 sift.cc:765] Creating SIFT CPU feature extractor
I20260912 09:38:31.157793 138296176920256 sift.cc:765] Creating SIFT CPU feature extractor
I20260912 09:38:31.157852 138295933662912 sift.cc:765] Creating SIFT CPU feature extractor
I20260912 09:38:31.157852 138296151742144 sift.cc:765] Creating SIFT CPU feature extractor
I20260912 09:38:31.157791 138296336316096 sift.cc:765] Creating SIFT CPU feature extractor
I20260912 09:38:31.157854 138296185312960 sift.cc:765] Creating SIFT CPU feature extractor
I20260912 09:38:31.317584 138295925270208 feature_extraction.cc:270] Processed file [1/6]
I20260912 09:38:31.317647 138295925270208 feature_extraction.cc:273]   Name:            image_3.png
I20260912 09:38:31.317652 138295925270208 feature_extraction.cc:282]   Dimensions:      518 x 518
I20260912 09:38:31.317655 138295925270208 feature_extraction.cc:285]   Camera:          #3 - PINHOLE
I20260912 09:38:31.317659 138295925270208 feature_extraction.cc:289]   Focal Length:    583.43px (Prior)
I20260912 09:38:31.317670 138295925270208 feature_extraction.cc:294]   Features:        545 (SIFT)
I20260912 09:38:31.328113 138295925270208 feature_extraction.cc:270] Processed file [2/6]
I20260912 09:38:31.328128 138295925270208 feature_extraction.cc:273]   Name:            image_1.png
I20260912 09:38:31.328133 138295925270208 feature_extraction.cc:282]   Dimensions:      518 x 518
I20260912 09:38:31.328137 138295925270208 feature_extraction.cc:285]   Camera:          #1 - PINHOLE
I20260912 09:38:31.328140 138295925270208 feature_extraction.cc:289]   Focal Length:    583.43px (Prior)
I20260912 09:38:31.328146 138295925270208 feature_extraction.cc:294]   Features:        1039 (SIFT)
I20260912 09:38:31.329785 138295925270208 feature_extraction.cc:270] Processed file [3/6]
I20260912 09:38:31.329804 138295925270208 feature_extraction.cc:273]   Name:            image_2.png
I20260912 09:38:31.329809 138295925270208 feature_extraction.cc:282]   Dimensions:      518 x 518
I20260912 09:38:31.329811 138295925270208 feature_extraction.cc:285]   Camera:          #2 - PINHOLE
I20260912 09:38:31.329815 138295925270208 feature_extraction.cc:289]   Focal Length:    583.43px (Prior)
I20260912 09:38:31.329836 138295925270208 feature_extraction.cc:294]   Features:        1035 (SIFT)
I20260912 09:38:31.337679 138295925270208 feature_extraction.cc:270] Processed file [4/6]
I20260912 09:38:31.337700 138295925270208 feature_extraction.cc:273]   Name:            image_5.png
I20260912 09:38:31.337705 138295925270208 feature_extraction.cc:282]   Dimensions:      518 x 518
I20260912 09:38:31.337708 138295925270208 feature_extraction.cc:285]   Camera:          #5 - PINHOLE
I20260912 09:38:31.337711 138295925270208 feature_extraction.cc:289]   Focal Length:    583.43px (Prior)
I20260912 09:38:31.337717 138295925270208 feature_extraction.cc:294]   Features:        925 (SIFT)
I20260912 09:38:31.337996 138295925270208 feature_extraction.cc:270] Processed file [5/6]
I20260912 09:38:31.338002 138295925270208 feature_extraction.cc:273]   Name:            image_4.png
I20260912 09:38:31.338005 138295925270208 feature_extraction.cc:282]   Dimensions:      518 x 518
I20260912 09:38:31.338007 138295925270208 feature_extraction.cc:285]   Camera:          #4 - PINHOLE
I20260912 09:38:31.338010 138295925270208 feature_extraction.cc:289]   Focal Length:    583.43px (Prior)
I20260912 09:38:31.338015 138295925270208 feature_extraction.cc:294]   Features:        1100 (SIFT)
I20260912 09:38:31.358216 138295925270208 feature_extraction.cc:270] Processed file [6/6]
I20260912 09:38:31.358245 138295925270208 feature_extraction.cc:273]   Name:            image_6.png
I20260912 09:38:31.358250 138295925270208 feature_extraction.cc:282]   Dimensions:      518 x 518
I20260912 09:38:31.358253 138295925270208 feature_extraction.cc:285]   Camera:          #6 - PINHOLE
I20260912 09:38:31.358256 138295925270208 feature_extraction.cc:289]   Focal Length:    583.43px (Prior)
I20260912 09:38:31.358262 138295925270208 feature_extraction.cc:294]   Features:        1093 (SIFT)
I20260912 09:38:31.360343 138296688613056 timer.cc:90] Elapsed time: 0.003 [minutes]
I20260912 09:38:31.410275 138296688613056 feature_matching.cc:196] === Feature matching & geometric verification ===
I20260912 09:38:31.410503 138295925270208 sift.cc:1686] Creating SIFT CPU feature matcher
I20260912 09:38:31.410508 138296151742144 sift.cc:1686] Creating SIFT CPU feature matcher
I20260912 09:38:31.410559 138297123722944 sift.cc:1686] Creating SIFT CPU feature matcher
I20260912 09:38:31.410581 138297132115648 sift.cc:1686] Creating SIFT CPU feature matcher
I20260912 09:38:31.410569 138295933662912 sift.cc:1686] Creating SIFT CPU feature matcher
I20260912 09:38:31.410608 138297106937536 sift.cc:1686] Creating SIFT CPU feature matcher
I20260912 09:38:31.410629 138297115330240 sift.cc:1686] Creating SIFT CPU feature matcher
I20260912 09:38:31.410669 138297090152128 sift.cc:1686] Creating SIFT CPU feature matcher
I20260912 09:38:31.410674 138297098544832 sift.cc:1686] Creating SIFT CPU feature matcher
I20260912 09:38:31.410743 138296845919936 sift.cc:1686] Creating SIFT CPU feature matcher
I20260912 09:38:31.410794 138296999012032 sift.cc:1686] Creating SIFT CPU feature matcher
I20260912 09:38:31.410796 138296854312640 sift.cc:1686] Creating SIFT CPU feature matcher
I20260912 09:38:31.410798 138297007404736 sift.cc:1686] Creating SIFT CPU feature matcher
I20260912 09:38:31.410883 138296837527232 sift.cc:1686] Creating SIFT CPU feature matcher
I20260912 09:38:31.410926 138296722183872 sift.cc:1686] Creating SIFT CPU feature matcher
I20260912 09:38:31.410957 138296829134528 sift.cc:1686] Creating SIFT CPU feature matcher
I20260912 09:38:31.410958 138296820741824 sift.cc:1686] Creating SIFT CPU feature matcher
I20260912 09:38:31.411000 138296730576576 sift.cc:1686] Creating SIFT CPU feature matcher
I20260912 09:38:31.411011 138296705398464 sift.cc:1686] Creating SIFT CPU feature matcher
I20260912 09:38:31.411012 138296738969280 sift.cc:1686] Creating SIFT CPU feature matcher
I20260912 09:38:31.411037 138296713791168 sift.cc:1686] Creating SIFT CPU feature matcher
I20260912 09:38:31.411062 138296596358848 sift.cc:1686] Creating SIFT CPU feature matcher
I20260912 09:38:31.411111 138296697005760 sift.cc:1686] Creating SIFT CPU feature matcher
I20260912 09:38:31.411216 138296604751552 sift.cc:1686] Creating SIFT CPU feature matcher
I20260912 09:38:31.411796 138296688613056 pairing.cc:179] Generating exhaustive image pairs...
I20260912 09:38:31.411810 138296688613056 pairing.cc:212] Processing block [1/1, 1/1]
I20260912 09:38:31.443119 138296688613056 feature_matching.cc:218] in 0.031s
I20260912 09:38:31.443143 138296688613056 timer.cc:90] Elapsed time: 0.001 [minutes]
I20260912 09:38:31.464331 138302704840832 incremental_pipeline.cc:353] Loading database
I20260912 09:38:31.464371 138302704840832 database_cache.cc:73] Loading rigs...
I20260912 09:38:31.464394 138302704840832 database_cache.cc:83]  6 in 0.000s
I20260912 09:38:31.464401 138302704840832 database_cache.cc:91] Loading cameras...
I20260912 09:38:31.464412 138302704840832 database_cache.cc:109]  6 in 0.000s
I20260912 09:38:31.464415 138302704840832 database_cache.cc:117] Loading frames...
I20260912 09:38:31.464438 138302704840832 database_cache.cc:127]  6 in 0.000s
I20260912 09:38:31.464441 138302704840832 database_cache.cc:135] Loading matches...
I20260912 09:38:31.464457 138302704840832 database_cache.cc:140]  4 in 0.000s
I20260912 09:38:31.464460 138302704840832 database_cache.cc:148] Loading images...
I20260912 09:38:31.464583 138302704840832 database_cache.cc:245]  6 in 0.000s (connected 4, loaded 4)
I20260912 09:38:31.464591 138302704840832 database_cache.cc:259] Loading pose priors...
I20260912 09:38:31.464596 138302704840832 database_cache.cc:267]  0 in 0.000s
I20260912 09:38:31.464599 138302704840832 database_cache.cc:275] Building correspondence graph...
I20260912 09:38:31.464655 138302704840832 database_cache.cc:304]  in 0.000s (ignored 0)
I20260912 09:38:31.464659 138302704840832 timer.cc:90] Elapsed time: 0.000 [minutes]
I20260912 09:38:31.464708 138302704840832 incremental_pipeline.cc:465] Finding good initial image pair
I20260912 09:38:31.465665 138302704840832 incremental_pipeline.cc:472] => No good initial image pair found.
I20260912 09:38:31.465672 138302704840832 incremental_pipeline.cc:800] Discarding reconstruction due to no initial pair
I20260912 09:38:31.465687 138302704840832 incremental_pipeline.cc:429] => Relaxing the initialization constraints.
I20260912 09:38:31.465720 138302704840832 incremental_pipeline.cc:465] Finding good initial image pair
I20260912 09:38:31.468908 138302704840832 incremental_pipeline.cc:492] Registering initial image pair #3 and #2
I20260912 09:38:31.469086 138302704840832 incremental_pipeline.cc:510] Global bundle adjustment
I20260912 09:38:31.470332 138302704840832 incremental_pipeline.cc:791] Discarding reconstruction due to bad initial pair
I20260912 09:38:31.470381 138302704840832 incremental_pipeline.cc:465] Finding good initial image pair
I20260912 09:38:31.471329 138302704840832 incremental_pipeline.cc:472] => No good initial image pair found.
I20260912 09:38:31.471333 138302704840832 incremental_pipeline.cc:800] Discarding reconstruction due to no initial pair
I20260912 09:38:31.471339 138302704840832 incremental_pipeline.cc:442] => Relaxing the initialization constraints.
I20260912 09:38:31.471354 138302704840832 incremental_pipeline.cc:465] Finding good initial image pair
I20260912 09:38:31.475236 138302704840832 incremental_pipeline.cc:492] Registering initial image pair #2 and #3
I20260912 09:38:31.475301 138302704840832 incremental_pipeline.cc:510] Global bundle adjustment
I20260912 09:38:31.475862 138302704840832 incremental_pipeline.cc:791] Discarding reconstruction due to bad initial pair
I20260912 09:38:31.475896 138302704840832 incremental_pipeline.cc:465] Finding good initial image pair
I20260912 09:38:31.476493 138302704840832 incremental_pipeline.cc:472] => No good initial image pair found.
I20260912 09:38:31.476495 138302704840832 incremental_pipeline.cc:800] Discarding reconstruction due to no initial pair
I20260912 09:38:31.476501 138302704840832 incremental_pipeline.cc:429] => Relaxing the initialization constraints.
I20260912 09:38:31.476519 138302704840832 incremental_pipeline.cc:465] Finding good initial image pair
I20260912 09:38:31.479471 138302704840832 incremental_pipeline.cc:492] Registering initial image pair #3 and #2
I20260912 09:38:31.479554 138302704840832 incremental_pipeline.cc:510] Global bundle adjustment
I20260912 09:38:31.480099 138302704840832 incremental_pipeline.cc:791] Discarding reconstruction due to bad initial pair
I20260912 09:38:31.480132 138302704840832 incremental_pipeline.cc:465] Finding good initial image pair
I20260912 09:38:31.480703 138302704840832 incremental_pipeline.cc:472] => No good initial image pair found.
I20260912 09:38:31.480706 138302704840832 incremental_pipeline.cc:800] Discarding reconstruction due to no initial pair
I20260912 09:38:31.480711 138302704840832 incremental_pipeline.cc:442] => Relaxing the initialization constraints.
I20260912 09:38:31.480723 138302704840832 incremental_pipeline.cc:465] Finding good initial image pair
I20260912 09:38:31.482275 138302704840832 incremental_pipeline.cc:492] Registering initial image pair #3 and #6
I20260912 09:38:31.482346 138302704840832 incremental_pipeline.cc:510] Global bundle adjustment
I20260912 09:38:31.482939 138302704840832 incremental_pipeline.cc:791] Discarding reconstruction due to bad initial pair
I20260912 09:38:31.482973 138302704840832 incremental_pipeline.cc:465] Finding good initial image pair
I20260912 09:38:31.483614 138302704840832 incremental_pipeline.cc:472] => No good initial image pair found.
I20260912 09:38:31.483617 138302704840832 incremental_pipeline.cc:800] Discarding reconstruction due to no initial pair
I20260912 09:38:31.483622 138302704840832 timer.cc:90] Elapsed time: 0.000 [minutes]
E20260912 09:38:31.483626 138302704840832 sfm.cc:310] Failed to create any sparse model
[34/40] toaster/416_57389_110765  registered 0/6  FAILED  (0.3s)
W20260912 09:38:31.572254 138302704840832 feature_extraction.cc:445] Your current options use the maximum number of threads on the machine to extract features. Extracting SIFT features on the CPU can consume a lot of RAM per thread for large images. Consider reducing the maximum image size and/or the first octave or manually limit the number of extraction threads. Ignore this warning, if your machine has sufficient memory for the current settings.
I20260912 09:38:31.572417 138296688613056 feature_extraction.cc:498] === Feature extraction ===
I20260912 09:38:31.572866 138296562788032 sift.cc:765] Creating SIFT CPU feature extractor
I20260912 09:38:31.572894 138296554395328 sift.cc:765] Creating SIFT CPU feature extractor
I20260912 09:38:31.572907 138296445355712 sift.cc:765] Creating SIFT CPU feature extractor
I20260912 09:38:31.572929 138296436963008 sift.cc:765] Creating SIFT CPU feature extractor
I20260912 09:38:31.572934 138296428570304 sift.cc:765] Creating SIFT CPU feature extractor
I20260912 09:38:31.572939 138296453748416 sift.cc:765] Creating SIFT CPU feature extractor
I20260912 09:38:31.572969 138296420177600 sift.cc:765] Creating SIFT CPU feature extractor
I20260912 09:38:31.572978 138296336316096 sift.cc:765] Creating SIFT CPU feature extractor
I20260912 09:38:31.573015 138296311137984 sift.cc:765] Creating SIFT CPU feature extractor
I20260912 09:38:31.573037 138296470533824 sift.cc:765] Creating SIFT CPU feature extractor
I20260912 09:38:31.573061 138296202098368 sift.cc:765] Creating SIFT CPU feature extractor
I20260912 09:38:31.573076 138296294352576 sift.cc:765] Creating SIFT CPU feature extractor
I20260912 09:38:31.573095 138296319530688 sift.cc:765] Creating SIFT CPU feature extractor
I20260912 09:38:31.573038 138296462141120 sift.cc:765] Creating SIFT CPU feature extractor
I20260912 09:38:31.573134 138296185312960 sift.cc:765] Creating SIFT CPU feature extractor
I20260912 09:38:31.573097 138296327923392 sift.cc:765] Creating SIFT CPU feature extractor
I20260912 09:38:31.573158 138296168527552 sift.cc:765] Creating SIFT CPU feature extractor
I20260912 09:38:31.573040 138296285959872 sift.cc:765] Creating SIFT CPU feature extractor
I20260912 09:38:31.573191 138296302745280 sift.cc:765] Creating SIFT CPU feature extractor
I20260912 09:38:31.573195 138296160134848 sift.cc:765] Creating SIFT CPU feature extractor
I20260912 09:38:31.573120 138296176920256 sift.cc:765] Creating SIFT CPU feature extractor
I20260912 09:38:31.573162 138295933662912 sift.cc:765] Creating SIFT CPU feature extractor
I20260912 09:38:31.573232 138296151742144 sift.cc:765] Creating SIFT CPU feature extractor
I20260912 09:38:31.573098 138296193705664 sift.cc:765] Creating SIFT CPU feature extractor
I20260912 09:38:31.756615 138295925270208 feature_extraction.cc:270] Processed file [1/6]
I20260912 09:38:31.756687 138295925270208 feature_extraction.cc:273]   Name:            image_3.png
I20260912 09:38:31.756695 138295925270208 feature_extraction.cc:282]   Dimensions:      518 x 518
I20260912 09:38:31.756699 138295925270208 feature_extraction.cc:285]   Camera:          #3 - PINHOLE
I20260912 09:38:31.756703 138295925270208 feature_extraction.cc:289]   Focal Length:    615.87px (Prior)
I20260912 09:38:31.756714 138295925270208 feature_extraction.cc:294]   Features:        1267 (SIFT)
I20260912 09:38:31.757119 138295925270208 feature_extraction.cc:270] Processed file [2/6]
I20260912 09:38:31.757125 138295925270208 feature_extraction.cc:273]   Name:            image_1.png
I20260912 09:38:31.757128 138295925270208 feature_extraction.cc:282]   Dimensions:      518 x 518
I20260912 09:38:31.757131 138295925270208 feature_extraction.cc:285]   Camera:          #1 - PINHOLE
I20260912 09:38:31.757136 138295925270208 feature_extraction.cc:289]   Focal Length:    615.87px (Prior)
I20260912 09:38:31.757141 138295925270208 feature_extraction.cc:294]   Features:        1425 (SIFT)
I20260912 09:38:31.757480 138295925270208 feature_extraction.cc:270] Processed file [3/6]
I20260912 09:38:31.757485 138295925270208 feature_extraction.cc:273]   Name:            image_4.png
I20260912 09:38:31.757487 138295925270208 feature_extraction.cc:282]   Dimensions:      518 x 518
I20260912 09:38:31.757490 138295925270208 feature_extraction.cc:285]   Camera:          #4 - PINHOLE
I20260912 09:38:31.757493 138295925270208 feature_extraction.cc:289]   Focal Length:    615.87px (Prior)
I20260912 09:38:31.757496 138295925270208 feature_extraction.cc:294]   Features:        1092 (SIFT)
I20260912 09:38:31.759005 138295925270208 feature_extraction.cc:270] Processed file [4/6]
I20260912 09:38:31.759024 138295925270208 feature_extraction.cc:273]   Name:            image_5.png
I20260912 09:38:31.759029 138295925270208 feature_extraction.cc:282]   Dimensions:      518 x 518
I20260912 09:38:31.759032 138295925270208 feature_extraction.cc:285]   Camera:          #5 - PINHOLE
I20260912 09:38:31.759035 138295925270208 feature_extraction.cc:289]   Focal Length:    615.87px (Prior)
I20260912 09:38:31.759041 138295925270208 feature_extraction.cc:294]   Features:        1143 (SIFT)
I20260912 09:38:31.761873 138295925270208 feature_extraction.cc:270] Processed file [5/6]
I20260912 09:38:31.761892 138295925270208 feature_extraction.cc:273]   Name:            image_2.png
I20260912 09:38:31.761896 138295925270208 feature_extraction.cc:282]   Dimensions:      518 x 518
I20260912 09:38:31.761899 138295925270208 feature_extraction.cc:285]   Camera:          #2 - PINHOLE
I20260912 09:38:31.761902 138295925270208 feature_extraction.cc:289]   Focal Length:    615.87px (Prior)
I20260912 09:38:31.761908 138295925270208 feature_extraction.cc:294]   Features:        1503 (SIFT)
I20260912 09:38:31.770989 138295925270208 feature_extraction.cc:270] Processed file [6/6]
I20260912 09:38:31.771008 138295925270208 feature_extraction.cc:273]   Name:            image_6.png
I20260912 09:38:31.771013 138295925270208 feature_extraction.cc:282]   Dimensions:      518 x 518
I20260912 09:38:31.771016 138295925270208 feature_extraction.cc:285]   Camera:          #6 - PINHOLE
I20260912 09:38:31.771019 138295925270208 feature_extraction.cc:289]   Focal Length:    615.87px (Prior)
I20260912 09:38:31.771025 138295925270208 feature_extraction.cc:294]   Features:        1449 (SIFT)
I20260912 09:38:31.773396 138296688613056 timer.cc:90] Elapsed time: 0.003 [minutes]
I20260912 09:38:31.825844 138296688613056 feature_matching.cc:196] === Feature matching & geometric verification ===
I20260912 09:38:31.826129 138296151742144 sift.cc:1686] Creating SIFT CPU feature matcher
I20260912 09:38:31.826136 138297115330240 sift.cc:1686] Creating SIFT CPU feature matcher
I20260912 09:38:31.826149 138297098544832 sift.cc:1686] Creating SIFT CPU feature matcher
I20260912 09:38:31.826139 138297123722944 sift.cc:1686] Creating SIFT CPU feature matcher
I20260912 09:38:31.826215 138297106937536 sift.cc:1686] Creating SIFT CPU feature matcher
I20260912 09:38:31.826223 138295933662912 sift.cc:1686] Creating SIFT CPU feature matcher
I20260912 09:38:31.826234 138296999012032 sift.cc:1686] Creating SIFT CPU feature matcher
I20260912 09:38:31.826243 138297090152128 sift.cc:1686] Creating SIFT CPU feature matcher
I20260912 09:38:31.826270 138295925270208 sift.cc:1686] Creating SIFT CPU feature matcher
I20260912 09:38:31.826281 138296845919936 sift.cc:1686] Creating SIFT CPU feature matcher
I20260912 09:38:31.826281 138297007404736 sift.cc:1686] Creating SIFT CPU feature matcher
I20260912 09:38:31.826299 138296854312640 sift.cc:1686] Creating SIFT CPU feature matcher
I20260912 09:38:31.826352 138296837527232 sift.cc:1686] Creating SIFT CPU feature matcher
I20260912 09:38:31.826368 138297132115648 sift.cc:1686] Creating SIFT CPU feature matcher
I20260912 09:38:31.826435 138296738969280 sift.cc:1686] Creating SIFT CPU feature matcher
I20260912 09:38:31.826447 138296730576576 sift.cc:1686] Creating SIFT CPU feature matcher
I20260912 09:38:31.826465 138296722183872 sift.cc:1686] Creating SIFT CPU feature matcher
I20260912 09:38:31.826377 138296829134528 sift.cc:1686] Creating SIFT CPU feature matcher
I20260912 09:38:31.826515 138296697005760 sift.cc:1686] Creating SIFT CPU feature matcher
I20260912 09:38:31.826521 138296820741824 sift.cc:1686] Creating SIFT CPU feature matcher
I20260912 09:38:31.826581 138296604751552 sift.cc:1686] Creating SIFT CPU feature matcher
I20260912 09:38:31.826599 138296713791168 sift.cc:1686] Creating SIFT CPU feature matcher
I20260912 09:38:31.826673 138296705398464 sift.cc:1686] Creating SIFT CPU feature matcher
I20260912 09:38:31.826709 138296596358848 sift.cc:1686] Creating SIFT CPU feature matcher
I20260912 09:38:31.827267 138296688613056 pairing.cc:179] Generating exhaustive image pairs...
I20260912 09:38:31.827277 138296688613056 pairing.cc:212] Processing block [1/1, 1/1]
I20260912 09:38:31.866819 138296688613056 feature_matching.cc:218] in 0.040s
I20260912 09:38:31.866841 138296688613056 timer.cc:90] Elapsed time: 0.001 [minutes]
I20260912 09:38:31.880377 138302704840832 incremental_pipeline.cc:353] Loading database
I20260912 09:38:31.880418 138302704840832 database_cache.cc:73] Loading rigs...
I20260912 09:38:31.880445 138302704840832 database_cache.cc:83]  6 in 0.000s
I20260912 09:38:31.880452 138302704840832 database_cache.cc:91] Loading cameras...
I20260912 09:38:31.880464 138302704840832 database_cache.cc:109]  6 in 0.000s
I20260912 09:38:31.880468 138302704840832 database_cache.cc:117] Loading frames...
I20260912 09:38:31.880492 138302704840832 database_cache.cc:127]  6 in 0.000s
I20260912 09:38:31.880495 138302704840832 database_cache.cc:135] Loading matches...
I20260912 09:38:31.880523 138302704840832 database_cache.cc:140]  13 in 0.000s
I20260912 09:38:31.880526 138302704840832 database_cache.cc:148] Loading images...
I20260912 09:38:31.880725 138302704840832 database_cache.cc:245]  6 in 0.000s (connected 6, loaded 6)
I20260912 09:38:31.880730 138302704840832 database_cache.cc:259] Loading pose priors...
I20260912 09:38:31.880736 138302704840832 database_cache.cc:267]  0 in 0.000s
I20260912 09:38:31.880739 138302704840832 database_cache.cc:275] Building correspondence graph...
I20260912 09:38:31.880952 138302704840832 database_cache.cc:304]  in 0.000s (ignored 0)
I20260912 09:38:31.880957 138302704840832 timer.cc:90] Elapsed time: 0.000 [minutes]
I20260912 09:38:31.881025 138302704840832 incremental_pipeline.cc:465] Finding good initial image pair
I20260912 09:38:31.886582 138302704840832 incremental_pipeline.cc:472] => No good initial image pair found.
I20260912 09:38:31.886611 138302704840832 incremental_pipeline.cc:800] Discarding reconstruction due to no initial pair
I20260912 09:38:31.886624 138302704840832 incremental_pipeline.cc:429] => Relaxing the initialization constraints.
I20260912 09:38:31.886666 138302704840832 incremental_pipeline.cc:465] Finding good initial image pair
I20260912 09:38:31.892263 138302704840832 incremental_pipeline.cc:492] Registering initial image pair #6 and #3
I20260912 09:38:31.892537 138302704840832 incremental_pipeline.cc:510] Global bundle adjustment
I20260912 09:38:31.900315 138302704840832 incremental_pipeline.cc:620] Registering image #5 (num_reg_frames=2)
I20260912 09:38:31.900320 138302704840832 incremental_pipeline.cc:623] => Image sees 37 / 235 points
I20260912 09:38:31.903444 138302704840832 incremental_pipeline.cc:88] Retriangulation and Global bundle adjustment
I20260912 09:38:31.908240 138302704840832 incremental_pipeline.cc:620] Registering image #4 (num_reg_frames=3)
I20260912 09:38:31.908244 138302704840832 incremental_pipeline.cc:623] => Image sees 35 / 76 points
I20260912 09:38:31.908405 138302704840832 incremental_pipeline.cc:646] => Could not register, trying another image.
I20260912 09:38:31.908406 138302704840832 incremental_pipeline.cc:620] Registering image #4 (num_reg_frames=3)
I20260912 09:38:31.908411 138302704840832 incremental_pipeline.cc:623] => Image sees 35 / 76 points
I20260912 09:38:31.908412 138302704840832 incremental_pipeline.cc:629] Registering image with structure-less fallback
I20260912 09:38:31.908413 138302704840832 incremental_pipeline.cc:631] => Image sees 109 / 109 correspondences
I20260912 09:38:31.908428 138302704840832 incremental_pipeline.cc:646] => Could not register, trying another image.
I20260912 09:38:31.908429 138302704840832 incremental_pipeline.cc:88] Retriangulation and Global bundle adjustment
I20260912 09:38:31.910989 138302704840832 incremental_pipeline.cc:620] Registering image #4 (num_reg_frames=3)
I20260912 09:38:31.910992 138302704840832 incremental_pipeline.cc:623] => Image sees 35 / 76 points
I20260912 09:38:31.911187 138302704840832 incremental_pipeline.cc:646] => Could not register, trying another image.
I20260912 09:38:31.911188 138302704840832 incremental_pipeline.cc:620] Registering image #4 (num_reg_frames=3)
I20260912 09:38:31.911189 138302704840832 incremental_pipeline.cc:623] => Image sees 35 / 76 points
I20260912 09:38:31.911190 138302704840832 incremental_pipeline.cc:629] Registering image with structure-less fallback
I20260912 09:38:31.911191 138302704840832 incremental_pipeline.cc:631] => Image sees 109 / 109 correspondences
I20260912 09:38:31.911198 138302704840832 incremental_pipeline.cc:646] => Could not register, trying another image.
I20260912 09:38:31.911202 138302704840832 incremental_pipeline.cc:826] Keeping successful reconstruction
I20260912 09:38:31.911405 138302704840832 incremental_pipeline.cc:465] Finding good initial image pair
I20260912 09:38:31.912194 138302704840832 incremental_pipeline.cc:472] => No good initial image pair found.
I20260912 09:38:31.912198 138302704840832 incremental_pipeline.cc:800] Discarding reconstruction due to no initial pair
I20260912 09:38:31.912204 138302704840832 incremental_pipeline.cc:442] => Relaxing the initialization constraints.
I20260912 09:38:31.912224 138302704840832 incremental_pipeline.cc:465] Finding good initial image pair
I20260912 09:38:31.912880 138302704840832 incremental_pipeline.cc:472] => No good initial image pair found.
I20260912 09:38:31.912883 138302704840832 incremental_pipeline.cc:800] Discarding reconstruction due to no initial pair
I20260912 09:38:31.912888 138302704840832 incremental_pipeline.cc:429] => Relaxing the initialization constraints.
I20260912 09:38:31.912903 138302704840832 incremental_pipeline.cc:465] Finding good initial image pair
I20260912 09:38:31.915171 138302704840832 incremental_pipeline.cc:472] => No good initial image pair found.
I20260912 09:38:31.915174 138302704840832 incremental_pipeline.cc:800] Discarding reconstruction due to no initial pair
I20260912 09:38:31.915183 138302704840832 incremental_pipeline.cc:442] => Relaxing the initialization constraints.
I20260912 09:38:31.915198 138302704840832 incremental_pipeline.cc:465] Finding good initial image pair
I20260912 09:38:31.917963 138302704840832 incremental_pipeline.cc:472] => No good initial image pair found.
I20260912 09:38:31.917965 138302704840832 incremental_pipeline.cc:800] Discarding reconstruction due to no initial pair
I20260912 09:38:31.917971 138302704840832 timer.cc:90] Elapsed time: 0.001 [minutes]
[35/40] toytrain/240_25394_51994  registered 3/6  FAILED  (0.3s)
W20260912 09:38:32.004050 138302704840832 feature_extraction.cc:445] Your current options use the maximum number of threads on the machine to extract features. Extracting SIFT features on the CPU can consume a lot of RAM per thread for large images. Consider reducing the maximum image size and/or the first octave or manually limit the number of extraction threads. Ignore this warning, if your machine has sufficient memory for the current settings.
I20260912 09:38:32.004217 138296579573440 feature_extraction.cc:498] === Feature extraction ===
I20260912 09:38:32.004746 138296554395328 sift.cc:765] Creating SIFT CPU feature extractor
I20260912 09:38:32.004751 138296445355712 sift.cc:765] Creating SIFT CPU feature extractor
I20260912 09:38:32.004777 138296436963008 sift.cc:765] Creating SIFT CPU feature extractor
I20260912 09:38:32.004786 138296428570304 sift.cc:765] Creating SIFT CPU feature extractor
I20260912 09:38:32.004752 138296453748416 sift.cc:765] Creating SIFT CPU feature extractor
I20260912 09:38:32.004811 138296336316096 sift.cc:765] Creating SIFT CPU feature extractor
I20260912 09:38:32.004831 138296462141120 sift.cc:765] Creating SIFT CPU feature extractor
I20260912 09:38:32.004851 138296311137984 sift.cc:765] Creating SIFT CPU feature extractor
I20260912 09:38:32.004832 138296470533824 sift.cc:765] Creating SIFT CPU feature extractor
I20260912 09:38:32.004883 138296294352576 sift.cc:765] Creating SIFT CPU feature extractor
I20260912 09:38:32.004910 138296202098368 sift.cc:765] Creating SIFT CPU feature extractor
I20260912 09:38:32.004926 138296193705664 sift.cc:765] Creating SIFT CPU feature extractor
I20260912 09:38:32.004749 138296562788032 sift.cc:765] Creating SIFT CPU feature extractor
I20260912 09:38:32.004955 138296420177600 sift.cc:765] Creating SIFT CPU feature extractor
I20260912 09:38:32.004968 138296168527552 sift.cc:765] Creating SIFT CPU feature extractor
I20260912 09:38:32.004980 138296185312960 sift.cc:765] Creating SIFT CPU feature extractor
I20260912 09:38:32.004996 138296151742144 sift.cc:765] Creating SIFT CPU feature extractor
I20260912 09:38:32.004996 138296176920256 sift.cc:765] Creating SIFT CPU feature extractor
I20260912 09:38:32.005026 138296160134848 sift.cc:765] Creating SIFT CPU feature extractor
I20260912 09:38:32.005029 138296302745280 sift.cc:765] Creating SIFT CPU feature extractor
I20260912 09:38:32.005035 138296327923392 sift.cc:765] Creating SIFT CPU feature extractor
I20260912 09:38:32.005032 138295933662912 sift.cc:765] Creating SIFT CPU feature extractor
I20260912 09:38:32.005051 138296319530688 sift.cc:765] Creating SIFT CPU feature extractor
I20260912 09:38:32.005051 138296285959872 sift.cc:765] Creating SIFT CPU feature extractor
I20260912 09:38:32.123797 138295925270208 feature_extraction.cc:270] Processed file [1/6]
I20260912 09:38:32.123855 138295925270208 feature_extraction.cc:273]   Name:            image_2.png
I20260912 09:38:32.123860 138295925270208 feature_extraction.cc:282]   Dimensions:      518 x 518
I20260912 09:38:32.123862 138295925270208 feature_extraction.cc:285]   Camera:          #2 - PINHOLE
I20260912 09:38:32.123866 138295925270208 feature_extraction.cc:289]   Focal Length:    652.66px (Prior)
I20260912 09:38:32.123881 138295925270208 feature_extraction.cc:294]   Features:        383 (SIFT)
I20260912 09:38:32.147794 138295925270208 feature_extraction.cc:270] Processed file [2/6]
I20260912 09:38:32.147838 138295925270208 feature_extraction.cc:273]   Name:            image_1.png
I20260912 09:38:32.147861 138295925270208 feature_extraction.cc:282]   Dimensions:      518 x 518
I20260912 09:38:32.147865 138295925270208 feature_extraction.cc:285]   Camera:          #1 - PINHOLE
I20260912 09:38:32.147869 138295925270208 feature_extraction.cc:289]   Focal Length:    652.66px (Prior)
I20260912 09:38:32.147878 138295925270208 feature_extraction.cc:294]   Features:        297 (SIFT)
I20260912 09:38:32.163745 138295925270208 feature_extraction.cc:270] Processed file [3/6]
I20260912 09:38:32.163794 138295925270208 feature_extraction.cc:273]   Name:            image_3.png
I20260912 09:38:32.163802 138295925270208 feature_extraction.cc:282]   Dimensions:      518 x 518
I20260912 09:38:32.163805 138295925270208 feature_extraction.cc:285]   Camera:          #3 - PINHOLE
I20260912 09:38:32.163810 138295925270208 feature_extraction.cc:289]   Focal Length:    652.66px (Prior)
I20260912 09:38:32.163820 138295925270208 feature_extraction.cc:294]   Features:        558 (SIFT)
I20260912 09:38:32.168337 138295925270208 feature_extraction.cc:270] Processed file [4/6]
I20260912 09:38:32.168369 138295925270208 feature_extraction.cc:273]   Name:            image_6.png
I20260912 09:38:32.168373 138295925270208 feature_extraction.cc:282]   Dimensions:      518 x 518
I20260912 09:38:32.168387 138295925270208 feature_extraction.cc:285]   Camera:          #6 - PINHOLE
I20260912 09:38:32.168392 138295925270208 feature_extraction.cc:289]   Focal Length:    652.66px (Prior)
I20260912 09:38:32.168399 138295925270208 feature_extraction.cc:294]   Features:        434 (SIFT)
I20260912 09:38:32.170854 138295925270208 feature_extraction.cc:270] Processed file [5/6]
I20260912 09:38:32.170877 138295925270208 feature_extraction.cc:273]   Name:            image_5.png
I20260912 09:38:32.170881 138295925270208 feature_extraction.cc:282]   Dimensions:      518 x 518
I20260912 09:38:32.170884 138295925270208 feature_extraction.cc:285]   Camera:          #5 - PINHOLE
I20260912 09:38:32.170887 138295925270208 feature_extraction.cc:289]   Focal Length:    652.66px (Prior)
I20260912 09:38:32.170894 138295925270208 feature_extraction.cc:294]   Features:        659 (SIFT)
I20260912 09:38:32.182652 138295925270208 feature_extraction.cc:270] Processed file [6/6]
I20260912 09:38:32.182675 138295925270208 feature_extraction.cc:273]   Name:            image_4.png
I20260912 09:38:32.182679 138295925270208 feature_extraction.cc:282]   Dimensions:      518 x 518
I20260912 09:38:32.182682 138295925270208 feature_extraction.cc:285]   Camera:          #4 - PINHOLE
I20260912 09:38:32.182685 138295925270208 feature_extraction.cc:289]   Focal Length:    652.66px (Prior)
I20260912 09:38:32.182691 138295925270208 feature_extraction.cc:294]   Features:        1188 (SIFT)
I20260912 09:38:32.184467 138296579573440 timer.cc:90] Elapsed time: 0.003 [minutes]
I20260912 09:38:32.207006 138296579573440 feature_matching.cc:196] === Feature matching & geometric verification ===
I20260912 09:38:32.207301 138295925270208 sift.cc:1686] Creating SIFT CPU feature matcher
I20260912 09:38:32.207317 138297132115648 sift.cc:1686] Creating SIFT CPU feature matcher
I20260912 09:38:32.207352 138297098544832 sift.cc:1686] Creating SIFT CPU feature matcher
I20260912 09:38:32.207356 138297115330240 sift.cc:1686] Creating SIFT CPU feature matcher
I20260912 09:38:32.207407 138297007404736 sift.cc:1686] Creating SIFT CPU feature matcher
I20260912 09:38:32.207443 138297090152128 sift.cc:1686] Creating SIFT CPU feature matcher
I20260912 09:38:32.207453 138296999012032 sift.cc:1686] Creating SIFT CPU feature matcher
I20260912 09:38:32.207466 138296854312640 sift.cc:1686] Creating SIFT CPU feature matcher
I20260912 09:38:32.207466 138295933662912 sift.cc:1686] Creating SIFT CPU feature matcher
I20260912 09:38:32.207507 138296845919936 sift.cc:1686] Creating SIFT CPU feature matcher
I20260912 09:38:32.207527 138296837527232 sift.cc:1686] Creating SIFT CPU feature matcher
I20260912 09:38:32.207556 138296829134528 sift.cc:1686] Creating SIFT CPU feature matcher
I20260912 09:38:32.207468 138297106937536 sift.cc:1686] Creating SIFT CPU feature matcher
I20260912 09:38:32.207629 138296722183872 sift.cc:1686] Creating SIFT CPU feature matcher
I20260912 09:38:32.207546 138296151742144 sift.cc:1686] Creating SIFT CPU feature matcher
I20260912 09:38:32.207663 138297123722944 sift.cc:1686] Creating SIFT CPU feature matcher
I20260912 09:38:32.207715 138296688613056 sift.cc:1686] Creating SIFT CPU feature matcher
I20260912 09:38:32.207740 138296697005760 sift.cc:1686] Creating SIFT CPU feature matcher
I20260912 09:38:32.207547 138296820741824 sift.cc:1686] Creating SIFT CPU feature matcher
I20260912 09:38:32.207836 138296705398464 sift.cc:1686] Creating SIFT CPU feature matcher
I20260912 09:38:32.207841 138296713791168 sift.cc:1686] Creating SIFT CPU feature matcher
I20260912 09:38:32.207838 138296604751552 sift.cc:1686] Creating SIFT CPU feature matcher
I20260912 09:38:32.207586 138296738969280 sift.cc:1686] Creating SIFT CPU feature matcher
I20260912 09:38:32.207565 138296730576576 sift.cc:1686] Creating SIFT CPU feature matcher
I20260912 09:38:32.208396 138296579573440 pairing.cc:179] Generating exhaustive image pairs...
I20260912 09:38:32.208406 138296579573440 pairing.cc:212] Processing block [1/1, 1/1]
I20260912 09:38:32.227315 138296579573440 feature_matching.cc:218] in 0.019s
I20260912 09:38:32.227331 138296579573440 timer.cc:90] Elapsed time: 0.000 [minutes]
I20260912 09:38:32.261607 138302704840832 incremental_pipeline.cc:353] Loading database
I20260912 09:38:32.261647 138302704840832 database_cache.cc:73] Loading rigs...
I20260912 09:38:32.261671 138302704840832 database_cache.cc:83]  6 in 0.000s
I20260912 09:38:32.261679 138302704840832 database_cache.cc:91] Loading cameras...
I20260912 09:38:32.261691 138302704840832 database_cache.cc:109]  6 in 0.000s
I20260912 09:38:32.261694 138302704840832 database_cache.cc:117] Loading frames...
I20260912 09:38:32.261716 138302704840832 database_cache.cc:127]  6 in 0.000s
I20260912 09:38:32.261719 138302704840832 database_cache.cc:135] Loading matches...
I20260912 09:38:32.261733 138302704840832 database_cache.cc:140]  2 in 0.000s
I20260912 09:38:32.261736 138302704840832 database_cache.cc:148] Loading images...
I20260912 09:38:32.261799 138302704840832 database_cache.cc:245]  6 in 0.000s (connected 3, loaded 3)
I20260912 09:38:32.261803 138302704840832 database_cache.cc:259] Loading pose priors...
I20260912 09:38:32.261808 138302704840832 database_cache.cc:267]  0 in 0.000s
I20260912 09:38:32.261811 138302704840832 database_cache.cc:275] Building correspondence graph...
I20260912 09:38:32.261839 138302704840832 database_cache.cc:304]  in 0.000s (ignored 0)
I20260912 09:38:32.261842 138302704840832 timer.cc:90] Elapsed time: 0.000 [minutes]
I20260912 09:38:32.261881 138302704840832 incremental_pipeline.cc:465] Finding good initial image pair
I20260912 09:38:32.263447 138302704840832 incremental_pipeline.cc:472] => No good initial image pair found.
I20260912 09:38:32.263456 138302704840832 incremental_pipeline.cc:800] Discarding reconstruction due to no initial pair
I20260912 09:38:32.263468 138302704840832 incremental_pipeline.cc:429] => Relaxing the initialization constraints.
I20260912 09:38:32.263492 138302704840832 incremental_pipeline.cc:465] Finding good initial image pair
I20260912 09:38:32.264326 138302704840832 incremental_pipeline.cc:472] => No good initial image pair found.
I20260912 09:38:32.264331 138302704840832 incremental_pipeline.cc:800] Discarding reconstruction due to no initial pair
I20260912 09:38:32.264338 138302704840832 incremental_pipeline.cc:442] => Relaxing the initialization constraints.
I20260912 09:38:32.264355 138302704840832 incremental_pipeline.cc:465] Finding good initial image pair
I20260912 09:38:32.265325 138302704840832 incremental_pipeline.cc:472] => No good initial image pair found.
I20260912 09:38:32.265330 138302704840832 incremental_pipeline.cc:800] Discarding reconstruction due to no initial pair
I20260912 09:38:32.265337 138302704840832 incremental_pipeline.cc:429] => Relaxing the initialization constraints.
I20260912 09:38:32.265364 138302704840832 incremental_pipeline.cc:465] Finding good initial image pair
I20260912 09:38:32.268204 138302704840832 incremental_pipeline.cc:492] Registering initial image pair #4 and #2
I20260912 09:38:32.268258 138302704840832 incremental_pipeline.cc:510] Global bundle adjustment
I20260912 09:38:32.268450 138302704840832 incremental_pipeline.cc:791] Discarding reconstruction due to bad initial pair
I20260912 09:38:32.268474 138302704840832 incremental_pipeline.cc:465] Finding good initial image pair
I20260912 09:38:32.269044 138302704840832 incremental_pipeline.cc:472] => No good initial image pair found.
I20260912 09:38:32.269048 138302704840832 incremental_pipeline.cc:800] Discarding reconstruction due to no initial pair
I20260912 09:38:32.269052 138302704840832 incremental_pipeline.cc:442] => Relaxing the initialization constraints.
I20260912 09:38:32.269060 138302704840832 incremental_pipeline.cc:465] Finding good initial image pair
I20260912 09:38:32.271375 138302704840832 incremental_pipeline.cc:492] Registering initial image pair #2 and #4
I20260912 09:38:32.271417 138302704840832 incremental_pipeline.cc:510] Global bundle adjustment
I20260912 09:38:32.271629 138302704840832 incremental_pipeline.cc:791] Discarding reconstruction due to bad initial pair
I20260912 09:38:32.271653 138302704840832 incremental_pipeline.cc:465] Finding good initial image pair
I20260912 09:38:32.272212 138302704840832 incremental_pipeline.cc:472] => No good initial image pair found.
I20260912 09:38:32.272214 138302704840832 incremental_pipeline.cc:800] Discarding reconstruction due to no initial pair
I20260912 09:38:32.272218 138302704840832 timer.cc:90] Elapsed time: 0.000 [minutes]
E20260912 09:38:32.272221 138302704840832 sfm.cc:310] Failed to create any sparse model
[36/40] toytrain/399_51323_100753  registered 0/6  FAILED  (0.3s)
W20260912 09:38:32.359251 138302704840832 feature_extraction.cc:445] Your current options use the maximum number of threads on the machine to extract features. Extracting SIFT features on the CPU can consume a lot of RAM per thread for large images. Consider reducing the maximum image size and/or the first octave or manually limit the number of extraction threads. Ignore this warning, if your machine has sufficient memory for the current settings.
I20260912 09:38:32.359427 138296688613056 feature_extraction.cc:498] === Feature extraction ===
I20260912 09:38:32.359887 138296554395328 sift.cc:765] Creating SIFT CPU feature extractor
I20260912 09:38:32.359912 138296470533824 sift.cc:765] Creating SIFT CPU feature extractor
I20260912 09:38:32.359917 138296462141120 sift.cc:765] Creating SIFT CPU feature extractor
I20260912 09:38:32.359966 138296453748416 sift.cc:765] Creating SIFT CPU feature extractor
I20260912 09:38:32.359975 138296562788032 sift.cc:765] Creating SIFT CPU feature extractor
I20260912 09:38:32.359967 138296445355712 sift.cc:765] Creating SIFT CPU feature extractor
I20260912 09:38:32.360023 138296420177600 sift.cc:765] Creating SIFT CPU feature extractor
I20260912 09:38:32.360025 138296428570304 sift.cc:765] Creating SIFT CPU feature extractor
I20260912 09:38:32.360055 138296302745280 sift.cc:765] Creating SIFT CPU feature extractor
I20260912 09:38:32.360067 138296319530688 sift.cc:765] Creating SIFT CPU feature extractor
I20260912 09:38:32.360073 138296294352576 sift.cc:765] Creating SIFT CPU feature extractor
I20260912 09:38:32.360119 138296336316096 sift.cc:765] Creating SIFT CPU feature extractor
I20260912 09:38:32.360122 138296202098368 sift.cc:765] Creating SIFT CPU feature extractor
I20260912 09:38:32.360125 138296327923392 sift.cc:765] Creating SIFT CPU feature extractor
I20260912 09:38:32.360129 138296285959872 sift.cc:765] Creating SIFT CPU feature extractor
I20260912 09:38:32.360124 138296436963008 sift.cc:765] Creating SIFT CPU feature extractor
I20260912 09:38:32.360147 138296176920256 sift.cc:765] Creating SIFT CPU feature extractor
I20260912 09:38:32.360124 138296311137984 sift.cc:765] Creating SIFT CPU feature extractor
I20260912 09:38:32.360163 138296185312960 sift.cc:765] Creating SIFT CPU feature extractor
I20260912 09:38:32.360176 138296193705664 sift.cc:765] Creating SIFT CPU feature extractor
I20260912 09:38:32.360218 138295933662912 sift.cc:765] Creating SIFT CPU feature extractor
I20260912 09:38:32.360337 138296160134848 sift.cc:765] Creating SIFT CPU feature extractor
I20260912 09:38:32.360338 138296151742144 sift.cc:765] Creating SIFT CPU feature extractor
I20260912 09:38:32.360338 138296168527552 sift.cc:765] Creating SIFT CPU feature extractor
I20260912 09:38:32.547828 138295925270208 feature_extraction.cc:270] Processed file [1/6]
I20260912 09:38:32.547882 138295925270208 feature_extraction.cc:273]   Name:            image_1.png
I20260912 09:38:32.547886 138295925270208 feature_extraction.cc:282]   Dimensions:      518 x 518
I20260912 09:38:32.547889 138295925270208 feature_extraction.cc:285]   Camera:          #1 - PINHOLE
I20260912 09:38:32.547894 138295925270208 feature_extraction.cc:289]   Focal Length:    318.08px (Prior)
I20260912 09:38:32.547904 138295925270208 feature_extraction.cc:294]   Features:        1679 (SIFT)
I20260912 09:38:32.550669 138295925270208 feature_extraction.cc:270] Processed file [2/6]
I20260912 09:38:32.550680 138295925270208 feature_extraction.cc:273]   Name:            image_4.png
I20260912 09:38:32.550687 138295925270208 feature_extraction.cc:282]   Dimensions:      518 x 518
I20260912 09:38:32.550690 138295925270208 feature_extraction.cc:285]   Camera:          #4 - PINHOLE
I20260912 09:38:32.550693 138295925270208 feature_extraction.cc:289]   Focal Length:    318.08px (Prior)
I20260912 09:38:32.550698 138295925270208 feature_extraction.cc:294]   Features:        1333 (SIFT)
I20260912 09:38:32.551354 138295925270208 feature_extraction.cc:270] Processed file [3/6]
I20260912 09:38:32.551372 138295925270208 feature_extraction.cc:273]   Name:            image_5.png
I20260912 09:38:32.551376 138295925270208 feature_extraction.cc:282]   Dimensions:      518 x 518
I20260912 09:38:32.551379 138295925270208 feature_extraction.cc:285]   Camera:          #5 - PINHOLE
I20260912 09:38:32.551382 138295925270208 feature_extraction.cc:289]   Focal Length:    318.08px (Prior)
I20260912 09:38:32.551389 138295925270208 feature_extraction.cc:294]   Features:        1297 (SIFT)
I20260912 09:38:32.553551 138295925270208 feature_extraction.cc:270] Processed file [4/6]
I20260912 09:38:32.553557 138295925270208 feature_extraction.cc:273]   Name:            image_6.png
I20260912 09:38:32.553559 138295925270208 feature_extraction.cc:282]   Dimensions:      518 x 518
I20260912 09:38:32.553560 138295925270208 feature_extraction.cc:285]   Camera:          #6 - PINHOLE
I20260912 09:38:32.553562 138295925270208 feature_extraction.cc:289]   Focal Length:    318.08px (Prior)
I20260912 09:38:32.553565 138295925270208 feature_extraction.cc:294]   Features:        1293 (SIFT)
I20260912 09:38:32.557631 138295925270208 feature_extraction.cc:270] Processed file [5/6]
I20260912 09:38:32.557642 138295925270208 feature_extraction.cc:273]   Name:            image_3.png
I20260912 09:38:32.557644 138295925270208 feature_extraction.cc:282]   Dimensions:      518 x 518
I20260912 09:38:32.557646 138295925270208 feature_extraction.cc:285]   Camera:          #3 - PINHOLE
I20260912 09:38:32.557647 138295925270208 feature_extraction.cc:289]   Focal Length:    318.08px (Prior)
I20260912 09:38:32.557650 138295925270208 feature_extraction.cc:294]   Features:        1805 (SIFT)
I20260912 09:38:32.559564 138295925270208 feature_extraction.cc:270] Processed file [6/6]
I20260912 09:38:32.559576 138295925270208 feature_extraction.cc:273]   Name:            image_2.png
I20260912 09:38:32.559578 138295925270208 feature_extraction.cc:282]   Dimensions:      518 x 518
I20260912 09:38:32.559579 138295925270208 feature_extraction.cc:285]   Camera:          #2 - PINHOLE
I20260912 09:38:32.559580 138295925270208 feature_extraction.cc:289]   Focal Length:    318.08px (Prior)
I20260912 09:38:32.559583 138295925270208 feature_extraction.cc:294]   Features:        1859 (SIFT)
I20260912 09:38:32.561523 138296688613056 timer.cc:90] Elapsed time: 0.003 [minutes]
I20260912 09:38:32.615157 138296688613056 feature_matching.cc:196] === Feature matching & geometric verification ===
I20260912 09:38:32.615377 138296151742144 sift.cc:1686] Creating SIFT CPU feature matcher
I20260912 09:38:32.615411 138297123722944 sift.cc:1686] Creating SIFT CPU feature matcher
I20260912 09:38:32.615426 138295925270208 sift.cc:1686] Creating SIFT CPU feature matcher
I20260912 09:38:32.615437 138297132115648 sift.cc:1686] Creating SIFT CPU feature matcher
I20260912 09:38:32.615458 138297098544832 sift.cc:1686] Creating SIFT CPU feature matcher
I20260912 09:38:32.615507 138297090152128 sift.cc:1686] Creating SIFT CPU feature matcher
I20260912 09:38:32.615538 138297106937536 sift.cc:1686] Creating SIFT CPU feature matcher
I20260912 09:38:32.615541 138295933662912 sift.cc:1686] Creating SIFT CPU feature matcher
I20260912 09:38:32.615571 138296854312640 sift.cc:1686] Creating SIFT CPU feature matcher
I20260912 09:38:32.615596 138297115330240 sift.cc:1686] Creating SIFT CPU feature matcher
I20260912 09:38:32.615600 138296999012032 sift.cc:1686] Creating SIFT CPU feature matcher
I20260912 09:38:32.615648 138296829134528 sift.cc:1686] Creating SIFT CPU feature matcher
I20260912 09:38:32.615681 138296820741824 sift.cc:1686] Creating SIFT CPU feature matcher
I20260912 09:38:32.615680 138296837527232 sift.cc:1686] Creating SIFT CPU feature matcher
I20260912 09:38:32.615685 138297007404736 sift.cc:1686] Creating SIFT CPU feature matcher
I20260912 09:38:32.615748 138296738969280 sift.cc:1686] Creating SIFT CPU feature matcher
I20260912 09:38:32.615789 138296713791168 sift.cc:1686] Creating SIFT CPU feature matcher
I20260912 09:38:32.615694 138296845919936 sift.cc:1686] Creating SIFT CPU feature matcher
I20260912 09:38:32.615733 138296730576576 sift.cc:1686] Creating SIFT CPU feature matcher
I20260912 09:38:32.615825 138296705398464 sift.cc:1686] Creating SIFT CPU feature matcher
I20260912 09:38:32.615872 138296604751552 sift.cc:1686] Creating SIFT CPU feature matcher
I20260912 09:38:32.615889 138296697005760 sift.cc:1686] Creating SIFT CPU feature matcher
I20260912 09:38:32.615910 138296722183872 sift.cc:1686] Creating SIFT CPU feature matcher
I20260912 09:38:32.616124 138296596358848 sift.cc:1686] Creating SIFT CPU feature matcher
I20260912 09:38:32.616605 138296688613056 pairing.cc:179] Generating exhaustive image pairs...
I20260912 09:38:32.616618 138296688613056 pairing.cc:212] Processing block [1/1, 1/1]
I20260912 09:38:32.710713 138296688613056 feature_matching.cc:218] in 0.094s
I20260912 09:38:32.710748 138296688613056 timer.cc:90] Elapsed time: 0.002 [minutes]
I20260912 09:38:32.719413 138302704840832 incremental_pipeline.cc:353] Loading database
I20260912 09:38:32.719453 138302704840832 database_cache.cc:73] Loading rigs...
I20260912 09:38:32.719478 138302704840832 database_cache.cc:83]  6 in 0.000s
I20260912 09:38:32.719484 138302704840832 database_cache.cc:91] Loading cameras...
I20260912 09:38:32.719496 138302704840832 database_cache.cc:109]  6 in 0.000s
I20260912 09:38:32.719499 138302704840832 database_cache.cc:117] Loading frames...
I20260912 09:38:32.719523 138302704840832 database_cache.cc:127]  6 in 0.000s
I20260912 09:38:32.719526 138302704840832 database_cache.cc:135] Loading matches...
I20260912 09:38:32.719549 138302704840832 database_cache.cc:140]  5 in 0.000s
I20260912 09:38:32.719552 138302704840832 database_cache.cc:148] Loading images...
I20260912 09:38:32.719776 138302704840832 database_cache.cc:245]  6 in 0.000s (connected 6, loaded 6)
I20260912 09:38:32.719780 138302704840832 database_cache.cc:259] Loading pose priors...
I20260912 09:38:32.719786 138302704840832 database_cache.cc:267]  0 in 0.000s
I20260912 09:38:32.719788 138302704840832 database_cache.cc:275] Building correspondence graph...
I20260912 09:38:32.719869 138302704840832 database_cache.cc:304]  in 0.000s (ignored 0)
I20260912 09:38:32.719873 138302704840832 timer.cc:90] Elapsed time: 0.000 [minutes]
I20260912 09:38:32.719937 138302704840832 incremental_pipeline.cc:465] Finding good initial image pair
I20260912 09:38:32.721405 138302704840832 incremental_pipeline.cc:472] => No good initial image pair found.
I20260912 09:38:32.721443 138302704840832 incremental_pipeline.cc:800] Discarding reconstruction due to no initial pair
I20260912 09:38:32.721463 138302704840832 incremental_pipeline.cc:429] => Relaxing the initialization constraints.
I20260912 09:38:32.721518 138302704840832 incremental_pipeline.cc:465] Finding good initial image pair
I20260912 09:38:32.722435 138302704840832 incremental_pipeline.cc:472] => No good initial image pair found.
I20260912 09:38:32.722442 138302704840832 incremental_pipeline.cc:800] Discarding reconstruction due to no initial pair
I20260912 09:38:32.722453 138302704840832 incremental_pipeline.cc:442] => Relaxing the initialization constraints.
I20260912 09:38:32.722492 138302704840832 incremental_pipeline.cc:465] Finding good initial image pair
I20260912 09:38:32.723304 138302704840832 incremental_pipeline.cc:472] => No good initial image pair found.
I20260912 09:38:32.723308 138302704840832 incremental_pipeline.cc:800] Discarding reconstruction due to no initial pair
I20260912 09:38:32.723319 138302704840832 incremental_pipeline.cc:429] => Relaxing the initialization constraints.
I20260912 09:38:32.723356 138302704840832 incremental_pipeline.cc:465] Finding good initial image pair
I20260912 09:38:32.726194 138302704840832 incremental_pipeline.cc:492] Registering initial image pair #1 and #4
I20260912 09:38:32.726263 138302704840832 incremental_pipeline.cc:510] Global bundle adjustment
I20260912 09:38:32.726394 138302704840832 incremental_pipeline.cc:791] Discarding reconstruction due to bad initial pair
I20260912 09:38:32.726435 138302704840832 incremental_pipeline.cc:465] Finding good initial image pair
I20260912 09:38:32.727081 138302704840832 incremental_pipeline.cc:472] => No good initial image pair found.
I20260912 09:38:32.727085 138302704840832 incremental_pipeline.cc:800] Discarding reconstruction due to no initial pair
I20260912 09:38:32.727091 138302704840832 incremental_pipeline.cc:442] => Relaxing the initialization constraints.
I20260912 09:38:32.727109 138302704840832 incremental_pipeline.cc:465] Finding good initial image pair
I20260912 09:38:32.729382 138302704840832 incremental_pipeline.cc:492] Registering initial image pair #4 and #1
I20260912 09:38:32.729430 138302704840832 incremental_pipeline.cc:510] Global bundle adjustment
I20260912 09:38:32.729504 138302704840832 incremental_pipeline.cc:791] Discarding reconstruction due to bad initial pair
I20260912 09:38:32.729543 138302704840832 incremental_pipeline.cc:465] Finding good initial image pair
I20260912 09:38:32.730034 138302704840832 incremental_pipeline.cc:472] => No good initial image pair found.
I20260912 09:38:32.730036 138302704840832 incremental_pipeline.cc:800] Discarding reconstruction due to no initial pair
I20260912 09:38:32.730042 138302704840832 timer.cc:90] Elapsed time: 0.000 [minutes]
E20260912 09:38:32.730045 138302704840832 sfm.cc:310] Failed to create any sparse model
[37/40] toytruck/190_20494_39385  registered 0/6  FAILED  (0.4s)
W20260912 09:38:32.814950 138302704840832 feature_extraction.cc:445] Your current options use the maximum number of threads on the machine to extract features. Extracting SIFT features on the CPU can consume a lot of RAM per thread for large images. Consider reducing the maximum image size and/or the first octave or manually limit the number of extraction threads. Ignore this warning, if your machine has sufficient memory for the current settings.
I20260912 09:38:32.815117 138296688613056 feature_extraction.cc:498] === Feature extraction ===
I20260912 09:38:32.815580 138296554395328 sift.cc:765] Creating SIFT CPU feature extractor
I20260912 09:38:32.815605 138296453748416 sift.cc:765] Creating SIFT CPU feature extractor
I20260912 09:38:32.815618 138296445355712 sift.cc:765] Creating SIFT CPU feature extractor
I20260912 09:38:32.815631 138296436963008 sift.cc:765] Creating SIFT CPU feature extractor
I20260912 09:38:32.815651 138296428570304 sift.cc:765] Creating SIFT CPU feature extractor
I20260912 09:38:32.815654 138296470533824 sift.cc:765] Creating SIFT CPU feature extractor
I20260912 09:38:32.815582 138296562788032 sift.cc:765] Creating SIFT CPU feature extractor
I20260912 09:38:32.815708 138296327923392 sift.cc:765] Creating SIFT CPU feature extractor
I20260912 09:38:32.815714 138296336316096 sift.cc:765] Creating SIFT CPU feature extractor
I20260912 09:38:32.815717 138296462141120 sift.cc:765] Creating SIFT CPU feature extractor
I20260912 09:38:32.815719 138296420177600 sift.cc:765] Creating SIFT CPU feature extractor
I20260912 09:38:32.815753 138296319530688 sift.cc:765] Creating SIFT CPU feature extractor
I20260912 09:38:32.815756 138296311137984 sift.cc:765] Creating SIFT CPU feature extractor
I20260912 09:38:32.815762 138296302745280 sift.cc:765] Creating SIFT CPU feature extractor
I20260912 09:38:32.815786 138296202098368 sift.cc:765] Creating SIFT CPU feature extractor
I20260912 09:38:32.815796 138296285959872 sift.cc:765] Creating SIFT CPU feature extractor
I20260912 09:38:32.815812 138296193705664 sift.cc:765] Creating SIFT CPU feature extractor
I20260912 09:38:32.815915 138296294352576 sift.cc:765] Creating SIFT CPU feature extractor
I20260912 09:38:32.815999 138296176920256 sift.cc:765] Creating SIFT CPU feature extractor
I20260912 09:38:32.816000 138296168527552 sift.cc:765] Creating SIFT CPU feature extractor
I20260912 09:38:32.816000 138296151742144 sift.cc:765] Creating SIFT CPU feature extractor
I20260912 09:38:32.816001 138296160134848 sift.cc:765] Creating SIFT CPU feature extractor
I20260912 09:38:32.816003 138295933662912 sift.cc:765] Creating SIFT CPU feature extractor
I20260912 09:38:32.816004 138296185312960 sift.cc:765] Creating SIFT CPU feature extractor
I20260912 09:38:32.979501 138295925270208 feature_extraction.cc:270] Processed file [1/6]
I20260912 09:38:32.979565 138295925270208 feature_extraction.cc:273]   Name:            image_1.png
I20260912 09:38:32.979570 138295925270208 feature_extraction.cc:282]   Dimensions:      518 x 518
I20260912 09:38:32.979573 138295925270208 feature_extraction.cc:285]   Camera:          #1 - PINHOLE
I20260912 09:38:32.979577 138295925270208 feature_extraction.cc:289]   Focal Length:    581.54px (Prior)
I20260912 09:38:32.979588 138295925270208 feature_extraction.cc:294]   Features:        872 (SIFT)
I20260912 09:38:32.995897 138295925270208 feature_extraction.cc:270] Processed file [2/6]
I20260912 09:38:32.995950 138295925270208 feature_extraction.cc:273]   Name:            image_2.png
I20260912 09:38:32.995954 138295925270208 feature_extraction.cc:282]   Dimensions:      518 x 518
I20260912 09:38:32.995957 138295925270208 feature_extraction.cc:285]   Camera:          #2 - PINHOLE
I20260912 09:38:32.995961 138295925270208 feature_extraction.cc:289]   Focal Length:    581.54px (Prior)
I20260912 09:38:32.995972 138295925270208 feature_extraction.cc:294]   Features:        1304 (SIFT)
I20260912 09:38:33.001401 138295925270208 feature_extraction.cc:270] Processed file [3/6]
I20260912 09:38:33.001425 138295925270208 feature_extraction.cc:273]   Name:            image_3.png
I20260912 09:38:33.001429 138295925270208 feature_extraction.cc:282]   Dimensions:      518 x 518
I20260912 09:38:33.001432 138295925270208 feature_extraction.cc:285]   Camera:          #3 - PINHOLE
I20260912 09:38:33.001435 138295925270208 feature_extraction.cc:289]   Focal Length:    581.54px (Prior)
I20260912 09:38:33.001442 138295925270208 feature_extraction.cc:294]   Features:        1355 (SIFT)
I20260912 09:38:33.004896 138295925270208 feature_extraction.cc:270] Processed file [4/6]
I20260912 09:38:33.004919 138295925270208 feature_extraction.cc:273]   Name:            image_6.png
I20260912 09:38:33.004923 138295925270208 feature_extraction.cc:282]   Dimensions:      518 x 518
I20260912 09:38:33.004926 138295925270208 feature_extraction.cc:285]   Camera:          #6 - PINHOLE
I20260912 09:38:33.004929 138295925270208 feature_extraction.cc:289]   Focal Length:    581.54px (Prior)
I20260912 09:38:33.004935 138295925270208 feature_extraction.cc:294]   Features:        1139 (SIFT)
I20260912 09:38:33.008717 138295925270208 feature_extraction.cc:270] Processed file [5/6]
I20260912 09:38:33.008744 138295925270208 feature_extraction.cc:273]   Name:            image_4.png
I20260912 09:38:33.008747 138295925270208 feature_extraction.cc:282]   Dimensions:      518 x 518
I20260912 09:38:33.008749 138295925270208 feature_extraction.cc:285]   Camera:          #4 - PINHOLE
I20260912 09:38:33.008751 138295925270208 feature_extraction.cc:289]   Focal Length:    581.54px (Prior)
I20260912 09:38:33.008756 138295925270208 feature_extraction.cc:294]   Features:        1463 (SIFT)
I20260912 09:38:33.012641 138295925270208 feature_extraction.cc:270] Processed file [6/6]
I20260912 09:38:33.012660 138295925270208 feature_extraction.cc:273]   Name:            image_5.png
I20260912 09:38:33.012663 138295925270208 feature_extraction.cc:282]   Dimensions:      518 x 518
I20260912 09:38:33.012665 138295925270208 feature_extraction.cc:285]   Camera:          #5 - PINHOLE
I20260912 09:38:33.012668 138295925270208 feature_extraction.cc:289]   Focal Length:    581.54px (Prior)
I20260912 09:38:33.012673 138295925270208 feature_extraction.cc:294]   Features:        1553 (SIFT)
I20260912 09:38:33.013651 138296688613056 timer.cc:90] Elapsed time: 0.003 [minutes]
I20260912 09:38:33.018676 138296688613056 feature_matching.cc:196] === Feature matching & geometric verification ===
I20260912 09:38:33.018868 138296151742144 sift.cc:1686] Creating SIFT CPU feature matcher
I20260912 09:38:33.018876 138295925270208 sift.cc:1686] Creating SIFT CPU feature matcher
I20260912 09:38:33.018912 138295933662912 sift.cc:1686] Creating SIFT CPU feature matcher
I20260912 09:38:33.018950 138297106937536 sift.cc:1686] Creating SIFT CPU feature matcher
I20260912 09:38:33.018972 138297132115648 sift.cc:1686] Creating SIFT CPU feature matcher
I20260912 09:38:33.018978 138297123722944 sift.cc:1686] Creating SIFT CPU feature matcher
I20260912 09:38:33.018996 138297090152128 sift.cc:1686] Creating SIFT CPU feature matcher
I20260912 09:38:33.019009 138297115330240 sift.cc:1686] Creating SIFT CPU feature matcher
I20260912 09:38:33.019058 138296999012032 sift.cc:1686] Creating SIFT CPU feature matcher
I20260912 09:38:33.019075 138297098544832 sift.cc:1686] Creating SIFT CPU feature matcher
I20260912 09:38:33.019093 138297007404736 sift.cc:1686] Creating SIFT CPU feature matcher
I20260912 09:38:33.019104 138296845919936 sift.cc:1686] Creating SIFT CPU feature matcher
I20260912 09:38:33.019187 138296820741824 sift.cc:1686] Creating SIFT CPU feature matcher
I20260912 09:38:33.019233 138296854312640 sift.cc:1686] Creating SIFT CPU feature matcher
I20260912 09:38:33.019268 138296722183872 sift.cc:1686] Creating SIFT CPU feature matcher
I20260912 09:38:33.019240 138296730576576 sift.cc:1686] Creating SIFT CPU feature matcher
I20260912 09:38:33.019281 138296829134528 sift.cc:1686] Creating SIFT CPU feature matcher
I20260912 09:38:33.019282 138296837527232 sift.cc:1686] Creating SIFT CPU feature matcher
I20260912 09:38:33.019321 138296705398464 sift.cc:1686] Creating SIFT CPU feature matcher
I20260912 09:38:33.019340 138296738969280 sift.cc:1686] Creating SIFT CPU feature matcher
I20260912 09:38:33.019371 138296604751552 sift.cc:1686] Creating SIFT CPU feature matcher
I20260912 09:38:33.019465 138296697005760 sift.cc:1686] Creating SIFT CPU feature matcher
I20260912 09:38:33.019467 138296713791168 sift.cc:1686] Creating SIFT CPU feature matcher
I20260912 09:38:33.019566 138296596358848 sift.cc:1686] Creating SIFT CPU feature matcher
I20260912 09:38:33.020123 138296688613056 pairing.cc:179] Generating exhaustive image pairs...
I20260912 09:38:33.020137 138296688613056 pairing.cc:212] Processing block [1/1, 1/1]
I20260912 09:38:33.055161 138296688613056 feature_matching.cc:218] in 0.035s
I20260912 09:38:33.055192 138296688613056 timer.cc:90] Elapsed time: 0.001 [minutes]
I20260912 09:38:33.071273 138302704840832 incremental_pipeline.cc:353] Loading database
I20260912 09:38:33.071311 138302704840832 database_cache.cc:73] Loading rigs...
I20260912 09:38:33.071335 138302704840832 database_cache.cc:83]  6 in 0.000s
I20260912 09:38:33.071341 138302704840832 database_cache.cc:91] Loading cameras...
I20260912 09:38:33.071361 138302704840832 database_cache.cc:109]  6 in 0.000s
I20260912 09:38:33.071364 138302704840832 database_cache.cc:117] Loading frames...
I20260912 09:38:33.071386 138302704840832 database_cache.cc:127]  6 in 0.000s
I20260912 09:38:33.071389 138302704840832 database_cache.cc:135] Loading matches...
I20260912 09:38:33.071405 138302704840832 database_cache.cc:140]  4 in 0.000s
I20260912 09:38:33.071408 138302704840832 database_cache.cc:148] Loading images...
I20260912 09:38:33.071540 138302704840832 database_cache.cc:245]  6 in 0.000s (connected 4, loaded 4)
I20260912 09:38:33.071545 138302704840832 database_cache.cc:259] Loading pose priors...
I20260912 09:38:33.071551 138302704840832 database_cache.cc:267]  0 in 0.000s
I20260912 09:38:33.071553 138302704840832 database_cache.cc:275] Building correspondence graph...
I20260912 09:38:33.071622 138302704840832 database_cache.cc:304]  in 0.000s (ignored 0)
I20260912 09:38:33.071624 138302704840832 timer.cc:90] Elapsed time: 0.000 [minutes]
I20260912 09:38:33.071665 138302704840832 incremental_pipeline.cc:465] Finding good initial image pair
I20260912 09:38:33.075550 138302704840832 incremental_pipeline.cc:492] Registering initial image pair #4 and #1
I20260912 09:38:33.075676 138302704840832 incremental_pipeline.cc:510] Global bundle adjustment
I20260912 09:38:33.076228 138302704840832 incremental_pipeline.cc:791] Discarding reconstruction due to bad initial pair
I20260912 09:38:33.076270 138302704840832 incremental_pipeline.cc:465] Finding good initial image pair
I20260912 09:38:33.077042 138302704840832 incremental_pipeline.cc:472] => No good initial image pair found.
I20260912 09:38:33.077046 138302704840832 incremental_pipeline.cc:800] Discarding reconstruction due to no initial pair
I20260912 09:38:33.077052 138302704840832 incremental_pipeline.cc:429] => Relaxing the initialization constraints.
I20260912 09:38:33.077066 138302704840832 incremental_pipeline.cc:465] Finding good initial image pair
I20260912 09:38:33.081356 138302704840832 incremental_pipeline.cc:492] Registering initial image pair #4 and #1
I20260912 09:38:33.081415 138302704840832 incremental_pipeline.cc:510] Global bundle adjustment
I20260912 09:38:33.081776 138302704840832 incremental_pipeline.cc:791] Discarding reconstruction due to bad initial pair
I20260912 09:38:33.081807 138302704840832 incremental_pipeline.cc:465] Finding good initial image pair
I20260912 09:38:33.082355 138302704840832 incremental_pipeline.cc:472] => No good initial image pair found.
I20260912 09:38:33.082357 138302704840832 incremental_pipeline.cc:800] Discarding reconstruction due to no initial pair
I20260912 09:38:33.082363 138302704840832 incremental_pipeline.cc:442] => Relaxing the initialization constraints.
I20260912 09:38:33.082374 138302704840832 incremental_pipeline.cc:465] Finding good initial image pair
I20260912 09:38:33.085492 138302704840832 incremental_pipeline.cc:492] Registering initial image pair #1 and #4
I20260912 09:38:33.085557 138302704840832 incremental_pipeline.cc:510] Global bundle adjustment
I20260912 09:38:33.085926 138302704840832 incremental_pipeline.cc:791] Discarding reconstruction due to bad initial pair
I20260912 09:38:33.085956 138302704840832 incremental_pipeline.cc:465] Finding good initial image pair
I20260912 09:38:33.086485 138302704840832 incremental_pipeline.cc:472] => No good initial image pair found.
I20260912 09:38:33.086487 138302704840832 incremental_pipeline.cc:800] Discarding reconstruction due to no initial pair
I20260912 09:38:33.086492 138302704840832 incremental_pipeline.cc:429] => Relaxing the initialization constraints.
I20260912 09:38:33.086503 138302704840832 incremental_pipeline.cc:465] Finding good initial image pair
I20260912 09:38:33.090586 138302704840832 incremental_pipeline.cc:492] Registering initial image pair #4 and #1
I20260912 09:38:33.090645 138302704840832 incremental_pipeline.cc:510] Global bundle adjustment
I20260912 09:38:33.091006 138302704840832 incremental_pipeline.cc:791] Discarding reconstruction due to bad initial pair
I20260912 09:38:33.091040 138302704840832 incremental_pipeline.cc:465] Finding good initial image pair
I20260912 09:38:33.091643 138302704840832 incremental_pipeline.cc:472] => No good initial image pair found.
I20260912 09:38:33.091646 138302704840832 incremental_pipeline.cc:800] Discarding reconstruction due to no initial pair
I20260912 09:38:33.091652 138302704840832 incremental_pipeline.cc:442] => Relaxing the initialization constraints.
I20260912 09:38:33.091662 138302704840832 incremental_pipeline.cc:465] Finding good initial image pair
I20260912 09:38:33.094314 138302704840832 incremental_pipeline.cc:492] Registering initial image pair #3 and #5
I20260912 09:38:33.094380 138302704840832 incremental_pipeline.cc:510] Global bundle adjustment
I20260912 09:38:33.094659 138302704840832 incremental_pipeline.cc:791] Discarding reconstruction due to bad initial pair
I20260912 09:38:33.094691 138302704840832 incremental_pipeline.cc:465] Finding good initial image pair
I20260912 09:38:33.095265 138302704840832 incremental_pipeline.cc:472] => No good initial image pair found.
I20260912 09:38:33.095270 138302704840832 incremental_pipeline.cc:800] Discarding reconstruction due to no initial pair
I20260912 09:38:33.095276 138302704840832 timer.cc:90] Elapsed time: 0.000 [minutes]
E20260912 09:38:33.095279 138302704840832 sfm.cc:310] Failed to create any sparse model
[38/40] toytruck/346_36113_66551  registered 0/6  FAILED  (0.3s)
W20260912 09:38:33.157291 138302704840832 feature_extraction.cc:445] Your current options use the maximum number of threads on the machine to extract features. Extracting SIFT features on the CPU can consume a lot of RAM per thread for large images. Consider reducing the maximum image size and/or the first octave or manually limit the number of extraction threads. Ignore this warning, if your machine has sufficient memory for the current settings.
I20260912 09:38:33.157459 138296579573440 feature_extraction.cc:498] === Feature extraction ===
I20260912 09:38:33.157885 138296562788032 sift.cc:765] Creating SIFT CPU feature extractor
I20260912 09:38:33.157901 138296554395328 sift.cc:765] Creating SIFT CPU feature extractor
I20260912 09:38:33.157926 138296462141120 sift.cc:765] Creating SIFT CPU feature extractor
I20260912 09:38:33.157944 138296453748416 sift.cc:765] Creating SIFT CPU feature extractor
I20260912 09:38:33.157954 138296445355712 sift.cc:765] Creating SIFT CPU feature extractor
I20260912 09:38:33.157971 138296436963008 sift.cc:765] Creating SIFT CPU feature extractor
I20260912 09:38:33.157983 138296428570304 sift.cc:765] Creating SIFT CPU feature extractor
I20260912 09:38:33.157998 138296420177600 sift.cc:765] Creating SIFT CPU feature extractor
I20260912 09:38:33.158013 138296336316096 sift.cc:765] Creating SIFT CPU feature extractor
I20260912 09:38:33.158012 138296470533824 sift.cc:765] Creating SIFT CPU feature extractor
I20260912 09:38:33.158027 138296327923392 sift.cc:765] Creating SIFT CPU feature extractor
I20260912 09:38:33.158043 138296319530688 sift.cc:765] Creating SIFT CPU feature extractor
I20260912 09:38:33.158055 138296311137984 sift.cc:765] Creating SIFT CPU feature extractor
I20260912 09:38:33.158069 138296302745280 sift.cc:765] Creating SIFT CPU feature extractor
I20260912 09:38:33.158086 138296294352576 sift.cc:765] Creating SIFT CPU feature extractor
I20260912 09:38:33.158102 138296285959872 sift.cc:765] Creating SIFT CPU feature extractor
I20260912 09:38:33.158114 138296202098368 sift.cc:765] Creating SIFT CPU feature extractor
I20260912 09:38:33.158131 138296193705664 sift.cc:765] Creating SIFT CPU feature extractor
I20260912 09:38:33.158145 138296185312960 sift.cc:765] Creating SIFT CPU feature extractor
I20260912 09:38:33.158157 138296176920256 sift.cc:765] Creating SIFT CPU feature extractor
I20260912 09:38:33.158173 138296168527552 sift.cc:765] Creating SIFT CPU feature extractor
I20260912 09:38:33.158186 138296160134848 sift.cc:765] Creating SIFT CPU feature extractor
I20260912 09:38:33.158202 138296151742144 sift.cc:765] Creating SIFT CPU feature extractor
I20260912 09:38:33.158219 138295933662912 sift.cc:765] Creating SIFT CPU feature extractor
I20260912 09:38:33.335422 138295925270208 feature_extraction.cc:270] Processed file [1/6]
I20260912 09:38:33.335480 138295925270208 feature_extraction.cc:273]   Name:            image_1.png
I20260912 09:38:33.335486 138295925270208 feature_extraction.cc:282]   Dimensions:      518 x 518
I20260912 09:38:33.335489 138295925270208 feature_extraction.cc:285]   Camera:          #1 - PINHOLE
I20260912 09:38:33.335493 138295925270208 feature_extraction.cc:289]   Focal Length:    586.28px (Prior)
I20260912 09:38:33.335503 138295925270208 feature_extraction.cc:294]   Features:        1391 (SIFT)
I20260912 09:38:33.349553 138295925270208 feature_extraction.cc:270] Processed file [2/6]
I20260912 09:38:33.349583 138295925270208 feature_extraction.cc:273]   Name:            image_3.png
I20260912 09:38:33.349587 138295925270208 feature_extraction.cc:282]   Dimensions:      518 x 518
I20260912 09:38:33.349590 138295925270208 feature_extraction.cc:285]   Camera:          #3 - PINHOLE
I20260912 09:38:33.349594 138295925270208 feature_extraction.cc:289]   Focal Length:    586.28px (Prior)
I20260912 09:38:33.349613 138295925270208 feature_extraction.cc:294]   Features:        1531 (SIFT)
I20260912 09:38:33.351718 138295925270208 feature_extraction.cc:270] Processed file [3/6]
I20260912 09:38:33.351737 138295925270208 feature_extraction.cc:273]   Name:            image_2.png
I20260912 09:38:33.351742 138295925270208 feature_extraction.cc:282]   Dimensions:      518 x 518
I20260912 09:38:33.351745 138295925270208 feature_extraction.cc:285]   Camera:          #2 - PINHOLE
I20260912 09:38:33.351748 138295925270208 feature_extraction.cc:289]   Focal Length:    586.28px (Prior)
I20260912 09:38:33.351754 138295925270208 feature_extraction.cc:294]   Features:        1692 (SIFT)
I20260912 09:38:33.359579 138295925270208 feature_extraction.cc:270] Processed file [4/6]
I20260912 09:38:33.359597 138295925270208 feature_extraction.cc:273]   Name:            image_5.png
I20260912 09:38:33.359602 138295925270208 feature_extraction.cc:282]   Dimensions:      518 x 518
I20260912 09:38:33.359605 138295925270208 feature_extraction.cc:285]   Camera:          #5 - PINHOLE
I20260912 09:38:33.359607 138295925270208 feature_extraction.cc:289]   Focal Length:    586.28px (Prior)
I20260912 09:38:33.359613 138295925270208 feature_extraction.cc:294]   Features:        1683 (SIFT)
I20260912 09:38:33.360776 138295925270208 feature_extraction.cc:270] Processed file [5/6]
I20260912 09:38:33.360793 138295925270208 feature_extraction.cc:273]   Name:            image_6.png
I20260912 09:38:33.360798 138295925270208 feature_extraction.cc:282]   Dimensions:      518 x 518
I20260912 09:38:33.360801 138295925270208 feature_extraction.cc:285]   Camera:          #6 - PINHOLE
I20260912 09:38:33.360804 138295925270208 feature_extraction.cc:289]   Focal Length:    586.28px (Prior)
I20260912 09:38:33.360809 138295925270208 feature_extraction.cc:294]   Features:        1662 (SIFT)
I20260912 09:38:33.365077 138295925270208 feature_extraction.cc:270] Processed file [6/6]
I20260912 09:38:33.365094 138295925270208 feature_extraction.cc:273]   Name:            image_4.png
I20260912 09:38:33.365099 138295925270208 feature_extraction.cc:282]   Dimensions:      518 x 518
I20260912 09:38:33.365101 138295925270208 feature_extraction.cc:285]   Camera:          #4 - PINHOLE
I20260912 09:38:33.365104 138295925270208 feature_extraction.cc:289]   Focal Length:    586.28px (Prior)
I20260912 09:38:33.365110 138295925270208 feature_extraction.cc:294]   Features:        2138 (SIFT)
I20260912 09:38:33.366228 138296579573440 timer.cc:90] Elapsed time: 0.003 [minutes]
I20260912 09:38:33.411262 138296579573440 feature_matching.cc:196] === Feature matching & geometric verification ===
I20260912 09:38:33.411518 138297115330240 sift.cc:1686] Creating SIFT CPU feature matcher
I20260912 09:38:33.411546 138295933662912 sift.cc:1686] Creating SIFT CPU feature matcher
I20260912 09:38:33.411518 138295925270208 sift.cc:1686] Creating SIFT CPU feature matcher
I20260912 09:38:33.411640 138297098544832 sift.cc:1686] Creating SIFT CPU feature matcher
I20260912 09:38:33.411577 138297123722944 sift.cc:1686] Creating SIFT CPU feature matcher
I20260912 09:38:33.411565 138297132115648 sift.cc:1686] Creating SIFT CPU feature matcher
I20260912 09:38:33.411714 138296151742144 sift.cc:1686] Creating SIFT CPU feature matcher
I20260912 09:38:33.411721 138297106937536 sift.cc:1686] Creating SIFT CPU feature matcher
I20260912 09:38:33.411644 138297007404736 sift.cc:1686] Creating SIFT CPU feature matcher
I20260912 09:38:33.411768 138296854312640 sift.cc:1686] Creating SIFT CPU feature matcher
I20260912 09:38:33.411757 138296837527232 sift.cc:1686] Creating SIFT CPU feature matcher
I20260912 09:38:33.411787 138296829134528 sift.cc:1686] Creating SIFT CPU feature matcher
I20260912 09:38:33.411786 138296999012032 sift.cc:1686] Creating SIFT CPU feature matcher
I20260912 09:38:33.411785 138296845919936 sift.cc:1686] Creating SIFT CPU feature matcher
I20260912 09:38:33.411789 138297090152128 sift.cc:1686] Creating SIFT CPU feature matcher
I20260912 09:38:33.411861 138296820741824 sift.cc:1686] Creating SIFT CPU feature matcher
I20260912 09:38:33.411978 138296738969280 sift.cc:1686] Creating SIFT CPU feature matcher
I20260912 09:38:33.412064 138296722183872 sift.cc:1686] Creating SIFT CPU feature matcher
I20260912 09:38:33.412070 138296705398464 sift.cc:1686] Creating SIFT CPU feature matcher
I20260912 09:38:33.412066 138296688613056 sift.cc:1686] Creating SIFT CPU feature matcher
I20260912 09:38:33.412069 138296730576576 sift.cc:1686] Creating SIFT CPU feature matcher
I20260912 09:38:33.412125 138296604751552 sift.cc:1686] Creating SIFT CPU feature matcher
I20260912 09:38:33.412127 138296697005760 sift.cc:1686] Creating SIFT CPU feature matcher
I20260912 09:38:33.412128 138296713791168 sift.cc:1686] Creating SIFT CPU feature matcher
I20260912 09:38:33.412737 138296579573440 pairing.cc:179] Generating exhaustive image pairs...
I20260912 09:38:33.412750 138296579573440 pairing.cc:212] Processing block [1/1, 1/1]
I20260912 09:38:33.461968 138296579573440 feature_matching.cc:218] in 0.049s
I20260912 09:38:33.462002 138296579573440 timer.cc:90] Elapsed time: 0.001 [minutes]
I20260912 09:38:33.514499 138302704840832 incremental_pipeline.cc:353] Loading database
I20260912 09:38:33.514555 138302704840832 database_cache.cc:73] Loading rigs...
I20260912 09:38:33.514580 138302704840832 database_cache.cc:83]  6 in 0.000s
I20260912 09:38:33.514589 138302704840832 database_cache.cc:91] Loading cameras...
I20260912 09:38:33.514602 138302704840832 database_cache.cc:109]  6 in 0.000s
I20260912 09:38:33.514605 138302704840832 database_cache.cc:117] Loading frames...
I20260912 09:38:33.514629 138302704840832 database_cache.cc:127]  6 in 0.000s
I20260912 09:38:33.514632 138302704840832 database_cache.cc:135] Loading matches...
I20260912 09:38:33.514664 138302704840832 database_cache.cc:140]  15 in 0.000s
I20260912 09:38:33.514667 138302704840832 database_cache.cc:148] Loading images...
I20260912 09:38:33.514919 138302704840832 database_cache.cc:245]  6 in 0.000s (connected 6, loaded 6)
I20260912 09:38:33.514925 138302704840832 database_cache.cc:259] Loading pose priors...
I20260912 09:38:33.514931 138302704840832 database_cache.cc:267]  0 in 0.000s
I20260912 09:38:33.514933 138302704840832 database_cache.cc:275] Building correspondence graph...
I20260912 09:38:33.515259 138302704840832 database_cache.cc:304]  in 0.000s (ignored 0)
I20260912 09:38:33.515264 138302704840832 timer.cc:90] Elapsed time: 0.000 [minutes]
I20260912 09:38:33.515343 138302704840832 incremental_pipeline.cc:465] Finding good initial image pair
I20260912 09:38:33.525282 138302704840832 incremental_pipeline.cc:492] Registering initial image pair #5 and #3
I20260912 09:38:33.525810 138302704840832 incremental_pipeline.cc:510] Global bundle adjustment
I20260912 09:38:33.532527 138302704840832 incremental_pipeline.cc:620] Registering image #1 (num_reg_frames=2)
I20260912 09:38:33.532533 138302704840832 incremental_pipeline.cc:623] => Image sees 67 / 482 points
I20260912 09:38:33.540021 138302704840832 incremental_pipeline.cc:88] Retriangulation and Global bundle adjustment
I20260912 09:38:33.548294 138302704840832 incremental_pipeline.cc:620] Registering image #4 (num_reg_frames=3)
I20260912 09:38:33.548299 138302704840832 incremental_pipeline.cc:623] => Image sees 94 / 271 points
I20260912 09:38:33.560638 138302704840832 incremental_pipeline.cc:88] Retriangulation and Global bundle adjustment
I20260912 09:38:33.564983 138302704840832 incremental_pipeline.cc:620] Registering image #6 (num_reg_frames=4)
I20260912 09:38:33.564988 138302704840832 incremental_pipeline.cc:623] => Image sees 102 / 336 points
I20260912 09:38:33.575108 138302704840832 incremental_pipeline.cc:88] Retriangulation and Global bundle adjustment
I20260912 09:38:33.581485 138302704840832 incremental_pipeline.cc:620] Registering image #2 (num_reg_frames=5)
I20260912 09:38:33.581490 138302704840832 incremental_pipeline.cc:623] => Image sees 56 / 190 points
I20260912 09:38:33.588671 138302704840832 incremental_pipeline.cc:88] Retriangulation and Global bundle adjustment
I20260912 09:38:33.592954 138302704840832 incremental_pipeline.cc:88] Retriangulation and Global bundle adjustment
I20260912 09:38:33.593923 138302704840832 incremental_pipeline.cc:826] Keeping successful reconstruction
I20260912 09:38:33.594278 138302704840832 timer.cc:90] Elapsed time: 0.001 [minutes]
[39/40] vase/374_41862_83720  registered 6/6  arm 5.89 deg -> refined 19.76 deg  (0.4s)
W20260912 09:38:33.736815 138302704840832 feature_extraction.cc:445] Your current options use the maximum number of threads on the machine to extract features. Extracting SIFT features on the CPU can consume a lot of RAM per thread for large images. Consider reducing the maximum image size and/or the first octave or manually limit the number of extraction threads. Ignore this warning, if your machine has sufficient memory for the current settings.
I20260912 09:38:33.736991 138296688613056 feature_extraction.cc:498] === Feature extraction ===
I20260912 09:38:33.737573 138296562788032 sift.cc:765] Creating SIFT CPU feature extractor
I20260912 09:38:33.737597 138296327923392 sift.cc:765] Creating SIFT CPU feature extractor
I20260912 09:38:33.737594 138296436963008 sift.cc:765] Creating SIFT CPU feature extractor
I20260912 09:38:33.737575 138296470533824 sift.cc:765] Creating SIFT CPU feature extractor
I20260912 09:38:33.737633 138296336316096 sift.cc:765] Creating SIFT CPU feature extractor
I20260912 09:38:33.737646 138296319530688 sift.cc:765] Creating SIFT CPU feature extractor
I20260912 09:38:33.737744 138296168527552 sift.cc:765] Creating SIFT CPU feature extractor
I20260912 09:38:33.737573 138296462141120 sift.cc:765] Creating SIFT CPU feature extractor
I20260912 09:38:33.737800 138296294352576 sift.cc:765] Creating SIFT CPU feature extractor
I20260912 09:38:33.737805 138296151742144 sift.cc:765] Creating SIFT CPU feature extractor
I20260912 09:38:33.737817 138296202098368 sift.cc:765] Creating SIFT CPU feature extractor
I20260912 09:38:33.737636 138296453748416 sift.cc:765] Creating SIFT CPU feature extractor
I20260912 09:38:33.737847 138296185312960 sift.cc:765] Creating SIFT CPU feature extractor
I20260912 09:38:33.737851 138296193705664 sift.cc:765] Creating SIFT CPU feature extractor
I20260912 09:38:33.737854 138296160134848 sift.cc:765] Creating SIFT CPU feature extractor
I20260912 09:38:33.737857 138296176920256 sift.cc:765] Creating SIFT CPU feature extractor
I20260912 09:38:33.737635 138296420177600 sift.cc:765] Creating SIFT CPU feature extractor
I20260912 09:38:33.737971 138295933662912 sift.cc:765] Creating SIFT CPU feature extractor
I20260912 09:38:33.737596 138296445355712 sift.cc:765] Creating SIFT CPU feature extractor
I20260912 09:38:33.737803 138296302745280 sift.cc:765] Creating SIFT CPU feature extractor
I20260912 09:38:33.737594 138296428570304 sift.cc:765] Creating SIFT CPU feature extractor
I20260912 09:38:33.737578 138296554395328 sift.cc:765] Creating SIFT CPU feature extractor
I20260912 09:38:33.737801 138296311137984 sift.cc:765] Creating SIFT CPU feature extractor
I20260912 09:38:33.737855 138296285959872 sift.cc:765] Creating SIFT CPU feature extractor
I20260912 09:38:33.936210 138295925270208 feature_extraction.cc:270] Processed file [1/6]
I20260912 09:38:33.936264 138295925270208 feature_extraction.cc:273]   Name:            image_5.png
I20260912 09:38:33.936269 138295925270208 feature_extraction.cc:282]   Dimensions:      518 x 518
I20260912 09:38:33.936272 138295925270208 feature_extraction.cc:285]   Camera:          #5 - PINHOLE
I20260912 09:38:33.936276 138295925270208 feature_extraction.cc:289]   Focal Length:    576.15px (Prior)
I20260912 09:38:33.936286 138295925270208 feature_extraction.cc:294]   Features:        1792 (SIFT)
I20260912 09:38:33.939508 138295925270208 feature_extraction.cc:270] Processed file [2/6]
I20260912 09:38:33.939523 138295925270208 feature_extraction.cc:273]   Name:            image_2.png
I20260912 09:38:33.939526 138295925270208 feature_extraction.cc:282]   Dimensions:      518 x 518
I20260912 09:38:33.939533 138295925270208 feature_extraction.cc:285]   Camera:          #2 - PINHOLE
I20260912 09:38:33.939542 138295925270208 feature_extraction.cc:289]   Focal Length:    576.15px (Prior)
I20260912 09:38:33.939548 138295925270208 feature_extraction.cc:294]   Features:        2112 (SIFT)
I20260912 09:38:33.943442 138295925270208 feature_extraction.cc:270] Processed file [3/6]
I20260912 09:38:33.943458 138295925270208 feature_extraction.cc:273]   Name:            image_1.png
I20260912 09:38:33.943461 138295925270208 feature_extraction.cc:282]   Dimensions:      518 x 518
I20260912 09:38:33.943462 138295925270208 feature_extraction.cc:285]   Camera:          #1 - PINHOLE
I20260912 09:38:33.943464 138295925270208 feature_extraction.cc:289]   Focal Length:    576.15px (Prior)
I20260912 09:38:33.943468 138295925270208 feature_extraction.cc:294]   Features:        2436 (SIFT)
I20260912 09:38:33.958671 138295925270208 feature_extraction.cc:270] Processed file [4/6]
I20260912 09:38:33.958694 138295925270208 feature_extraction.cc:273]   Name:            image_3.png
I20260912 09:38:33.958699 138295925270208 feature_extraction.cc:282]   Dimensions:      518 x 518
I20260912 09:38:33.958702 138295925270208 feature_extraction.cc:285]   Camera:          #3 - PINHOLE
I20260912 09:38:33.958705 138295925270208 feature_extraction.cc:289]   Focal Length:    576.15px (Prior)
I20260912 09:38:33.958715 138295925270208 feature_extraction.cc:294]   Features:        2418 (SIFT)
I20260912 09:38:33.979799 138295925270208 feature_extraction.cc:270] Processed file [5/6]
I20260912 09:38:33.979834 138295925270208 feature_extraction.cc:273]   Name:            image_6.png
I20260912 09:38:33.979838 138295925270208 feature_extraction.cc:282]   Dimensions:      518 x 518
I20260912 09:38:33.979841 138295925270208 feature_extraction.cc:285]   Camera:          #6 - PINHOLE
I20260912 09:38:33.979845 138295925270208 feature_extraction.cc:289]   Focal Length:    576.15px (Prior)
I20260912 09:38:33.979853 138295925270208 feature_extraction.cc:294]   Features:        3126 (SIFT)
I20260912 09:38:33.983204 138295925270208 feature_extraction.cc:270] Processed file [6/6]
I20260912 09:38:33.983218 138295925270208 feature_extraction.cc:273]   Name:            image_4.png
I20260912 09:38:33.983221 138295925270208 feature_extraction.cc:282]   Dimensions:      518 x 518
I20260912 09:38:33.983224 138295925270208 feature_extraction.cc:285]   Camera:          #4 - PINHOLE
I20260912 09:38:33.983227 138295925270208 feature_extraction.cc:289]   Focal Length:    576.15px (Prior)
I20260912 09:38:33.983232 138295925270208 feature_extraction.cc:294]   Features:        3414 (SIFT)
I20260912 09:38:33.986223 138296688613056 timer.cc:90] Elapsed time: 0.004 [minutes]
I20260912 09:38:33.991646 138296688613056 feature_matching.cc:196] === Feature matching & geometric verification ===
I20260912 09:38:33.991839 138295933662912 sift.cc:1686] Creating SIFT CPU feature matcher
I20260912 09:38:33.991855 138295925270208 sift.cc:1686] Creating SIFT CPU feature matcher
I20260912 09:38:33.991872 138296151742144 sift.cc:1686] Creating SIFT CPU feature matcher
I20260912 09:38:33.991874 138297115330240 sift.cc:1686] Creating SIFT CPU feature matcher
I20260912 09:38:33.991921 138297123722944 sift.cc:1686] Creating SIFT CPU feature matcher
I20260912 09:38:33.991933 138297106937536 sift.cc:1686] Creating SIFT CPU feature matcher
I20260912 09:38:33.991970 138297007404736 sift.cc:1686] Creating SIFT CPU feature matcher
I20260912 09:38:33.991972 138297098544832 sift.cc:1686] Creating SIFT CPU feature matcher
I20260912 09:38:33.991980 138297132115648 sift.cc:1686] Creating SIFT CPU feature matcher
I20260912 09:38:33.992003 138297090152128 sift.cc:1686] Creating SIFT CPU feature matcher
I20260912 09:38:33.992011 138296854312640 sift.cc:1686] Creating SIFT CPU feature matcher
I20260912 09:38:33.992068 138296999012032 sift.cc:1686] Creating SIFT CPU feature matcher
I20260912 09:38:33.992149 138296820741824 sift.cc:1686] Creating SIFT CPU feature matcher
I20260912 09:38:33.992203 138296837527232 sift.cc:1686] Creating SIFT CPU feature matcher
I20260912 09:38:33.992227 138296829134528 sift.cc:1686] Creating SIFT CPU feature matcher
I20260912 09:38:33.992259 138296738969280 sift.cc:1686] Creating SIFT CPU feature matcher
I20260912 09:38:33.992276 138296713791168 sift.cc:1686] Creating SIFT CPU feature matcher
I20260912 09:38:33.992298 138296705398464 sift.cc:1686] Creating SIFT CPU feature matcher
I20260912 09:38:33.992205 138296730576576 sift.cc:1686] Creating SIFT CPU feature matcher
I20260912 09:38:33.992340 138296604751552 sift.cc:1686] Creating SIFT CPU feature matcher
I20260912 09:38:33.992304 138296596358848 sift.cc:1686] Creating SIFT CPU feature matcher
I20260912 09:38:33.992206 138296845919936 sift.cc:1686] Creating SIFT CPU feature matcher
I20260912 09:38:33.992344 138296697005760 sift.cc:1686] Creating SIFT CPU feature matcher
I20260912 09:38:33.992264 138296722183872 sift.cc:1686] Creating SIFT CPU feature matcher
I20260912 09:38:33.992986 138296688613056 pairing.cc:179] Generating exhaustive image pairs...
I20260912 09:38:33.992998 138296688613056 pairing.cc:212] Processing block [1/1, 1/1]
I20260912 09:38:34.070198 138296688613056 feature_matching.cc:218] in 0.077s
I20260912 09:38:34.070227 138296688613056 timer.cc:90] Elapsed time: 0.001 [minutes]
I20260912 09:38:34.094833 138302704840832 incremental_pipeline.cc:353] Loading database
I20260912 09:38:34.094871 138302704840832 database_cache.cc:73] Loading rigs...
I20260912 09:38:34.094888 138302704840832 database_cache.cc:83]  6 in 0.000s
I20260912 09:38:34.094895 138302704840832 database_cache.cc:91] Loading cameras...
I20260912 09:38:34.094903 138302704840832 database_cache.cc:109]  6 in 0.000s
I20260912 09:38:34.094905 138302704840832 database_cache.cc:117] Loading frames...
I20260912 09:38:34.094921 138302704840832 database_cache.cc:127]  6 in 0.000s
I20260912 09:38:34.094923 138302704840832 database_cache.cc:135] Loading matches...
I20260912 09:38:34.094931 138302704840832 database_cache.cc:140]  1 in 0.000s
I20260912 09:38:34.094933 138302704840832 database_cache.cc:148] Loading images...
I20260912 09:38:34.095016 138302704840832 database_cache.cc:245]  6 in 0.000s (connected 2, loaded 2)
I20260912 09:38:34.095018 138302704840832 database_cache.cc:259] Loading pose priors...
I20260912 09:38:34.095022 138302704840832 database_cache.cc:267]  0 in 0.000s
I20260912 09:38:34.095023 138302704840832 database_cache.cc:275] Building correspondence graph...
I20260912 09:38:34.095056 138302704840832 database_cache.cc:304]  in 0.000s (ignored 0)
I20260912 09:38:34.095058 138302704840832 timer.cc:90] Elapsed time: 0.000 [minutes]
I20260912 09:38:34.095096 138302704840832 incremental_pipeline.cc:465] Finding good initial image pair
I20260912 09:38:34.098158 138302704840832 incremental_pipeline.cc:492] Registering initial image pair #5 and #3
I20260912 09:38:34.098269 138302704840832 incremental_pipeline.cc:791] Discarding reconstruction due to bad initial pair
I20260912 09:38:34.098323 138302704840832 incremental_pipeline.cc:465] Finding good initial image pair
I20260912 09:38:34.099283 138302704840832 incremental_pipeline.cc:472] => No good initial image pair found.
I20260912 09:38:34.099296 138302704840832 incremental_pipeline.cc:800] Discarding reconstruction due to no initial pair
I20260912 09:38:34.099303 138302704840832 incremental_pipeline.cc:429] => Relaxing the initialization constraints.
I20260912 09:38:34.099314 138302704840832 incremental_pipeline.cc:465] Finding good initial image pair
I20260912 09:38:34.101911 138302704840832 incremental_pipeline.cc:492] Registering initial image pair #5 and #3
I20260912 09:38:34.102008 138302704840832 incremental_pipeline.cc:791] Discarding reconstruction due to bad initial pair
I20260912 09:38:34.102051 138302704840832 incremental_pipeline.cc:465] Finding good initial image pair
I20260912 09:38:34.103033 138302704840832 incremental_pipeline.cc:472] => No good initial image pair found.
I20260912 09:38:34.103038 138302704840832 incremental_pipeline.cc:800] Discarding reconstruction due to no initial pair
I20260912 09:38:34.103043 138302704840832 incremental_pipeline.cc:442] => Relaxing the initialization constraints.
I20260912 09:38:34.103056 138302704840832 incremental_pipeline.cc:465] Finding good initial image pair
I20260912 09:38:34.107507 138302704840832 incremental_pipeline.cc:492] Registering initial image pair #5 and #3
I20260912 09:38:34.107613 138302704840832 incremental_pipeline.cc:791] Discarding reconstruction due to bad initial pair
I20260912 09:38:34.107659 138302704840832 incremental_pipeline.cc:465] Finding good initial image pair
I20260912 09:38:34.108248 138302704840832 incremental_pipeline.cc:472] => No good initial image pair found.
I20260912 09:38:34.108252 138302704840832 incremental_pipeline.cc:800] Discarding reconstruction due to no initial pair
I20260912 09:38:34.108258 138302704840832 incremental_pipeline.cc:429] => Relaxing the initialization constraints.
I20260912 09:38:34.108269 138302704840832 incremental_pipeline.cc:465] Finding good initial image pair
I20260912 09:38:34.111398 138302704840832 incremental_pipeline.cc:492] Registering initial image pair #5 and #3
I20260912 09:38:34.111498 138302704840832 incremental_pipeline.cc:791] Discarding reconstruction due to bad initial pair
I20260912 09:38:34.111546 138302704840832 incremental_pipeline.cc:465] Finding good initial image pair
I20260912 09:38:34.112254 138302704840832 incremental_pipeline.cc:472] => No good initial image pair found.
I20260912 09:38:34.112258 138302704840832 incremental_pipeline.cc:800] Discarding reconstruction due to no initial pair
I20260912 09:38:34.112264 138302704840832 incremental_pipeline.cc:442] => Relaxing the initialization constraints.
I20260912 09:38:34.112275 138302704840832 incremental_pipeline.cc:465] Finding good initial image pair
I20260912 09:38:34.114520 138302704840832 incremental_pipeline.cc:492] Registering initial image pair #5 and #3
I20260912 09:38:34.114618 138302704840832 incremental_pipeline.cc:791] Discarding reconstruction due to bad initial pair
I20260912 09:38:34.114661 138302704840832 incremental_pipeline.cc:465] Finding good initial image pair
I20260912 09:38:34.115271 138302704840832 incremental_pipeline.cc:472] => No good initial image pair found.
I20260912 09:38:34.115274 138302704840832 incremental_pipeline.cc:800] Discarding reconstruction due to no initial pair
I20260912 09:38:34.115279 138302704840832 timer.cc:90] Elapsed time: 0.000 [minutes]
E20260912 09:38:34.115283 138302704840832 sfm.cc:310] Failed to create any sparse model
[40/40] vase/380_44863_89631  registered 0/6  FAILED  (0.4s)

================================================================================================
POSE REFINEMENT by COLMAP on the six input images, arm w4a4_rtn
  usable (>= 4 of 6 images registered): 7/40 scenes; registered-image counts: 0:28, 2:3, 3:2, 4:1, 5:1, 6:5
  vs_full: arm median 5.878 deg -> refined 19.757 deg; improved in 1/7, Wilcoxon p=0.0781; under 4 deg: arm 1 -> refined 2
  vs_gt: arm median 4.842 deg -> refined 19.332 deg; improved in 1/7, Wilcoxon p=0.0781; under 4 deg: arm 2 -> refined 0
  reference: full precision's own error vs GT, same scenes, median 1.223 deg

saved /var/tmp/luli38se/quantsplat/oracle_sweep/results/pose_refine_w4a4_rtn.json
