device=cuda  torch=2.3.1+cu121
gpu=NVIDIA RTX 4000 Ada Generation  total=19.5 GiB
loading VGGT from /home/utn/luli38se/cv/QuantVGGT/VGGT-1B/model_tracker_fixed_e20.pt ...
  loaded in 6.2s
loading calibration set from /var/tmp/luli38se/quantsplat/models/QuantVGGT/calib_data.pt ...
  42 samples in 0.5s
W-bit=4  A-bit=4
smooth=True  rot=True  LWC=True  LAC=True
epochs=15  nsamples=42  cali_bsz=1
exp_dir=/home/utn/luli38se/cv/QuantVGGT/evaluation/outputs/w4a4/a44_local_model_tracker_fixed_e20.pt_sym
2026-09-09 05:03:50 [INFO] my_app: Initial Memory Stats:
2026-09-09 05:03:50 [INFO] my_app: Allocated: 8553.28 MB
2026-09-09 05:03:50 [INFO] my_app: Reserved/Cached: 18396.00 MB
2026-09-09 05:03:50 [INFO] my_app: Max Allocated: 13552.02 MB
2026-09-09 05:03:50 [INFO] my_app: Max Reserved: 18396.00 MB
2026-09-09 05:04:33 [INFO] my_app: ========= frame_Layer_0 =========
2026-09-09 05:04:33 [INFO] my_app: Before frame_Layer_0 Memory Stats:
2026-09-09 05:04:33 [INFO] my_app: Allocated: 7431.71 MB
2026-09-09 05:04:33 [INFO] my_app: Reserved/Cached: 7626.00 MB
2026-09-09 05:04:33 [INFO] my_app: Max Allocated: 13552.02 MB
2026-09-09 05:04:33 [INFO] my_app: Max Reserved: 18402.00 MB
2026-09-09 05:04:39 [INFO] my_app: Layer 0 Epoch 0 Start Memory Stats:
2026-09-09 05:04:39 [INFO] my_app: Allocated: 7431.71 MB
2026-09-09 05:04:39 [INFO] my_app: Reserved/Cached: 7626.00 MB
2026-09-09 05:04:39 [INFO] my_app: Max Allocated: 13552.02 MB
2026-09-09 05:04:39 [INFO] my_app: Max Reserved: 18402.00 MB
2026-09-09 05:04:58 [INFO] my_app: layer:[0] , lwc lac iter:[0], lr:[0.00098908] ,time:[18.144169]s, mse: [0.00001791]
2026-09-09 05:05:15 [INFO] my_app: layer:[0] , lwc lac iter:[1], lr:[0.00095682] ,time:[17.186254]s, mse: [0.00001642]
2026-09-09 05:05:32 [INFO] my_app: layer:[0] , lwc lac iter:[2], lr:[0.00090460] ,time:[17.211179]s, mse: [0.00001448]
2026-09-09 05:05:49 [INFO] my_app: layer:[0] , lwc lac iter:[3], lr:[0.00083473] ,time:[17.216273]s, mse: [0.00001288]
2026-09-09 05:06:06 [INFO] my_app: layer:[0] , lwc lac iter:[4], lr:[0.00075025] ,time:[17.204492]s, mse: [0.00001155]
2026-09-09 05:06:24 [INFO] my_app: layer:[0] , lwc lac iter:[5], lr:[0.00065485] ,time:[17.205401]s, mse: [0.00001051]
2026-09-09 05:06:41 [INFO] my_app: layer:[0] , lwc lac iter:[6], lr:[0.00055271] ,time:[17.233088]s, mse: [0.00000967]
2026-09-09 05:06:58 [INFO] my_app: layer:[0] , lwc lac iter:[7], lr:[0.00044829] ,time:[17.216846]s, mse: [0.00000930]
2026-09-09 05:07:15 [INFO] my_app: layer:[0] , lwc lac iter:[8], lr:[0.00034615] ,time:[17.218593]s, mse: [0.00000909]
2026-09-09 05:07:33 [INFO] my_app: layer:[0] , lwc lac iter:[9], lr:[0.00025075] ,time:[17.237821]s, mse: [0.00000887]
2026-09-09 05:07:50 [INFO] my_app: layer:[0] , lwc lac iter:[10], lr:[0.00016627] ,time:[17.244303]s, mse: [0.00000880]
2026-09-09 05:08:07 [INFO] my_app: layer:[0] , lwc lac iter:[11], lr:[0.00009640] ,time:[17.241399]s, mse: [0.00000871]
2026-09-09 05:08:24 [INFO] my_app: layer:[0] , lwc lac iter:[12], lr:[0.00004418] ,time:[17.246443]s, mse: [0.00000867]
2026-09-09 05:08:42 [INFO] my_app: layer:[0] , lwc lac iter:[13], lr:[0.00001192] ,time:[17.251430]s, mse: [0.00000864]
2026-09-09 05:08:59 [INFO] my_app: layer:[0] , lwc lac iter:[14], lr:[0.00000100] ,time:[17.263775]s, mse: [0.00000863]
2026-09-09 05:09:00 [INFO] my_app: saved parameters for layer 0 at /home/utn/luli38se/cv/QuantVGGT/evaluation/outputs/w4a4/a44_local_model_tracker_fixed_e20.pt_sym/qs_frame_parameters_layer_0.pth
2026-09-09 05:09:00 [INFO] my_app: After frame_Layer_0 Memory Stats:
2026-09-09 05:09:00 [INFO] my_app: Allocated: 7369.84 MB
2026-09-09 05:09:00 [INFO] my_app: Reserved/Cached: 7608.00 MB
2026-09-09 05:09:00 [INFO] my_app: Max Allocated: 13552.02 MB
2026-09-09 05:09:00 [INFO] my_app: Max Reserved: 18402.00 MB
2026-09-09 05:09:00 [INFO] my_app: ========= global_Layer_0 =========
2026-09-09 05:09:00 [INFO] my_app: Before global_Layer_0 Memory Stats:
2026-09-09 05:09:00 [INFO] my_app: Allocated: 7315.64 MB
2026-09-09 05:09:00 [INFO] my_app: Reserved/Cached: 7608.00 MB
2026-09-09 05:09:00 [INFO] my_app: Max Allocated: 13552.02 MB
2026-09-09 05:09:00 [INFO] my_app: Max Reserved: 18402.00 MB
2026-09-09 05:09:03 [INFO] my_app: Layer 0 Epoch 0 Start Memory Stats:
2026-09-09 05:09:03 [INFO] my_app: Allocated: 7315.64 MB
2026-09-09 05:09:03 [INFO] my_app: Reserved/Cached: 7554.00 MB
2026-09-09 05:09:03 [INFO] my_app: Max Allocated: 13552.02 MB
2026-09-09 05:09:03 [INFO] my_app: Max Reserved: 18402.00 MB
2026-09-09 05:09:20 [INFO] my_app: layer:[0] , lwc lac iter:[0], lr:[0.00098908] ,time:[17.224272]s, mse: [0.00000799]
2026-09-09 05:09:38 [INFO] my_app: layer:[0] , lwc lac iter:[1], lr:[0.00095682] ,time:[17.233932]s, mse: [0.00000714]
2026-09-09 05:09:55 [INFO] my_app: layer:[0] , lwc lac iter:[2], lr:[0.00090460] ,time:[17.253777]s, mse: [0.00000663]
2026-09-09 05:10:12 [INFO] my_app: layer:[0] , lwc lac iter:[3], lr:[0.00083473] ,time:[17.261109]s, mse: [0.00000632]
2026-09-09 05:10:29 [INFO] my_app: layer:[0] , lwc lac iter:[4], lr:[0.00075025] ,time:[17.265210]s, mse: [0.00000586]
2026-09-09 05:10:47 [INFO] my_app: layer:[0] , lwc lac iter:[5], lr:[0.00065485] ,time:[17.288830]s, mse: [0.00000550]
2026-09-09 05:11:04 [INFO] my_app: layer:[0] , lwc lac iter:[6], lr:[0.00055271] ,time:[17.266151]s, mse: [0.00000532]
2026-09-09 05:11:21 [INFO] my_app: layer:[0] , lwc lac iter:[7], lr:[0.00044829] ,time:[17.272268]s, mse: [0.00000508]
2026-09-09 05:11:39 [INFO] my_app: layer:[0] , lwc lac iter:[8], lr:[0.00034615] ,time:[17.283316]s, mse: [0.00000493]
2026-09-09 05:11:56 [INFO] my_app: layer:[0] , lwc lac iter:[9], lr:[0.00025075] ,time:[17.282694]s, mse: [0.00000482]
2026-09-09 05:12:13 [INFO] my_app: layer:[0] , lwc lac iter:[10], lr:[0.00016627] ,time:[17.270541]s, mse: [0.00000475]
2026-09-09 05:12:30 [INFO] my_app: layer:[0] , lwc lac iter:[11], lr:[0.00009640] ,time:[17.260642]s, mse: [0.00000472]
2026-09-09 05:12:48 [INFO] my_app: layer:[0] , lwc lac iter:[12], lr:[0.00004418] ,time:[17.282096]s, mse: [0.00000469]
2026-09-09 05:13:05 [INFO] my_app: layer:[0] , lwc lac iter:[13], lr:[0.00001192] ,time:[17.265105]s, mse: [0.00000466]
2026-09-09 05:13:22 [INFO] my_app: layer:[0] , lwc lac iter:[14], lr:[0.00000100] ,time:[17.276299]s, mse: [0.00000466]
2026-09-09 05:13:23 [INFO] my_app: saved parameters for layer 0 at /home/utn/luli38se/cv/QuantVGGT/evaluation/outputs/w4a4/a44_local_model_tracker_fixed_e20.pt_sym/qs_global_parameters_layer_0.pth
2026-09-09 05:13:23 [INFO] my_app: After global_Layer_0 Memory Stats:
2026-09-09 05:13:23 [INFO] my_app: Allocated: 7245.65 MB
2026-09-09 05:13:23 [INFO] my_app: Reserved/Cached: 7496.00 MB
2026-09-09 05:13:23 [INFO] my_app: Max Allocated: 13552.02 MB
2026-09-09 05:13:23 [INFO] my_app: Max Reserved: 18402.00 MB
2026-09-09 05:13:23 [INFO] my_app: ========= frame_Layer_1 =========
2026-09-09 05:13:23 [INFO] my_app: Before frame_Layer_1 Memory Stats:
2026-09-09 05:13:23 [INFO] my_app: Allocated: 7191.45 MB
2026-09-09 05:13:23 [INFO] my_app: Reserved/Cached: 7496.00 MB
2026-09-09 05:13:23 [INFO] my_app: Max Allocated: 13552.02 MB
2026-09-09 05:13:23 [INFO] my_app: Max Reserved: 18402.00 MB
2026-09-09 05:13:26 [INFO] my_app: Layer 1 Epoch 0 Start Memory Stats:
2026-09-09 05:13:26 [INFO] my_app: Allocated: 7191.45 MB
2026-09-09 05:13:26 [INFO] my_app: Reserved/Cached: 7442.00 MB
2026-09-09 05:13:26 [INFO] my_app: Max Allocated: 13552.02 MB
2026-09-09 05:13:26 [INFO] my_app: Max Reserved: 18402.00 MB
2026-09-09 05:13:44 [INFO] my_app: layer:[1] , lwc lac iter:[0], lr:[0.00098908] ,time:[17.215935]s, mse: [0.00002105]
2026-09-09 05:14:01 [INFO] my_app: layer:[1] , lwc lac iter:[1], lr:[0.00095682] ,time:[17.256266]s, mse: [0.00001914]
2026-09-09 05:14:18 [INFO] my_app: layer:[1] , lwc lac iter:[2], lr:[0.00090460] ,time:[17.271142]s, mse: [0.00001739]
2026-09-09 05:14:35 [INFO] my_app: layer:[1] , lwc lac iter:[3], lr:[0.00083473] ,time:[17.274159]s, mse: [0.00001649]
2026-09-09 05:14:53 [INFO] my_app: layer:[1] , lwc lac iter:[4], lr:[0.00075025] ,time:[17.267235]s, mse: [0.00001532]
2026-09-09 05:15:10 [INFO] my_app: layer:[1] , lwc lac iter:[5], lr:[0.00065485] ,time:[17.281956]s, mse: [0.00001414]
2026-09-09 05:15:27 [INFO] my_app: layer:[1] , lwc lac iter:[6], lr:[0.00055271] ,time:[17.282062]s, mse: [0.00001313]
2026-09-09 05:15:45 [INFO] my_app: layer:[1] , lwc lac iter:[7], lr:[0.00044829] ,time:[17.289510]s, mse: [0.00001252]
2026-09-09 05:16:02 [INFO] my_app: layer:[1] , lwc lac iter:[8], lr:[0.00034615] ,time:[17.279595]s, mse: [0.00001219]
2026-09-09 05:16:19 [INFO] my_app: layer:[1] , lwc lac iter:[9], lr:[0.00025075] ,time:[17.275293]s, mse: [0.00001191]
2026-09-09 05:16:36 [INFO] my_app: layer:[1] , lwc lac iter:[10], lr:[0.00016627] ,time:[17.266428]s, mse: [0.00001179]
2026-09-09 05:16:54 [INFO] my_app: layer:[1] , lwc lac iter:[11], lr:[0.00009640] ,time:[17.283171]s, mse: [0.00001178]
2026-09-09 05:17:11 [INFO] my_app: layer:[1] , lwc lac iter:[12], lr:[0.00004418] ,time:[17.278607]s, mse: [0.00001178]
2026-09-09 05:17:28 [INFO] my_app: layer:[1] , lwc lac iter:[13], lr:[0.00001192] ,time:[17.272304]s, mse: [0.00001171]
2026-09-09 05:17:46 [INFO] my_app: layer:[1] , lwc lac iter:[14], lr:[0.00000100] ,time:[17.294466]s, mse: [0.00001175]
2026-09-09 05:17:46 [INFO] my_app: saved parameters for layer 1 at /home/utn/luli38se/cv/QuantVGGT/evaluation/outputs/w4a4/a44_local_model_tracker_fixed_e20.pt_sym/qs_frame_parameters_layer_1.pth
2026-09-09 05:17:46 [INFO] my_app: After frame_Layer_1 Memory Stats:
2026-09-09 05:17:46 [INFO] my_app: Allocated: 7121.45 MB
2026-09-09 05:17:46 [INFO] my_app: Reserved/Cached: 7384.00 MB
2026-09-09 05:17:46 [INFO] my_app: Max Allocated: 13552.02 MB
2026-09-09 05:17:46 [INFO] my_app: Max Reserved: 18402.00 MB
2026-09-09 05:17:46 [INFO] my_app: ========= global_Layer_1 =========
2026-09-09 05:17:46 [INFO] my_app: Before global_Layer_1 Memory Stats:
2026-09-09 05:17:46 [INFO] my_app: Allocated: 7067.25 MB
2026-09-09 05:17:46 [INFO] my_app: Reserved/Cached: 7384.00 MB
2026-09-09 05:17:46 [INFO] my_app: Max Allocated: 13552.02 MB
2026-09-09 05:17:46 [INFO] my_app: Max Reserved: 18402.00 MB
2026-09-09 05:17:50 [INFO] my_app: Layer 1 Epoch 0 Start Memory Stats:
2026-09-09 05:17:50 [INFO] my_app: Allocated: 7067.25 MB
2026-09-09 05:17:50 [INFO] my_app: Reserved/Cached: 7330.00 MB
2026-09-09 05:17:50 [INFO] my_app: Max Allocated: 13552.02 MB
2026-09-09 05:17:50 [INFO] my_app: Max Reserved: 18402.00 MB
2026-09-09 05:18:07 [INFO] my_app: layer:[1] , lwc lac iter:[0], lr:[0.00098908] ,time:[17.190854]s, mse: [0.00002571]
2026-09-09 05:18:24 [INFO] my_app: layer:[1] , lwc lac iter:[1], lr:[0.00095682] ,time:[17.229922]s, mse: [0.00002344]
2026-09-09 05:18:41 [INFO] my_app: layer:[1] , lwc lac iter:[2], lr:[0.00090460] ,time:[17.240019]s, mse: [0.00002165]
2026-09-09 05:18:59 [INFO] my_app: layer:[1] , lwc lac iter:[3], lr:[0.00083473] ,time:[17.227701]s, mse: [0.00002000]
2026-09-09 05:19:16 [INFO] my_app: layer:[1] , lwc lac iter:[4], lr:[0.00075025] ,time:[17.230525]s, mse: [0.00001822]
2026-09-09 05:19:33 [INFO] my_app: layer:[1] , lwc lac iter:[5], lr:[0.00065485] ,time:[17.225936]s, mse: [0.00001673]
2026-09-09 05:19:50 [INFO] my_app: layer:[1] , lwc lac iter:[6], lr:[0.00055271] ,time:[17.251526]s, mse: [0.00001559]
2026-09-09 05:20:08 [INFO] my_app: layer:[1] , lwc lac iter:[7], lr:[0.00044829] ,time:[17.221945]s, mse: [0.00001501]
2026-09-09 05:20:25 [INFO] my_app: layer:[1] , lwc lac iter:[8], lr:[0.00034615] ,time:[17.246617]s, mse: [0.00001477]
2026-09-09 05:20:42 [INFO] my_app: layer:[1] , lwc lac iter:[9], lr:[0.00025075] ,time:[17.277802]s, mse: [0.00001458]
2026-09-09 05:20:59 [INFO] my_app: layer:[1] , lwc lac iter:[10], lr:[0.00016627] ,time:[17.237212]s, mse: [0.00001455]
2026-09-09 05:21:17 [INFO] my_app: layer:[1] , lwc lac iter:[11], lr:[0.00009640] ,time:[17.242145]s, mse: [0.00001456]
2026-09-09 05:21:34 [INFO] my_app: layer:[1] , lwc lac iter:[12], lr:[0.00004418] ,time:[17.241453]s, mse: [0.00001454]
2026-09-09 05:21:51 [INFO] my_app: layer:[1] , lwc lac iter:[13], lr:[0.00001192] ,time:[17.246478]s, mse: [0.00001449]
2026-09-09 05:22:08 [INFO] my_app: layer:[1] , lwc lac iter:[14], lr:[0.00000100] ,time:[17.244421]s, mse: [0.00001447]
2026-09-09 05:22:09 [INFO] my_app: saved parameters for layer 1 at /home/utn/luli38se/cv/QuantVGGT/evaluation/outputs/w4a4/a44_local_model_tracker_fixed_e20.pt_sym/qs_global_parameters_layer_1.pth
2026-09-09 05:22:09 [INFO] my_app: After global_Layer_1 Memory Stats:
2026-09-09 05:22:09 [INFO] my_app: Allocated: 6997.26 MB
2026-09-09 05:22:09 [INFO] my_app: Reserved/Cached: 7272.00 MB
2026-09-09 05:22:09 [INFO] my_app: Max Allocated: 13552.02 MB
2026-09-09 05:22:09 [INFO] my_app: Max Reserved: 18402.00 MB
2026-09-09 05:22:09 [INFO] my_app: ========= frame_Layer_2 =========
2026-09-09 05:22:09 [INFO] my_app: Before frame_Layer_2 Memory Stats:
2026-09-09 05:22:09 [INFO] my_app: Allocated: 6943.06 MB
2026-09-09 05:22:09 [INFO] my_app: Reserved/Cached: 7272.00 MB
2026-09-09 05:22:09 [INFO] my_app: Max Allocated: 13552.02 MB
2026-09-09 05:22:09 [INFO] my_app: Max Reserved: 18402.00 MB
2026-09-09 05:22:13 [INFO] my_app: Layer 2 Epoch 0 Start Memory Stats:
2026-09-09 05:22:13 [INFO] my_app: Allocated: 6943.06 MB
2026-09-09 05:22:13 [INFO] my_app: Reserved/Cached: 7218.00 MB
2026-09-09 05:22:13 [INFO] my_app: Max Allocated: 13552.02 MB
2026-09-09 05:22:13 [INFO] my_app: Max Reserved: 18402.00 MB
2026-09-09 05:22:30 [INFO] my_app: layer:[2] , lwc lac iter:[0], lr:[0.00098908] ,time:[17.228199]s, mse: [0.00003337]
2026-09-09 05:22:47 [INFO] my_app: layer:[2] , lwc lac iter:[1], lr:[0.00095682] ,time:[17.262441]s, mse: [0.00003178]
2026-09-09 05:23:05 [INFO] my_app: layer:[2] , lwc lac iter:[2], lr:[0.00090460] ,time:[17.249067]s, mse: [0.00003040]
2026-09-09 05:23:22 [INFO] my_app: layer:[2] , lwc lac iter:[3], lr:[0.00083473] ,time:[17.257270]s, mse: [0.00002880]
2026-09-09 05:23:39 [INFO] my_app: layer:[2] , lwc lac iter:[4], lr:[0.00075025] ,time:[17.264772]s, mse: [0.00002695]
2026-09-09 05:23:56 [INFO] my_app: layer:[2] , lwc lac iter:[5], lr:[0.00065485] ,time:[17.271765]s, mse: [0.00002515]
2026-09-09 05:24:14 [INFO] my_app: layer:[2] , lwc lac iter:[6], lr:[0.00055271] ,time:[17.262990]s, mse: [0.00002349]
2026-09-09 05:24:31 [INFO] my_app: layer:[2] , lwc lac iter:[7], lr:[0.00044829] ,time:[17.258458]s, mse: [0.00002256]
2026-09-09 05:24:48 [INFO] my_app: layer:[2] , lwc lac iter:[8], lr:[0.00034615] ,time:[17.248411]s, mse: [0.00002235]
2026-09-09 05:25:05 [INFO] my_app: layer:[2] , lwc lac iter:[9], lr:[0.00025075] ,time:[17.255528]s, mse: [0.00002207]
2026-09-09 05:25:23 [INFO] my_app: layer:[2] , lwc lac iter:[10], lr:[0.00016627] ,time:[17.260061]s, mse: [0.00002191]
2026-09-09 05:25:40 [INFO] my_app: layer:[2] , lwc lac iter:[11], lr:[0.00009640] ,time:[17.258893]s, mse: [0.00002186]
2026-09-09 05:25:57 [INFO] my_app: layer:[2] , lwc lac iter:[12], lr:[0.00004418] ,time:[17.263613]s, mse: [0.00002178]
2026-09-09 05:26:14 [INFO] my_app: layer:[2] , lwc lac iter:[13], lr:[0.00001192] ,time:[17.254700]s, mse: [0.00002176]
2026-09-09 05:26:32 [INFO] my_app: layer:[2] , lwc lac iter:[14], lr:[0.00000100] ,time:[17.271363]s, mse: [0.00002176]
2026-09-09 05:26:32 [INFO] my_app: saved parameters for layer 2 at /home/utn/luli38se/cv/QuantVGGT/evaluation/outputs/w4a4/a44_local_model_tracker_fixed_e20.pt_sym/qs_frame_parameters_layer_2.pth
2026-09-09 05:26:32 [INFO] my_app: After frame_Layer_2 Memory Stats:
2026-09-09 05:26:32 [INFO] my_app: Allocated: 6873.06 MB
2026-09-09 05:26:32 [INFO] my_app: Reserved/Cached: 7224.00 MB
2026-09-09 05:26:32 [INFO] my_app: Max Allocated: 13552.02 MB
2026-09-09 05:26:32 [INFO] my_app: Max Reserved: 18402.00 MB
2026-09-09 05:26:32 [INFO] my_app: ========= global_Layer_2 =========
2026-09-09 05:26:32 [INFO] my_app: Before global_Layer_2 Memory Stats:
2026-09-09 05:26:32 [INFO] my_app: Allocated: 6818.86 MB
2026-09-09 05:26:32 [INFO] my_app: Reserved/Cached: 7224.00 MB
2026-09-09 05:26:32 [INFO] my_app: Max Allocated: 13552.02 MB
2026-09-09 05:26:32 [INFO] my_app: Max Reserved: 18402.00 MB
2026-09-09 05:26:36 [INFO] my_app: Layer 2 Epoch 0 Start Memory Stats:
2026-09-09 05:26:36 [INFO] my_app: Allocated: 6818.86 MB
2026-09-09 05:26:36 [INFO] my_app: Reserved/Cached: 7170.00 MB
2026-09-09 05:26:36 [INFO] my_app: Max Allocated: 13552.02 MB
2026-09-09 05:26:36 [INFO] my_app: Max Reserved: 18402.00 MB
2026-09-09 05:26:53 [INFO] my_app: layer:[2] , lwc lac iter:[0], lr:[0.00098908] ,time:[17.177675]s, mse: [0.00003568]
2026-09-09 05:27:10 [INFO] my_app: layer:[2] , lwc lac iter:[1], lr:[0.00095682] ,time:[17.202890]s, mse: [0.00003385]
2026-09-09 05:27:28 [INFO] my_app: layer:[2] , lwc lac iter:[2], lr:[0.00090460] ,time:[17.210394]s, mse: [0.00003240]
2026-09-09 05:27:45 [INFO] my_app: layer:[2] , lwc lac iter:[3], lr:[0.00083473] ,time:[17.207205]s, mse: [0.00003073]
2026-09-09 05:28:02 [INFO] my_app: layer:[2] , lwc lac iter:[4], lr:[0.00075025] ,time:[17.215816]s, mse: [0.00002869]
2026-09-09 05:28:19 [INFO] my_app: layer:[2] , lwc lac iter:[5], lr:[0.00065485] ,time:[17.209043]s, mse: [0.00002662]
2026-09-09 05:28:36 [INFO] my_app: layer:[2] , lwc lac iter:[6], lr:[0.00055271] ,time:[17.216590]s, mse: [0.00002494]
2026-09-09 05:28:54 [INFO] my_app: layer:[2] , lwc lac iter:[7], lr:[0.00044829] ,time:[17.214555]s, mse: [0.00002419]
2026-09-09 05:29:11 [INFO] my_app: layer:[2] , lwc lac iter:[8], lr:[0.00034615] ,time:[17.220092]s, mse: [0.00002388]
2026-09-09 05:29:28 [INFO] my_app: layer:[2] , lwc lac iter:[9], lr:[0.00025075] ,time:[17.230437]s, mse: [0.00002363]
2026-09-09 05:29:45 [INFO] my_app: layer:[2] , lwc lac iter:[10], lr:[0.00016627] ,time:[17.233995]s, mse: [0.00002356]
2026-09-09 05:30:02 [INFO] my_app: layer:[2] , lwc lac iter:[11], lr:[0.00009640] ,time:[17.217303]s, mse: [0.00002339]
2026-09-09 05:30:20 [INFO] my_app: layer:[2] , lwc lac iter:[12], lr:[0.00004418] ,time:[17.220621]s, mse: [0.00002331]
2026-09-09 05:30:37 [INFO] my_app: layer:[2] , lwc lac iter:[13], lr:[0.00001192] ,time:[17.223180]s, mse: [0.00002327]
2026-09-09 05:30:54 [INFO] my_app: layer:[2] , lwc lac iter:[14], lr:[0.00000100] ,time:[17.210755]s, mse: [0.00002327]
2026-09-09 05:30:55 [INFO] my_app: saved parameters for layer 2 at /home/utn/luli38se/cv/QuantVGGT/evaluation/outputs/w4a4/a44_local_model_tracker_fixed_e20.pt_sym/qs_global_parameters_layer_2.pth
2026-09-09 05:30:55 [INFO] my_app: After global_Layer_2 Memory Stats:
2026-09-09 05:30:55 [INFO] my_app: Allocated: 6748.87 MB
2026-09-09 05:30:55 [INFO] my_app: Reserved/Cached: 7112.00 MB
2026-09-09 05:30:55 [INFO] my_app: Max Allocated: 13552.02 MB
2026-09-09 05:30:55 [INFO] my_app: Max Reserved: 18402.00 MB
2026-09-09 05:30:55 [INFO] my_app: ========= frame_Layer_3 =========
2026-09-09 05:30:55 [INFO] my_app: Before frame_Layer_3 Memory Stats:
2026-09-09 05:30:55 [INFO] my_app: Allocated: 6694.66 MB
2026-09-09 05:30:55 [INFO] my_app: Reserved/Cached: 7112.00 MB
2026-09-09 05:30:55 [INFO] my_app: Max Allocated: 13552.02 MB
2026-09-09 05:30:55 [INFO] my_app: Max Reserved: 18402.00 MB
2026-09-09 05:30:58 [INFO] my_app: Layer 3 Epoch 0 Start Memory Stats:
2026-09-09 05:30:58 [INFO] my_app: Allocated: 6694.66 MB
2026-09-09 05:30:58 [INFO] my_app: Reserved/Cached: 7058.00 MB
2026-09-09 05:30:58 [INFO] my_app: Max Allocated: 13552.02 MB
2026-09-09 05:30:58 [INFO] my_app: Max Reserved: 18402.00 MB
2026-09-09 05:31:15 [INFO] my_app: layer:[3] , lwc lac iter:[0], lr:[0.00098908] ,time:[17.121668]s, mse: [0.00002955]
2026-09-09 05:31:33 [INFO] my_app: layer:[3] , lwc lac iter:[1], lr:[0.00095682] ,time:[17.179078]s, mse: [0.00002802]
2026-09-09 05:31:50 [INFO] my_app: layer:[3] , lwc lac iter:[2], lr:[0.00090460] ,time:[17.160183]s, mse: [0.00002679]
2026-09-09 05:32:07 [INFO] my_app: layer:[3] , lwc lac iter:[3], lr:[0.00083473] ,time:[17.150110]s, mse: [0.00002578]
2026-09-09 05:32:24 [INFO] my_app: layer:[3] , lwc lac iter:[4], lr:[0.00075025] ,time:[17.153033]s, mse: [0.00002405]
2026-09-09 05:32:41 [INFO] my_app: layer:[3] , lwc lac iter:[5], lr:[0.00065485] ,time:[17.179703]s, mse: [0.00002225]
2026-09-09 05:32:58 [INFO] my_app: layer:[3] , lwc lac iter:[6], lr:[0.00055271] ,time:[17.180108]s, mse: [0.00002090]
2026-09-09 05:33:16 [INFO] my_app: layer:[3] , lwc lac iter:[7], lr:[0.00044829] ,time:[17.190834]s, mse: [0.00002023]
2026-09-09 05:33:33 [INFO] my_app: layer:[3] , lwc lac iter:[8], lr:[0.00034615] ,time:[17.183691]s, mse: [0.00001989]
2026-09-09 05:33:50 [INFO] my_app: layer:[3] , lwc lac iter:[9], lr:[0.00025075] ,time:[17.182004]s, mse: [0.00001967]
2026-09-09 05:34:07 [INFO] my_app: layer:[3] , lwc lac iter:[10], lr:[0.00016627] ,time:[17.170255]s, mse: [0.00001952]
2026-09-09 05:34:24 [INFO] my_app: layer:[3] , lwc lac iter:[11], lr:[0.00009640] ,time:[17.180693]s, mse: [0.00001951]
2026-09-09 05:34:42 [INFO] my_app: layer:[3] , lwc lac iter:[12], lr:[0.00004418] ,time:[17.181079]s, mse: [0.00001950]
2026-09-09 05:34:59 [INFO] my_app: layer:[3] , lwc lac iter:[13], lr:[0.00001192] ,time:[17.172908]s, mse: [0.00001951]
2026-09-09 05:35:16 [INFO] my_app: layer:[3] , lwc lac iter:[14], lr:[0.00000100] ,time:[17.162940]s, mse: [0.00001950]
2026-09-09 05:35:17 [INFO] my_app: saved parameters for layer 3 at /home/utn/luli38se/cv/QuantVGGT/evaluation/outputs/w4a4/a44_local_model_tracker_fixed_e20.pt_sym/qs_frame_parameters_layer_3.pth
2026-09-09 05:35:17 [INFO] my_app: After frame_Layer_3 Memory Stats:
2026-09-09 05:35:17 [INFO] my_app: Allocated: 6624.67 MB
2026-09-09 05:35:17 [INFO] my_app: Reserved/Cached: 7000.00 MB
2026-09-09 05:35:17 [INFO] my_app: Max Allocated: 13552.02 MB
2026-09-09 05:35:17 [INFO] my_app: Max Reserved: 18402.00 MB
2026-09-09 05:35:17 [INFO] my_app: ========= global_Layer_3 =========
2026-09-09 05:35:17 [INFO] my_app: Before global_Layer_3 Memory Stats:
2026-09-09 05:35:17 [INFO] my_app: Allocated: 6570.47 MB
2026-09-09 05:35:17 [INFO] my_app: Reserved/Cached: 7000.00 MB
2026-09-09 05:35:17 [INFO] my_app: Max Allocated: 13552.02 MB
2026-09-09 05:35:17 [INFO] my_app: Max Reserved: 18402.00 MB
2026-09-09 05:35:20 [INFO] my_app: Layer 3 Epoch 0 Start Memory Stats:
2026-09-09 05:35:20 [INFO] my_app: Allocated: 6570.47 MB
2026-09-09 05:35:20 [INFO] my_app: Reserved/Cached: 6946.00 MB
2026-09-09 05:35:20 [INFO] my_app: Max Allocated: 13552.02 MB
2026-09-09 05:35:20 [INFO] my_app: Max Reserved: 18402.00 MB
2026-09-09 05:35:37 [INFO] my_app: layer:[3] , lwc lac iter:[0], lr:[0.00098908] ,time:[17.078165]s, mse: [0.00003217]
2026-09-09 05:35:54 [INFO] my_app: layer:[3] , lwc lac iter:[1], lr:[0.00095682] ,time:[17.131410]s, mse: [0.00003035]
2026-09-09 05:36:11 [INFO] my_app: layer:[3] , lwc lac iter:[2], lr:[0.00090460] ,time:[17.125861]s, mse: [0.00002904]
2026-09-09 05:36:29 [INFO] my_app: layer:[3] , lwc lac iter:[3], lr:[0.00083473] ,time:[17.127586]s, mse: [0.00002772]
2026-09-09 05:36:46 [INFO] my_app: layer:[3] , lwc lac iter:[4], lr:[0.00075025] ,time:[17.144567]s, mse: [0.00002596]
2026-09-09 05:37:03 [INFO] my_app: layer:[3] , lwc lac iter:[5], lr:[0.00065485] ,time:[17.133593]s, mse: [0.00002387]
2026-09-09 05:37:20 [INFO] my_app: layer:[3] , lwc lac iter:[6], lr:[0.00055271] ,time:[17.155507]s, mse: [0.00002236]
2026-09-09 05:37:37 [INFO] my_app: layer:[3] , lwc lac iter:[7], lr:[0.00044829] ,time:[17.152141]s, mse: [0.00002161]
2026-09-09 05:37:54 [INFO] my_app: layer:[3] , lwc lac iter:[8], lr:[0.00034615] ,time:[17.162882]s, mse: [0.00002120]
2026-09-09 05:38:11 [INFO] my_app: layer:[3] , lwc lac iter:[9], lr:[0.00025075] ,time:[17.133564]s, mse: [0.00002107]
2026-09-09 05:38:29 [INFO] my_app: layer:[3] , lwc lac iter:[10], lr:[0.00016627] ,time:[17.126826]s, mse: [0.00002105]
2026-09-09 05:38:46 [INFO] my_app: layer:[3] , lwc lac iter:[11], lr:[0.00009640] ,time:[17.140887]s, mse: [0.00002101]
2026-09-09 05:39:03 [INFO] my_app: layer:[3] , lwc lac iter:[12], lr:[0.00004418] ,time:[17.136677]s, mse: [0.00002100]
2026-09-09 05:39:20 [INFO] my_app: layer:[3] , lwc lac iter:[13], lr:[0.00001192] ,time:[17.139550]s, mse: [0.00002100]
2026-09-09 05:39:37 [INFO] my_app: layer:[3] , lwc lac iter:[14], lr:[0.00000100] ,time:[17.156156]s, mse: [0.00002097]
2026-09-09 05:39:38 [INFO] my_app: saved parameters for layer 3 at /home/utn/luli38se/cv/QuantVGGT/evaluation/outputs/w4a4/a44_local_model_tracker_fixed_e20.pt_sym/qs_global_parameters_layer_3.pth
2026-09-09 05:39:38 [INFO] my_app: After global_Layer_3 Memory Stats:
2026-09-09 05:39:38 [INFO] my_app: Allocated: 6500.48 MB
2026-09-09 05:39:38 [INFO] my_app: Reserved/Cached: 6888.00 MB
2026-09-09 05:39:38 [INFO] my_app: Max Allocated: 13552.02 MB
2026-09-09 05:39:38 [INFO] my_app: Max Reserved: 18402.00 MB
2026-09-09 05:39:38 [INFO] my_app: ========= frame_Layer_4 =========
2026-09-09 05:39:38 [INFO] my_app: Before frame_Layer_4 Memory Stats:
2026-09-09 05:39:38 [INFO] my_app: Allocated: 6446.27 MB
2026-09-09 05:39:38 [INFO] my_app: Reserved/Cached: 6888.00 MB
2026-09-09 05:39:38 [INFO] my_app: Max Allocated: 13552.02 MB
2026-09-09 05:39:38 [INFO] my_app: Max Reserved: 18402.00 MB
2026-09-09 05:39:41 [INFO] my_app: Layer 4 Epoch 0 Start Memory Stats:
2026-09-09 05:39:41 [INFO] my_app: Allocated: 6446.27 MB
2026-09-09 05:39:41 [INFO] my_app: Reserved/Cached: 6834.00 MB
2026-09-09 05:39:41 [INFO] my_app: Max Allocated: 13552.02 MB
2026-09-09 05:39:41 [INFO] my_app: Max Reserved: 18402.00 MB
2026-09-09 05:39:58 [INFO] my_app: layer:[4] , lwc lac iter:[0], lr:[0.00098908] ,time:[17.086960]s, mse: [0.00002149]
2026-09-09 05:40:16 [INFO] my_app: layer:[4] , lwc lac iter:[1], lr:[0.00095682] ,time:[17.116165]s, mse: [0.00002054]
2026-09-09 05:40:33 [INFO] my_app: layer:[4] , lwc lac iter:[2], lr:[0.00090460] ,time:[17.115570]s, mse: [0.00001980]
2026-09-09 05:40:50 [INFO] my_app: layer:[4] , lwc lac iter:[3], lr:[0.00083473] ,time:[17.125052]s, mse: [0.00001898]
2026-09-09 05:41:07 [INFO] my_app: layer:[4] , lwc lac iter:[4], lr:[0.00075025] ,time:[17.122372]s, mse: [0.00001775]
2026-09-09 05:41:24 [INFO] my_app: layer:[4] , lwc lac iter:[5], lr:[0.00065485] ,time:[17.114989]s, mse: [0.00001650]
2026-09-09 05:41:41 [INFO] my_app: layer:[4] , lwc lac iter:[6], lr:[0.00055271] ,time:[17.117596]s, mse: [0.00001559]
2026-09-09 05:41:58 [INFO] my_app: layer:[4] , lwc lac iter:[7], lr:[0.00044829] ,time:[17.139021]s, mse: [0.00001530]
2026-09-09 05:42:15 [INFO] my_app: layer:[4] , lwc lac iter:[8], lr:[0.00034615] ,time:[17.123398]s, mse: [0.00001518]
2026-09-09 05:42:33 [INFO] my_app: layer:[4] , lwc lac iter:[9], lr:[0.00025075] ,time:[17.138092]s, mse: [0.00001508]
2026-09-09 05:42:50 [INFO] my_app: layer:[4] , lwc lac iter:[10], lr:[0.00016627] ,time:[17.124187]s, mse: [0.00001505]
2026-09-09 05:43:07 [INFO] my_app: layer:[4] , lwc lac iter:[11], lr:[0.00009640] ,time:[17.111361]s, mse: [0.00001501]
2026-09-09 05:43:24 [INFO] my_app: layer:[4] , lwc lac iter:[12], lr:[0.00004418] ,time:[17.132984]s, mse: [0.00001496]
2026-09-09 05:43:41 [INFO] my_app: layer:[4] , lwc lac iter:[13], lr:[0.00001192] ,time:[17.128201]s, mse: [0.00001495]
2026-09-09 05:43:58 [INFO] my_app: layer:[4] , lwc lac iter:[14], lr:[0.00000100] ,time:[17.131778]s, mse: [0.00001495]
2026-09-09 05:43:59 [INFO] my_app: saved parameters for layer 4 at /home/utn/luli38se/cv/QuantVGGT/evaluation/outputs/w4a4/a44_local_model_tracker_fixed_e20.pt_sym/qs_frame_parameters_layer_4.pth
2026-09-09 05:43:59 [INFO] my_app: After frame_Layer_4 Memory Stats:
2026-09-09 05:43:59 [INFO] my_app: Allocated: 6376.28 MB
2026-09-09 05:43:59 [INFO] my_app: Reserved/Cached: 6776.00 MB
2026-09-09 05:43:59 [INFO] my_app: Max Allocated: 13552.02 MB
2026-09-09 05:43:59 [INFO] my_app: Max Reserved: 18402.00 MB
2026-09-09 05:43:59 [INFO] my_app: ========= global_Layer_4 =========
2026-09-09 05:43:59 [INFO] my_app: Before global_Layer_4 Memory Stats:
2026-09-09 05:43:59 [INFO] my_app: Allocated: 6322.08 MB
2026-09-09 05:43:59 [INFO] my_app: Reserved/Cached: 6776.00 MB
2026-09-09 05:43:59 [INFO] my_app: Max Allocated: 13552.02 MB
2026-09-09 05:43:59 [INFO] my_app: Max Reserved: 18402.00 MB
2026-09-09 05:44:02 [INFO] my_app: Layer 4 Epoch 0 Start Memory Stats:
2026-09-09 05:44:02 [INFO] my_app: Allocated: 6322.08 MB
2026-09-09 05:44:02 [INFO] my_app: Reserved/Cached: 6722.00 MB
2026-09-09 05:44:02 [INFO] my_app: Max Allocated: 13552.02 MB
2026-09-09 05:44:02 [INFO] my_app: Max Reserved: 18402.00 MB
2026-09-09 05:44:19 [INFO] my_app: layer:[4] , lwc lac iter:[0], lr:[0.00098908] ,time:[17.057514]s, mse: [0.00002477]
2026-09-09 05:44:37 [INFO] my_app: layer:[4] , lwc lac iter:[1], lr:[0.00095682] ,time:[17.112640]s, mse: [0.00002280]
2026-09-09 05:44:54 [INFO] my_app: layer:[4] , lwc lac iter:[2], lr:[0.00090460] ,time:[17.119117]s, mse: [0.00002178]
2026-09-09 05:45:11 [INFO] my_app: layer:[4] , lwc lac iter:[3], lr:[0.00083473] ,time:[17.123618]s, mse: [0.00002098]
2026-09-09 05:45:28 [INFO] my_app: layer:[4] , lwc lac iter:[4], lr:[0.00075025] ,time:[17.122908]s, mse: [0.00001977]
2026-09-09 05:45:45 [INFO] my_app: layer:[4] , lwc lac iter:[5], lr:[0.00065485] ,time:[17.120107]s, mse: [0.00001844]
2026-09-09 05:46:02 [INFO] my_app: layer:[4] , lwc lac iter:[6], lr:[0.00055271] ,time:[17.129323]s, mse: [0.00001716]
2026-09-09 05:46:19 [INFO] my_app: layer:[4] , lwc lac iter:[7], lr:[0.00044829] ,time:[17.128532]s, mse: [0.00001638]
2026-09-09 05:46:36 [INFO] my_app: layer:[4] , lwc lac iter:[8], lr:[0.00034615] ,time:[17.128068]s, mse: [0.00001642]
2026-09-09 05:46:54 [INFO] my_app: layer:[4] , lwc lac iter:[9], lr:[0.00025075] ,time:[17.117650]s, mse: [0.00001691]
2026-09-09 05:47:11 [INFO] my_app: layer:[4] , lwc lac iter:[10], lr:[0.00016627] ,time:[17.116446]s, mse: [0.00001739]
2026-09-09 05:47:28 [INFO] my_app: layer:[4] , lwc lac iter:[11], lr:[0.00009640] ,time:[17.127162]s, mse: [0.00001724]
2026-09-09 05:47:45 [INFO] my_app: layer:[4] , lwc lac iter:[12], lr:[0.00004418] ,time:[17.129047]s, mse: [0.00001720]
2026-09-09 05:48:02 [INFO] my_app: layer:[4] , lwc lac iter:[13], lr:[0.00001192] ,time:[17.124784]s, mse: [0.00001746]
2026-09-09 05:48:19 [INFO] my_app: layer:[4] , lwc lac iter:[14], lr:[0.00000100] ,time:[17.130539]s, mse: [0.00001748]
2026-09-09 05:48:20 [INFO] my_app: saved parameters for layer 4 at /home/utn/luli38se/cv/QuantVGGT/evaluation/outputs/w4a4/a44_local_model_tracker_fixed_e20.pt_sym/qs_global_parameters_layer_4.pth
2026-09-09 05:48:20 [INFO] my_app: After global_Layer_4 Memory Stats:
2026-09-09 05:48:20 [INFO] my_app: Allocated: 6252.09 MB
2026-09-09 05:48:20 [INFO] my_app: Reserved/Cached: 6728.00 MB
2026-09-09 05:48:20 [INFO] my_app: Max Allocated: 13552.02 MB
2026-09-09 05:48:20 [INFO] my_app: Max Reserved: 18402.00 MB
2026-09-09 05:48:20 [INFO] my_app: ========= frame_Layer_5 =========
2026-09-09 05:48:20 [INFO] my_app: Before frame_Layer_5 Memory Stats:
2026-09-09 05:48:20 [INFO] my_app: Allocated: 6197.88 MB
2026-09-09 05:48:20 [INFO] my_app: Reserved/Cached: 6728.00 MB
2026-09-09 05:48:20 [INFO] my_app: Max Allocated: 13552.02 MB
2026-09-09 05:48:20 [INFO] my_app: Max Reserved: 18402.00 MB
2026-09-09 05:48:23 [INFO] my_app: Layer 5 Epoch 0 Start Memory Stats:
2026-09-09 05:48:23 [INFO] my_app: Allocated: 6197.88 MB
2026-09-09 05:48:23 [INFO] my_app: Reserved/Cached: 6674.00 MB
2026-09-09 05:48:23 [INFO] my_app: Max Allocated: 13552.02 MB
2026-09-09 05:48:23 [INFO] my_app: Max Reserved: 18402.00 MB
2026-09-09 05:48:40 [INFO] my_app: layer:[5] , lwc lac iter:[0], lr:[0.00098908] ,time:[17.042309]s, mse: [0.00004042]
2026-09-09 05:48:57 [INFO] my_app: layer:[5] , lwc lac iter:[1], lr:[0.00095682] ,time:[17.074259]s, mse: [0.00003889]
2026-09-09 05:49:15 [INFO] my_app: layer:[5] , lwc lac iter:[2], lr:[0.00090460] ,time:[17.081967]s, mse: [0.00003747]
2026-09-09 05:49:32 [INFO] my_app: layer:[5] , lwc lac iter:[3], lr:[0.00083473] ,time:[17.077130]s, mse: [0.00003567]
2026-09-09 05:49:49 [INFO] my_app: layer:[5] , lwc lac iter:[4], lr:[0.00075025] ,time:[17.105669]s, mse: [0.00003318]
2026-09-09 05:50:06 [INFO] my_app: layer:[5] , lwc lac iter:[5], lr:[0.00065485] ,time:[17.106187]s, mse: [0.00003069]
2026-09-09 05:50:23 [INFO] my_app: layer:[5] , lwc lac iter:[6], lr:[0.00055271] ,time:[17.099437]s, mse: [0.00002877]
2026-09-09 05:50:40 [INFO] my_app: layer:[5] , lwc lac iter:[7], lr:[0.00044829] ,time:[17.106106]s, mse: [0.00002808]
2026-09-09 05:50:57 [INFO] my_app: layer:[5] , lwc lac iter:[8], lr:[0.00034615] ,time:[17.091594]s, mse: [0.00002776]
2026-09-09 05:51:14 [INFO] my_app: layer:[5] , lwc lac iter:[9], lr:[0.00025075] ,time:[17.104536]s, mse: [0.00002759]
2026-09-09 05:51:31 [INFO] my_app: layer:[5] , lwc lac iter:[10], lr:[0.00016627] ,time:[17.094405]s, mse: [0.00002751]
2026-09-09 05:51:48 [INFO] my_app: layer:[5] , lwc lac iter:[11], lr:[0.00009640] ,time:[17.109989]s, mse: [0.00002739]
2026-09-09 05:52:06 [INFO] my_app: layer:[5] , lwc lac iter:[12], lr:[0.00004418] ,time:[17.099723]s, mse: [0.00002730]
2026-09-09 05:52:23 [INFO] my_app: layer:[5] , lwc lac iter:[13], lr:[0.00001192] ,time:[17.080095]s, mse: [0.00002727]
2026-09-09 05:52:40 [INFO] my_app: layer:[5] , lwc lac iter:[14], lr:[0.00000100] ,time:[17.098573]s, mse: [0.00002726]
2026-09-09 05:52:41 [INFO] my_app: saved parameters for layer 5 at /home/utn/luli38se/cv/QuantVGGT/evaluation/outputs/w4a4/a44_local_model_tracker_fixed_e20.pt_sym/qs_frame_parameters_layer_5.pth
2026-09-09 05:52:41 [INFO] my_app: After frame_Layer_5 Memory Stats:
2026-09-09 05:52:41 [INFO] my_app: Allocated: 6127.56 MB
2026-09-09 05:52:41 [INFO] my_app: Reserved/Cached: 6562.00 MB
2026-09-09 05:52:41 [INFO] my_app: Max Allocated: 13552.02 MB
2026-09-09 05:52:41 [INFO] my_app: Max Reserved: 18402.00 MB
2026-09-09 05:52:41 [INFO] my_app: ========= global_Layer_5 =========
2026-09-09 05:52:41 [INFO] my_app: Before global_Layer_5 Memory Stats:
2026-09-09 05:52:41 [INFO] my_app: Allocated: 6073.69 MB
2026-09-09 05:52:41 [INFO] my_app: Reserved/Cached: 6562.00 MB
2026-09-09 05:52:41 [INFO] my_app: Max Allocated: 13552.02 MB
2026-09-09 05:52:41 [INFO] my_app: Max Reserved: 18402.00 MB
2026-09-09 05:52:44 [INFO] my_app: Layer 5 Epoch 0 Start Memory Stats:
2026-09-09 05:52:44 [INFO] my_app: Allocated: 6073.69 MB
2026-09-09 05:52:44 [INFO] my_app: Reserved/Cached: 6562.00 MB
2026-09-09 05:52:44 [INFO] my_app: Max Allocated: 13552.02 MB
2026-09-09 05:52:44 [INFO] my_app: Max Reserved: 18402.00 MB
2026-09-09 05:53:01 [INFO] my_app: layer:[5] , lwc lac iter:[0], lr:[0.00098908] ,time:[17.031802]s, mse: [0.00003768]
2026-09-09 05:53:18 [INFO] my_app: layer:[5] , lwc lac iter:[1], lr:[0.00095682] ,time:[17.062842]s, mse: [0.00003632]
2026-09-09 05:53:35 [INFO] my_app: layer:[5] , lwc lac iter:[2], lr:[0.00090460] ,time:[17.081608]s, mse: [0.00003487]
2026-09-09 05:53:52 [INFO] my_app: layer:[5] , lwc lac iter:[3], lr:[0.00083473] ,time:[17.097575]s, mse: [0.00003300]
2026-09-09 05:54:09 [INFO] my_app: layer:[5] , lwc lac iter:[4], lr:[0.00075025] ,time:[17.084496]s, mse: [0.00003081]
2026-09-09 05:54:26 [INFO] my_app: layer:[5] , lwc lac iter:[5], lr:[0.00065485] ,time:[17.089406]s, mse: [0.00002882]
2026-09-09 05:54:43 [INFO] my_app: layer:[5] , lwc lac iter:[6], lr:[0.00055271] ,time:[17.085072]s, mse: [0.00002726]
2026-09-09 05:55:01 [INFO] my_app: layer:[5] , lwc lac iter:[7], lr:[0.00044829] ,time:[17.096845]s, mse: [0.00002652]
2026-09-09 05:55:18 [INFO] my_app: layer:[5] , lwc lac iter:[8], lr:[0.00034615] ,time:[17.096263]s, mse: [0.00002622]
2026-09-09 05:55:35 [INFO] my_app: layer:[5] , lwc lac iter:[9], lr:[0.00025075] ,time:[17.098037]s, mse: [0.00002607]
2026-09-09 05:55:52 [INFO] my_app: layer:[5] , lwc lac iter:[10], lr:[0.00016627] ,time:[17.101562]s, mse: [0.00002597]
2026-09-09 05:56:09 [INFO] my_app: layer:[5] , lwc lac iter:[11], lr:[0.00009640] ,time:[17.093290]s, mse: [0.00002590]
2026-09-09 05:56:26 [INFO] my_app: layer:[5] , lwc lac iter:[12], lr:[0.00004418] ,time:[17.091549]s, mse: [0.00002587]
2026-09-09 05:56:43 [INFO] my_app: layer:[5] , lwc lac iter:[13], lr:[0.00001192] ,time:[17.088117]s, mse: [0.00002587]
2026-09-09 05:57:00 [INFO] my_app: layer:[5] , lwc lac iter:[14], lr:[0.00000100] ,time:[17.099013]s, mse: [0.00002587]
2026-09-09 05:57:01 [INFO] my_app: saved parameters for layer 5 at /home/utn/luli38se/cv/QuantVGGT/evaluation/outputs/w4a4/a44_local_model_tracker_fixed_e20.pt_sym/qs_global_parameters_layer_5.pth
2026-09-09 05:57:01 [INFO] my_app: After global_Layer_5 Memory Stats:
2026-09-09 05:57:01 [INFO] my_app: Allocated: 6003.37 MB
2026-09-09 05:57:01 [INFO] my_app: Reserved/Cached: 6450.00 MB
2026-09-09 05:57:01 [INFO] my_app: Max Allocated: 13552.02 MB
2026-09-09 05:57:01 [INFO] my_app: Max Reserved: 18402.00 MB
2026-09-09 05:57:01 [INFO] my_app: ========= frame_Layer_6 =========
2026-09-09 05:57:01 [INFO] my_app: Before frame_Layer_6 Memory Stats:
2026-09-09 05:57:01 [INFO] my_app: Allocated: 5949.49 MB
2026-09-09 05:57:01 [INFO] my_app: Reserved/Cached: 6450.00 MB
2026-09-09 05:57:01 [INFO] my_app: Max Allocated: 13552.02 MB
2026-09-09 05:57:01 [INFO] my_app: Max Reserved: 18402.00 MB
2026-09-09 05:57:04 [INFO] my_app: Layer 6 Epoch 0 Start Memory Stats:
2026-09-09 05:57:04 [INFO] my_app: Allocated: 5949.49 MB
2026-09-09 05:57:04 [INFO] my_app: Reserved/Cached: 6450.00 MB
2026-09-09 05:57:04 [INFO] my_app: Max Allocated: 13552.02 MB
2026-09-09 05:57:04 [INFO] my_app: Max Reserved: 18402.00 MB
2026-09-09 05:57:21 [INFO] my_app: layer:[6] , lwc lac iter:[0], lr:[0.00098908] ,time:[17.044106]s, mse: [0.00003414]
2026-09-09 05:57:39 [INFO] my_app: layer:[6] , lwc lac iter:[1], lr:[0.00095682] ,time:[17.082217]s, mse: [0.00003300]
2026-09-09 05:57:56 [INFO] my_app: layer:[6] , lwc lac iter:[2], lr:[0.00090460] ,time:[17.068481]s, mse: [0.00003191]
2026-09-09 05:58:13 [INFO] my_app: layer:[6] , lwc lac iter:[3], lr:[0.00083473] ,time:[17.084695]s, mse: [0.00003044]
2026-09-09 05:58:30 [INFO] my_app: layer:[6] , lwc lac iter:[4], lr:[0.00075025] ,time:[17.071991]s, mse: [0.00002856]
2026-09-09 05:58:47 [INFO] my_app: layer:[6] , lwc lac iter:[5], lr:[0.00065485] ,time:[17.072917]s, mse: [0.00002647]
2026-09-09 05:59:04 [INFO] my_app: layer:[6] , lwc lac iter:[6], lr:[0.00055271] ,time:[17.110829]s, mse: [0.00002495]
2026-09-09 05:59:21 [INFO] my_app: layer:[6] , lwc lac iter:[7], lr:[0.00044829] ,time:[17.083780]s, mse: [0.00002435]
2026-09-09 05:59:38 [INFO] my_app: layer:[6] , lwc lac iter:[8], lr:[0.00034615] ,time:[17.092152]s, mse: [0.00002417]
2026-09-09 05:59:55 [INFO] my_app: layer:[6] , lwc lac iter:[9], lr:[0.00025075] ,time:[17.086003]s, mse: [0.00002403]
2026-09-09 06:00:12 [INFO] my_app: layer:[6] , lwc lac iter:[10], lr:[0.00016627] ,time:[17.089573]s, mse: [0.00002396]
2026-09-09 06:00:29 [INFO] my_app: layer:[6] , lwc lac iter:[11], lr:[0.00009640] ,time:[17.085262]s, mse: [0.00002394]
2026-09-09 06:00:46 [INFO] my_app: layer:[6] , lwc lac iter:[12], lr:[0.00004418] ,time:[17.099399]s, mse: [0.00002390]
2026-09-09 06:01:04 [INFO] my_app: layer:[6] , lwc lac iter:[13], lr:[0.00001192] ,time:[17.082165]s, mse: [0.00002388]
2026-09-09 06:01:21 [INFO] my_app: layer:[6] , lwc lac iter:[14], lr:[0.00000100] ,time:[17.089709]s, mse: [0.00002388]
2026-09-09 06:01:21 [INFO] my_app: saved parameters for layer 6 at /home/utn/luli38se/cv/QuantVGGT/evaluation/outputs/w4a4/a44_local_model_tracker_fixed_e20.pt_sym/qs_frame_parameters_layer_6.pth
2026-09-09 06:01:21 [INFO] my_app: After frame_Layer_6 Memory Stats:
2026-09-09 06:01:21 [INFO] my_app: Allocated: 5879.17 MB
2026-09-09 06:01:21 [INFO] my_app: Reserved/Cached: 6338.00 MB
2026-09-09 06:01:21 [INFO] my_app: Max Allocated: 13552.02 MB
2026-09-09 06:01:21 [INFO] my_app: Max Reserved: 18402.00 MB
2026-09-09 06:01:21 [INFO] my_app: ========= global_Layer_6 =========
2026-09-09 06:01:21 [INFO] my_app: Before global_Layer_6 Memory Stats:
2026-09-09 06:01:21 [INFO] my_app: Allocated: 5825.30 MB
2026-09-09 06:01:21 [INFO] my_app: Reserved/Cached: 6338.00 MB
2026-09-09 06:01:21 [INFO] my_app: Max Allocated: 13552.02 MB
2026-09-09 06:01:21 [INFO] my_app: Max Reserved: 18402.00 MB
2026-09-09 06:01:25 [INFO] my_app: Layer 6 Epoch 0 Start Memory Stats:
2026-09-09 06:01:25 [INFO] my_app: Allocated: 5825.30 MB
2026-09-09 06:01:25 [INFO] my_app: Reserved/Cached: 6338.00 MB
2026-09-09 06:01:25 [INFO] my_app: Max Allocated: 13552.02 MB
2026-09-09 06:01:25 [INFO] my_app: Max Reserved: 18402.00 MB
2026-09-09 06:01:42 [INFO] my_app: layer:[6] , lwc lac iter:[0], lr:[0.00098908] ,time:[17.027633]s, mse: [0.00003908]
2026-09-09 06:01:59 [INFO] my_app: layer:[6] , lwc lac iter:[1], lr:[0.00095682] ,time:[17.077073]s, mse: [0.00003794]
2026-09-09 06:02:16 [INFO] my_app: layer:[6] , lwc lac iter:[2], lr:[0.00090460] ,time:[17.047908]s, mse: [0.00003665]
2026-09-09 06:02:33 [INFO] my_app: layer:[6] , lwc lac iter:[3], lr:[0.00083473] ,time:[17.068279]s, mse: [0.00003493]
2026-09-09 06:02:50 [INFO] my_app: layer:[6] , lwc lac iter:[4], lr:[0.00075025] ,time:[17.077592]s, mse: [0.00003269]
2026-09-09 06:03:07 [INFO] my_app: layer:[6] , lwc lac iter:[5], lr:[0.00065485] ,time:[17.064788]s, mse: [0.00003046]
2026-09-09 06:03:24 [INFO] my_app: layer:[6] , lwc lac iter:[6], lr:[0.00055271] ,time:[17.085230]s, mse: [0.00002875]
2026-09-09 06:03:41 [INFO] my_app: layer:[6] , lwc lac iter:[7], lr:[0.00044829] ,time:[17.090945]s, mse: [0.00002791]
2026-09-09 06:03:58 [INFO] my_app: layer:[6] , lwc lac iter:[8], lr:[0.00034615] ,time:[17.100818]s, mse: [0.00002758]
2026-09-09 06:04:15 [INFO] my_app: layer:[6] , lwc lac iter:[9], lr:[0.00025075] ,time:[17.063845]s, mse: [0.00002748]
2026-09-09 06:04:33 [INFO] my_app: layer:[6] , lwc lac iter:[10], lr:[0.00016627] ,time:[17.069733]s, mse: [0.00002750]
2026-09-09 06:04:50 [INFO] my_app: layer:[6] , lwc lac iter:[11], lr:[0.00009640] ,time:[17.097002]s, mse: [0.00002749]
2026-09-09 06:05:07 [INFO] my_app: layer:[6] , lwc lac iter:[12], lr:[0.00004418] ,time:[17.108049]s, mse: [0.00002747]
2026-09-09 06:05:24 [INFO] my_app: layer:[6] , lwc lac iter:[13], lr:[0.00001192] ,time:[17.086571]s, mse: [0.00002745]
2026-09-09 06:05:41 [INFO] my_app: layer:[6] , lwc lac iter:[14], lr:[0.00000100] ,time:[17.102006]s, mse: [0.00002743]
2026-09-09 06:05:42 [INFO] my_app: saved parameters for layer 6 at /home/utn/luli38se/cv/QuantVGGT/evaluation/outputs/w4a4/a44_local_model_tracker_fixed_e20.pt_sym/qs_global_parameters_layer_6.pth
2026-09-09 06:05:42 [INFO] my_app: After global_Layer_6 Memory Stats:
2026-09-09 06:05:42 [INFO] my_app: Allocated: 5754.98 MB
2026-09-09 06:05:42 [INFO] my_app: Reserved/Cached: 6226.00 MB
2026-09-09 06:05:42 [INFO] my_app: Max Allocated: 13552.02 MB
2026-09-09 06:05:42 [INFO] my_app: Max Reserved: 18402.00 MB
2026-09-09 06:05:42 [INFO] my_app: ========= frame_Layer_7 =========
2026-09-09 06:05:42 [INFO] my_app: Before frame_Layer_7 Memory Stats:
2026-09-09 06:05:42 [INFO] my_app: Allocated: 5701.10 MB
2026-09-09 06:05:42 [INFO] my_app: Reserved/Cached: 6226.00 MB
2026-09-09 06:05:42 [INFO] my_app: Max Allocated: 13552.02 MB
2026-09-09 06:05:42 [INFO] my_app: Max Reserved: 18402.00 MB
2026-09-09 06:05:45 [INFO] my_app: Layer 7 Epoch 0 Start Memory Stats:
2026-09-09 06:05:45 [INFO] my_app: Allocated: 5701.10 MB
2026-09-09 06:05:45 [INFO] my_app: Reserved/Cached: 6226.00 MB
2026-09-09 06:05:45 [INFO] my_app: Max Allocated: 13552.02 MB
2026-09-09 06:05:45 [INFO] my_app: Max Reserved: 18402.00 MB
2026-09-09 06:06:02 [INFO] my_app: layer:[7] , lwc lac iter:[0], lr:[0.00098908] ,time:[17.019035]s, mse: [0.00003986]
2026-09-09 06:06:19 [INFO] my_app: layer:[7] , lwc lac iter:[1], lr:[0.00095682] ,time:[17.041131]s, mse: [0.00003825]
2026-09-09 06:06:36 [INFO] my_app: layer:[7] , lwc lac iter:[2], lr:[0.00090460] ,time:[17.045666]s, mse: [0.00003690]
2026-09-09 06:06:53 [INFO] my_app: layer:[7] , lwc lac iter:[3], lr:[0.00083473] ,time:[17.058274]s, mse: [0.00003486]
2026-09-09 06:07:10 [INFO] my_app: layer:[7] , lwc lac iter:[4], lr:[0.00075025] ,time:[17.047604]s, mse: [0.00003258]
2026-09-09 06:07:27 [INFO] my_app: layer:[7] , lwc lac iter:[5], lr:[0.00065485] ,time:[17.061326]s, mse: [0.00003023]
2026-09-09 06:07:44 [INFO] my_app: layer:[7] , lwc lac iter:[6], lr:[0.00055271] ,time:[17.067546]s, mse: [0.00002855]
2026-09-09 06:08:01 [INFO] my_app: layer:[7] , lwc lac iter:[7], lr:[0.00044829] ,time:[17.067151]s, mse: [0.00002783]
2026-09-09 06:08:18 [INFO] my_app: layer:[7] , lwc lac iter:[8], lr:[0.00034615] ,time:[17.065531]s, mse: [0.00002760]
2026-09-09 06:08:36 [INFO] my_app: layer:[7] , lwc lac iter:[9], lr:[0.00025075] ,time:[17.059469]s, mse: [0.00002746]
2026-09-09 06:08:53 [INFO] my_app: layer:[7] , lwc lac iter:[10], lr:[0.00016627] ,time:[17.060664]s, mse: [0.00002741]
2026-09-09 06:09:10 [INFO] my_app: layer:[7] , lwc lac iter:[11], lr:[0.00009640] ,time:[17.047515]s, mse: [0.00002735]
2026-09-09 06:09:27 [INFO] my_app: layer:[7] , lwc lac iter:[12], lr:[0.00004418] ,time:[17.047228]s, mse: [0.00002731]
2026-09-09 06:09:44 [INFO] my_app: layer:[7] , lwc lac iter:[13], lr:[0.00001192] ,time:[17.065939]s, mse: [0.00002727]
2026-09-09 06:10:01 [INFO] my_app: layer:[7] , lwc lac iter:[14], lr:[0.00000100] ,time:[17.075181]s, mse: [0.00002725]
2026-09-09 06:10:02 [INFO] my_app: saved parameters for layer 7 at /home/utn/luli38se/cv/QuantVGGT/evaluation/outputs/w4a4/a44_local_model_tracker_fixed_e20.pt_sym/qs_frame_parameters_layer_7.pth
2026-09-09 06:10:02 [INFO] my_app: After frame_Layer_7 Memory Stats:
2026-09-09 06:10:02 [INFO] my_app: Allocated: 5630.78 MB
2026-09-09 06:10:02 [INFO] my_app: Reserved/Cached: 6158.00 MB
2026-09-09 06:10:02 [INFO] my_app: Max Allocated: 13552.02 MB
2026-09-09 06:10:02 [INFO] my_app: Max Reserved: 18402.00 MB
2026-09-09 06:10:02 [INFO] my_app: ========= global_Layer_7 =========
2026-09-09 06:10:02 [INFO] my_app: Before global_Layer_7 Memory Stats:
2026-09-09 06:10:02 [INFO] my_app: Allocated: 5576.91 MB
2026-09-09 06:10:02 [INFO] my_app: Reserved/Cached: 6158.00 MB
2026-09-09 06:10:02 [INFO] my_app: Max Allocated: 13552.02 MB
2026-09-09 06:10:02 [INFO] my_app: Max Reserved: 18402.00 MB
2026-09-09 06:10:05 [INFO] my_app: Layer 7 Epoch 0 Start Memory Stats:
2026-09-09 06:10:05 [INFO] my_app: Allocated: 5576.91 MB
2026-09-09 06:10:05 [INFO] my_app: Reserved/Cached: 6158.00 MB
2026-09-09 06:10:05 [INFO] my_app: Max Allocated: 13552.02 MB
2026-09-09 06:10:05 [INFO] my_app: Max Reserved: 18402.00 MB
2026-09-09 06:10:22 [INFO] my_app: layer:[7] , lwc lac iter:[0], lr:[0.00098908] ,time:[16.971580]s, mse: [0.00005102]
2026-09-09 06:10:39 [INFO] my_app: layer:[7] , lwc lac iter:[1], lr:[0.00095682] ,time:[17.023731]s, mse: [0.00004907]
2026-09-09 06:10:56 [INFO] my_app: layer:[7] , lwc lac iter:[2], lr:[0.00090460] ,time:[17.026538]s, mse: [0.00004673]
2026-09-09 06:11:13 [INFO] my_app: layer:[7] , lwc lac iter:[3], lr:[0.00083473] ,time:[17.024983]s, mse: [0.00004442]
2026-09-09 06:11:30 [INFO] my_app: layer:[7] , lwc lac iter:[4], lr:[0.00075025] ,time:[17.020068]s, mse: [0.00004144]
2026-09-09 06:11:47 [INFO] my_app: layer:[7] , lwc lac iter:[5], lr:[0.00065485] ,time:[17.034978]s, mse: [0.00003831]
2026-09-09 06:12:04 [INFO] my_app: layer:[7] , lwc lac iter:[6], lr:[0.00055271] ,time:[17.046990]s, mse: [0.00003621]
2026-09-09 06:12:21 [INFO] my_app: layer:[7] , lwc lac iter:[7], lr:[0.00044829] ,time:[17.031914]s, mse: [0.00003511]
2026-09-09 06:12:38 [INFO] my_app: layer:[7] , lwc lac iter:[8], lr:[0.00034615] ,time:[17.037440]s, mse: [0.00003469]
2026-09-09 06:12:55 [INFO] my_app: layer:[7] , lwc lac iter:[9], lr:[0.00025075] ,time:[17.028837]s, mse: [0.00003442]
2026-09-09 06:13:12 [INFO] my_app: layer:[7] , lwc lac iter:[10], lr:[0.00016627] ,time:[17.028864]s, mse: [0.00003435]
2026-09-09 06:13:29 [INFO] my_app: layer:[7] , lwc lac iter:[11], lr:[0.00009640] ,time:[17.045435]s, mse: [0.00003427]
2026-09-09 06:13:46 [INFO] my_app: layer:[7] , lwc lac iter:[12], lr:[0.00004418] ,time:[17.043314]s, mse: [0.00003426]
2026-09-09 06:14:03 [INFO] my_app: layer:[7] , lwc lac iter:[13], lr:[0.00001192] ,time:[17.033383]s, mse: [0.00003425]
2026-09-09 06:14:20 [INFO] my_app: layer:[7] , lwc lac iter:[14], lr:[0.00000100] ,time:[17.034961]s, mse: [0.00003423]
2026-09-09 06:14:21 [INFO] my_app: saved parameters for layer 7 at /home/utn/luli38se/cv/QuantVGGT/evaluation/outputs/w4a4/a44_local_model_tracker_fixed_e20.pt_sym/qs_global_parameters_layer_7.pth
2026-09-09 06:14:21 [INFO] my_app: After global_Layer_7 Memory Stats:
2026-09-09 06:14:21 [INFO] my_app: Allocated: 5506.59 MB
2026-09-09 06:14:21 [INFO] my_app: Reserved/Cached: 6046.00 MB
2026-09-09 06:14:21 [INFO] my_app: Max Allocated: 13552.02 MB
2026-09-09 06:14:21 [INFO] my_app: Max Reserved: 18402.00 MB
2026-09-09 06:14:21 [INFO] my_app: ========= frame_Layer_8 =========
2026-09-09 06:14:21 [INFO] my_app: Before frame_Layer_8 Memory Stats:
2026-09-09 06:14:21 [INFO] my_app: Allocated: 5452.71 MB
2026-09-09 06:14:21 [INFO] my_app: Reserved/Cached: 6046.00 MB
2026-09-09 06:14:21 [INFO] my_app: Max Allocated: 13552.02 MB
2026-09-09 06:14:21 [INFO] my_app: Max Reserved: 18402.00 MB
2026-09-09 06:14:25 [INFO] my_app: Layer 8 Epoch 0 Start Memory Stats:
2026-09-09 06:14:25 [INFO] my_app: Allocated: 5452.71 MB
2026-09-09 06:14:25 [INFO] my_app: Reserved/Cached: 6046.00 MB
2026-09-09 06:14:25 [INFO] my_app: Max Allocated: 13552.02 MB
2026-09-09 06:14:25 [INFO] my_app: Max Reserved: 18402.00 MB
2026-09-09 06:14:42 [INFO] my_app: layer:[8] , lwc lac iter:[0], lr:[0.00098908] ,time:[16.972950]s, mse: [0.00003751]
2026-09-09 06:14:59 [INFO] my_app: layer:[8] , lwc lac iter:[1], lr:[0.00095682] ,time:[17.002182]s, mse: [0.00003624]
2026-09-09 06:15:16 [INFO] my_app: layer:[8] , lwc lac iter:[2], lr:[0.00090460] ,time:[16.988116]s, mse: [0.00003470]
2026-09-09 06:15:33 [INFO] my_app: layer:[8] , lwc lac iter:[3], lr:[0.00083473] ,time:[17.018328]s, mse: [0.00003300]
2026-09-09 06:15:50 [INFO] my_app: layer:[8] , lwc lac iter:[4], lr:[0.00075025] ,time:[17.005239]s, mse: [0.00003096]
2026-09-09 06:16:07 [INFO] my_app: layer:[8] , lwc lac iter:[5], lr:[0.00065485] ,time:[17.017023]s, mse: [0.00002860]
2026-09-09 06:16:24 [INFO] my_app: layer:[8] , lwc lac iter:[6], lr:[0.00055271] ,time:[17.016411]s, mse: [0.00002707]
2026-09-09 06:16:41 [INFO] my_app: layer:[8] , lwc lac iter:[7], lr:[0.00044829] ,time:[17.017032]s, mse: [0.00002644]
2026-09-09 06:16:58 [INFO] my_app: layer:[8] , lwc lac iter:[8], lr:[0.00034615] ,time:[17.019341]s, mse: [0.00002610]
2026-09-09 06:17:15 [INFO] my_app: layer:[8] , lwc lac iter:[9], lr:[0.00025075] ,time:[17.037135]s, mse: [0.00002595]
2026-09-09 06:17:32 [INFO] my_app: layer:[8] , lwc lac iter:[10], lr:[0.00016627] ,time:[17.026922]s, mse: [0.00002583]
2026-09-09 06:17:49 [INFO] my_app: layer:[8] , lwc lac iter:[11], lr:[0.00009640] ,time:[17.015356]s, mse: [0.00002573]
2026-09-09 06:18:06 [INFO] my_app: layer:[8] , lwc lac iter:[12], lr:[0.00004418] ,time:[16.998878]s, mse: [0.00002570]
2026-09-09 06:18:23 [INFO] my_app: layer:[8] , lwc lac iter:[13], lr:[0.00001192] ,time:[17.017595]s, mse: [0.00002568]
2026-09-09 06:18:40 [INFO] my_app: layer:[8] , lwc lac iter:[14], lr:[0.00000100] ,time:[17.007174]s, mse: [0.00002567]
2026-09-09 06:18:40 [INFO] my_app: saved parameters for layer 8 at /home/utn/luli38se/cv/QuantVGGT/evaluation/outputs/w4a4/a44_local_model_tracker_fixed_e20.pt_sym/qs_frame_parameters_layer_8.pth
2026-09-09 06:18:40 [INFO] my_app: After frame_Layer_8 Memory Stats:
2026-09-09 06:18:40 [INFO] my_app: Allocated: 5382.39 MB
2026-09-09 06:18:40 [INFO] my_app: Reserved/Cached: 5934.00 MB
2026-09-09 06:18:40 [INFO] my_app: Max Allocated: 13552.02 MB
2026-09-09 06:18:40 [INFO] my_app: Max Reserved: 18402.00 MB
2026-09-09 06:18:41 [INFO] my_app: ========= global_Layer_8 =========
2026-09-09 06:18:41 [INFO] my_app: Before global_Layer_8 Memory Stats:
2026-09-09 06:18:41 [INFO] my_app: Allocated: 5328.52 MB
2026-09-09 06:18:41 [INFO] my_app: Reserved/Cached: 5934.00 MB
2026-09-09 06:18:41 [INFO] my_app: Max Allocated: 13552.02 MB
2026-09-09 06:18:41 [INFO] my_app: Max Reserved: 18402.00 MB
2026-09-09 06:18:44 [INFO] my_app: Layer 8 Epoch 0 Start Memory Stats:
2026-09-09 06:18:44 [INFO] my_app: Allocated: 5328.52 MB
2026-09-09 06:18:44 [INFO] my_app: Reserved/Cached: 5934.00 MB
2026-09-09 06:18:44 [INFO] my_app: Max Allocated: 13552.02 MB
2026-09-09 06:18:44 [INFO] my_app: Max Reserved: 18402.00 MB
2026-09-09 06:19:01 [INFO] my_app: layer:[8] , lwc lac iter:[0], lr:[0.00098908] ,time:[16.937950]s, mse: [0.00003879]
2026-09-09 06:19:18 [INFO] my_app: layer:[8] , lwc lac iter:[1], lr:[0.00095682] ,time:[16.975688]s, mse: [0.00003737]
2026-09-09 06:19:35 [INFO] my_app: layer:[8] , lwc lac iter:[2], lr:[0.00090460] ,time:[16.986180]s, mse: [0.00003571]
2026-09-09 06:19:52 [INFO] my_app: layer:[8] , lwc lac iter:[3], lr:[0.00083473] ,time:[16.985338]s, mse: [0.00003393]
2026-09-09 06:20:09 [INFO] my_app: layer:[8] , lwc lac iter:[4], lr:[0.00075025] ,time:[16.978079]s, mse: [0.00003186]
2026-09-09 06:20:26 [INFO] my_app: layer:[8] , lwc lac iter:[5], lr:[0.00065485] ,time:[16.980189]s, mse: [0.00002943]
2026-09-09 06:20:43 [INFO] my_app: layer:[8] , lwc lac iter:[6], lr:[0.00055271] ,time:[16.988229]s, mse: [0.00002783]
2026-09-09 06:21:00 [INFO] my_app: layer:[8] , lwc lac iter:[7], lr:[0.00044829] ,time:[17.002673]s, mse: [0.00002716]
2026-09-09 06:21:17 [INFO] my_app: layer:[8] , lwc lac iter:[8], lr:[0.00034615] ,time:[16.984651]s, mse: [0.00002699]
2026-09-09 06:21:34 [INFO] my_app: layer:[8] , lwc lac iter:[9], lr:[0.00025075] ,time:[16.981507]s, mse: [0.00002683]
2026-09-09 06:21:51 [INFO] my_app: layer:[8] , lwc lac iter:[10], lr:[0.00016627] ,time:[16.978546]s, mse: [0.00002670]
2026-09-09 06:22:08 [INFO] my_app: layer:[8] , lwc lac iter:[11], lr:[0.00009640] ,time:[17.000060]s, mse: [0.00002666]
2026-09-09 06:22:25 [INFO] my_app: layer:[8] , lwc lac iter:[12], lr:[0.00004418] ,time:[16.983579]s, mse: [0.00002664]
2026-09-09 06:22:42 [INFO] my_app: layer:[8] , lwc lac iter:[13], lr:[0.00001192] ,time:[17.011513]s, mse: [0.00002661]
2026-09-09 06:22:59 [INFO] my_app: layer:[8] , lwc lac iter:[14], lr:[0.00000100] ,time:[16.986587]s, mse: [0.00002659]
2026-09-09 06:22:59 [INFO] my_app: saved parameters for layer 8 at /home/utn/luli38se/cv/QuantVGGT/evaluation/outputs/w4a4/a44_local_model_tracker_fixed_e20.pt_sym/qs_global_parameters_layer_8.pth
2026-09-09 06:22:59 [INFO] my_app: After global_Layer_8 Memory Stats:
2026-09-09 06:22:59 [INFO] my_app: Allocated: 5258.20 MB
2026-09-09 06:22:59 [INFO] my_app: Reserved/Cached: 5822.00 MB
2026-09-09 06:22:59 [INFO] my_app: Max Allocated: 13552.02 MB
2026-09-09 06:22:59 [INFO] my_app: Max Reserved: 18402.00 MB
2026-09-09 06:22:59 [INFO] my_app: ========= frame_Layer_9 =========
2026-09-09 06:22:59 [INFO] my_app: Before frame_Layer_9 Memory Stats:
2026-09-09 06:22:59 [INFO] my_app: Allocated: 5204.32 MB
2026-09-09 06:22:59 [INFO] my_app: Reserved/Cached: 5822.00 MB
2026-09-09 06:22:59 [INFO] my_app: Max Allocated: 13552.02 MB
2026-09-09 06:22:59 [INFO] my_app: Max Reserved: 18402.00 MB
2026-09-09 06:23:03 [INFO] my_app: Layer 9 Epoch 0 Start Memory Stats:
2026-09-09 06:23:03 [INFO] my_app: Allocated: 5204.32 MB
2026-09-09 06:23:03 [INFO] my_app: Reserved/Cached: 5822.00 MB
2026-09-09 06:23:03 [INFO] my_app: Max Allocated: 13552.02 MB
2026-09-09 06:23:03 [INFO] my_app: Max Reserved: 18402.00 MB
2026-09-09 06:23:20 [INFO] my_app: layer:[9] , lwc lac iter:[0], lr:[0.00098908] ,time:[16.959595]s, mse: [0.00004076]
2026-09-09 06:23:37 [INFO] my_app: layer:[9] , lwc lac iter:[1], lr:[0.00095682] ,time:[16.986443]s, mse: [0.00003903]
2026-09-09 06:23:54 [INFO] my_app: layer:[9] , lwc lac iter:[2], lr:[0.00090460] ,time:[16.981850]s, mse: [0.00003734]
2026-09-09 06:24:11 [INFO] my_app: layer:[9] , lwc lac iter:[3], lr:[0.00083473] ,time:[16.978493]s, mse: [0.00003556]
2026-09-09 06:24:28 [INFO] my_app: layer:[9] , lwc lac iter:[4], lr:[0.00075025] ,time:[16.992402]s, mse: [0.00003338]
2026-09-09 06:24:45 [INFO] my_app: layer:[9] , lwc lac iter:[5], lr:[0.00065485] ,time:[17.000738]s, mse: [0.00003100]
2026-09-09 06:25:02 [INFO] my_app: layer:[9] , lwc lac iter:[6], lr:[0.00055271] ,time:[17.004707]s, mse: [0.00002918]
2026-09-09 06:25:19 [INFO] my_app: layer:[9] , lwc lac iter:[7], lr:[0.00044829] ,time:[17.015878]s, mse: [0.00002836]
2026-09-09 06:25:36 [INFO] my_app: layer:[9] , lwc lac iter:[8], lr:[0.00034615] ,time:[17.001303]s, mse: [0.00002805]
2026-09-09 06:25:53 [INFO] my_app: layer:[9] , lwc lac iter:[9], lr:[0.00025075] ,time:[17.003904]s, mse: [0.00002798]
2026-09-09 06:26:10 [INFO] my_app: layer:[9] , lwc lac iter:[10], lr:[0.00016627] ,time:[17.006422]s, mse: [0.00002796]
2026-09-09 06:26:27 [INFO] my_app: layer:[9] , lwc lac iter:[11], lr:[0.00009640] ,time:[17.001394]s, mse: [0.00002791]
2026-09-09 06:26:44 [INFO] my_app: layer:[9] , lwc lac iter:[12], lr:[0.00004418] ,time:[17.006869]s, mse: [0.00002794]
2026-09-09 06:27:01 [INFO] my_app: layer:[9] , lwc lac iter:[13], lr:[0.00001192] ,time:[17.003795]s, mse: [0.00002793]
2026-09-09 06:27:18 [INFO] my_app: layer:[9] , lwc lac iter:[14], lr:[0.00000100] ,time:[17.020226]s, mse: [0.00002795]
2026-09-09 06:27:18 [INFO] my_app: saved parameters for layer 9 at /home/utn/luli38se/cv/QuantVGGT/evaluation/outputs/w4a4/a44_local_model_tracker_fixed_e20.pt_sym/qs_frame_parameters_layer_9.pth
2026-09-09 06:27:18 [INFO] my_app: After frame_Layer_9 Memory Stats:
2026-09-09 06:27:18 [INFO] my_app: Allocated: 5134.00 MB
2026-09-09 06:27:18 [INFO] my_app: Reserved/Cached: 5708.00 MB
2026-09-09 06:27:18 [INFO] my_app: Max Allocated: 13552.02 MB
2026-09-09 06:27:18 [INFO] my_app: Max Reserved: 18402.00 MB
2026-09-09 06:27:18 [INFO] my_app: ========= global_Layer_9 =========
2026-09-09 06:27:18 [INFO] my_app: Before global_Layer_9 Memory Stats:
2026-09-09 06:27:18 [INFO] my_app: Allocated: 5080.13 MB
2026-09-09 06:27:18 [INFO] my_app: Reserved/Cached: 5708.00 MB
2026-09-09 06:27:18 [INFO] my_app: Max Allocated: 13552.02 MB
2026-09-09 06:27:18 [INFO] my_app: Max Reserved: 18402.00 MB
2026-09-09 06:27:22 [INFO] my_app: Layer 9 Epoch 0 Start Memory Stats:
2026-09-09 06:27:22 [INFO] my_app: Allocated: 5080.13 MB
2026-09-09 06:27:22 [INFO] my_app: Reserved/Cached: 5708.00 MB
2026-09-09 06:27:22 [INFO] my_app: Max Allocated: 13552.02 MB
2026-09-09 06:27:22 [INFO] my_app: Max Reserved: 18402.00 MB
2026-09-09 06:27:39 [INFO] my_app: layer:[9] , lwc lac iter:[0], lr:[0.00098908] ,time:[16.943738]s, mse: [0.00005606]
2026-09-09 06:27:56 [INFO] my_app: layer:[9] , lwc lac iter:[1], lr:[0.00095682] ,time:[16.990352]s, mse: [0.00005397]
2026-09-09 06:28:13 [INFO] my_app: layer:[9] , lwc lac iter:[2], lr:[0.00090460] ,time:[16.983873]s, mse: [0.00005168]
2026-09-09 06:28:30 [INFO] my_app: layer:[9] , lwc lac iter:[3], lr:[0.00083473] ,time:[16.978089]s, mse: [0.00004915]
2026-09-09 06:28:47 [INFO] my_app: layer:[9] , lwc lac iter:[4], lr:[0.00075025] ,time:[16.980283]s, mse: [0.00004590]
2026-09-09 06:29:03 [INFO] my_app: layer:[9] , lwc lac iter:[5], lr:[0.00065485] ,time:[16.985525]s, mse: [0.00004243]
2026-09-09 06:29:20 [INFO] my_app: layer:[9] , lwc lac iter:[6], lr:[0.00055271] ,time:[16.991477]s, mse: [0.00004046]
2026-09-09 06:29:37 [INFO] my_app: layer:[9] , lwc lac iter:[7], lr:[0.00044829] ,time:[16.985364]s, mse: [0.00003974]
2026-09-09 06:29:54 [INFO] my_app: layer:[9] , lwc lac iter:[8], lr:[0.00034615] ,time:[17.006707]s, mse: [0.00003954]
2026-09-09 06:30:12 [INFO] my_app: layer:[9] , lwc lac iter:[9], lr:[0.00025075] ,time:[17.023558]s, mse: [0.00003928]
2026-09-09 06:30:28 [INFO] my_app: layer:[9] , lwc lac iter:[10], lr:[0.00016627] ,time:[16.974873]s, mse: [0.00003921]
2026-09-09 06:30:45 [INFO] my_app: layer:[9] , lwc lac iter:[11], lr:[0.00009640] ,time:[16.984397]s, mse: [0.00003910]
2026-09-09 06:31:02 [INFO] my_app: layer:[9] , lwc lac iter:[12], lr:[0.00004418] ,time:[16.987413]s, mse: [0.00003911]
2026-09-09 06:31:19 [INFO] my_app: layer:[9] , lwc lac iter:[13], lr:[0.00001192] ,time:[17.004178]s, mse: [0.00003905]
2026-09-09 06:31:36 [INFO] my_app: layer:[9] , lwc lac iter:[14], lr:[0.00000100] ,time:[17.001975]s, mse: [0.00003904]
2026-09-09 06:31:37 [INFO] my_app: saved parameters for layer 9 at /home/utn/luli38se/cv/QuantVGGT/evaluation/outputs/w4a4/a44_local_model_tracker_fixed_e20.pt_sym/qs_global_parameters_layer_9.pth
2026-09-09 06:31:37 [INFO] my_app: After global_Layer_9 Memory Stats:
2026-09-09 06:31:37 [INFO] my_app: Allocated: 5009.81 MB
2026-09-09 06:31:37 [INFO] my_app: Reserved/Cached: 5596.00 MB
2026-09-09 06:31:37 [INFO] my_app: Max Allocated: 13552.02 MB
2026-09-09 06:31:37 [INFO] my_app: Max Reserved: 18402.00 MB
2026-09-09 06:31:37 [INFO] my_app: ========= frame_Layer_10 =========
2026-09-09 06:31:37 [INFO] my_app: Before frame_Layer_10 Memory Stats:
2026-09-09 06:31:37 [INFO] my_app: Allocated: 4955.93 MB
2026-09-09 06:31:37 [INFO] my_app: Reserved/Cached: 5596.00 MB
2026-09-09 06:31:37 [INFO] my_app: Max Allocated: 13552.02 MB
2026-09-09 06:31:37 [INFO] my_app: Max Reserved: 18402.00 MB
2026-09-09 06:31:41 [INFO] my_app: Layer 10 Epoch 0 Start Memory Stats:
2026-09-09 06:31:41 [INFO] my_app: Allocated: 4955.93 MB
2026-09-09 06:31:41 [INFO] my_app: Reserved/Cached: 5596.00 MB
2026-09-09 06:31:41 [INFO] my_app: Max Allocated: 13552.02 MB
2026-09-09 06:31:41 [INFO] my_app: Max Reserved: 18402.00 MB
2026-09-09 06:31:57 [INFO] my_app: layer:[10] , lwc lac iter:[0], lr:[0.00098908] ,time:[16.991077]s, mse: [0.00006099]
2026-09-09 06:32:15 [INFO] my_app: layer:[10] , lwc lac iter:[1], lr:[0.00095682] ,time:[17.035967]s, mse: [0.00005794]
2026-09-09 06:32:32 [INFO] my_app: layer:[10] , lwc lac iter:[2], lr:[0.00090460] ,time:[17.031686]s, mse: [0.00005503]
2026-09-09 06:32:49 [INFO] my_app: layer:[10] , lwc lac iter:[3], lr:[0.00083473] ,time:[17.029566]s, mse: [0.00005224]
2026-09-09 06:33:06 [INFO] my_app: layer:[10] , lwc lac iter:[4], lr:[0.00075025] ,time:[17.020585]s, mse: [0.00004842]
2026-09-09 06:33:23 [INFO] my_app: layer:[10] , lwc lac iter:[5], lr:[0.00065485] ,time:[17.016865]s, mse: [0.00004479]
2026-09-09 06:33:40 [INFO] my_app: layer:[10] , lwc lac iter:[6], lr:[0.00055271] ,time:[17.030937]s, mse: [0.00004220]
2026-09-09 06:33:57 [INFO] my_app: layer:[10] , lwc lac iter:[7], lr:[0.00044829] ,time:[17.034712]s, mse: [0.00004129]
2026-09-09 06:34:14 [INFO] my_app: layer:[10] , lwc lac iter:[8], lr:[0.00034615] ,time:[17.030377]s, mse: [0.00004098]
2026-09-09 06:34:31 [INFO] my_app: layer:[10] , lwc lac iter:[9], lr:[0.00025075] ,time:[17.029157]s, mse: [0.00004080]
2026-09-09 06:34:48 [INFO] my_app: layer:[10] , lwc lac iter:[10], lr:[0.00016627] ,time:[17.034554]s, mse: [0.00004065]
2026-09-09 06:35:05 [INFO] my_app: layer:[10] , lwc lac iter:[11], lr:[0.00009640] ,time:[17.042479]s, mse: [0.00004052]
2026-09-09 06:35:22 [INFO] my_app: layer:[10] , lwc lac iter:[12], lr:[0.00004418] ,time:[17.033467]s, mse: [0.00004047]
2026-09-09 06:35:39 [INFO] my_app: layer:[10] , lwc lac iter:[13], lr:[0.00001192] ,time:[17.012410]s, mse: [0.00004044]
2026-09-09 06:35:56 [INFO] my_app: layer:[10] , lwc lac iter:[14], lr:[0.00000100] ,time:[17.032849]s, mse: [0.00004043]
2026-09-09 06:35:57 [INFO] my_app: saved parameters for layer 10 at /home/utn/luli38se/cv/QuantVGGT/evaluation/outputs/w4a4/a44_local_model_tracker_fixed_e20.pt_sym/qs_frame_parameters_layer_10.pth
2026-09-09 06:35:57 [INFO] my_app: After frame_Layer_10 Memory Stats:
2026-09-09 06:35:57 [INFO] my_app: Allocated: 4885.61 MB
2026-09-09 06:35:57 [INFO] my_app: Reserved/Cached: 5484.00 MB
2026-09-09 06:35:57 [INFO] my_app: Max Allocated: 13552.02 MB
2026-09-09 06:35:57 [INFO] my_app: Max Reserved: 18402.00 MB
2026-09-09 06:35:57 [INFO] my_app: ========= global_Layer_10 =========
2026-09-09 06:35:57 [INFO] my_app: Before global_Layer_10 Memory Stats:
2026-09-09 06:35:57 [INFO] my_app: Allocated: 4831.73 MB
2026-09-09 06:35:57 [INFO] my_app: Reserved/Cached: 5484.00 MB
2026-09-09 06:35:57 [INFO] my_app: Max Allocated: 13552.02 MB
2026-09-09 06:35:57 [INFO] my_app: Max Reserved: 18402.00 MB
2026-09-09 06:36:00 [INFO] my_app: Layer 10 Epoch 0 Start Memory Stats:
2026-09-09 06:36:00 [INFO] my_app: Allocated: 4831.73 MB
2026-09-09 06:36:00 [INFO] my_app: Reserved/Cached: 5484.00 MB
2026-09-09 06:36:00 [INFO] my_app: Max Allocated: 13552.02 MB
2026-09-09 06:36:00 [INFO] my_app: Max Reserved: 18402.00 MB
2026-09-09 06:36:17 [INFO] my_app: layer:[10] , lwc lac iter:[0], lr:[0.00098908] ,time:[16.967742]s, mse: [0.00008237]
2026-09-09 06:36:34 [INFO] my_app: layer:[10] , lwc lac iter:[1], lr:[0.00095682] ,time:[16.995667]s, mse: [0.00007820]
2026-09-09 06:36:51 [INFO] my_app: layer:[10] , lwc lac iter:[2], lr:[0.00090460] ,time:[16.988679]s, mse: [0.00007416]
2026-09-09 06:37:08 [INFO] my_app: layer:[10] , lwc lac iter:[3], lr:[0.00083473] ,time:[17.016518]s, mse: [0.00007012]
2026-09-09 06:37:25 [INFO] my_app: layer:[10] , lwc lac iter:[4], lr:[0.00075025] ,time:[16.983512]s, mse: [0.00006544]
2026-09-09 06:37:42 [INFO] my_app: layer:[10] , lwc lac iter:[5], lr:[0.00065485] ,time:[17.000557]s, mse: [0.00006002]
2026-09-09 06:37:59 [INFO] my_app: layer:[10] , lwc lac iter:[6], lr:[0.00055271] ,time:[16.989983]s, mse: [0.00005685]
2026-09-09 06:38:16 [INFO] my_app: layer:[10] , lwc lac iter:[7], lr:[0.00044829] ,time:[17.006347]s, mse: [0.00005607]
2026-09-09 06:38:33 [INFO] my_app: layer:[10] , lwc lac iter:[8], lr:[0.00034615] ,time:[17.003903]s, mse: [0.00005583]
2026-09-09 06:38:50 [INFO] my_app: layer:[10] , lwc lac iter:[9], lr:[0.00025075] ,time:[17.012850]s, mse: [0.00005536]
2026-09-09 06:39:07 [INFO] my_app: layer:[10] , lwc lac iter:[10], lr:[0.00016627] ,time:[17.009381]s, mse: [0.00005511]
2026-09-09 06:39:24 [INFO] my_app: layer:[10] , lwc lac iter:[11], lr:[0.00009640] ,time:[17.005737]s, mse: [0.00005496]
2026-09-09 06:39:41 [INFO] my_app: layer:[10] , lwc lac iter:[12], lr:[0.00004418] ,time:[17.003081]s, mse: [0.00005494]
2026-09-09 06:39:58 [INFO] my_app: layer:[10] , lwc lac iter:[13], lr:[0.00001192] ,time:[17.008638]s, mse: [0.00005479]
2026-09-09 06:40:15 [INFO] my_app: layer:[10] , lwc lac iter:[14], lr:[0.00000100] ,time:[17.014381]s, mse: [0.00005476]
2026-09-09 06:40:16 [INFO] my_app: saved parameters for layer 10 at /home/utn/luli38se/cv/QuantVGGT/evaluation/outputs/w4a4/a44_local_model_tracker_fixed_e20.pt_sym/qs_global_parameters_layer_10.pth
2026-09-09 06:40:16 [INFO] my_app: After global_Layer_10 Memory Stats:
2026-09-09 06:40:16 [INFO] my_app: Allocated: 4761.41 MB
2026-09-09 06:40:16 [INFO] my_app: Reserved/Cached: 5436.00 MB
2026-09-09 06:40:16 [INFO] my_app: Max Allocated: 13552.02 MB
2026-09-09 06:40:16 [INFO] my_app: Max Reserved: 18402.00 MB
2026-09-09 06:40:16 [INFO] my_app: ========= frame_Layer_11 =========
2026-09-09 06:40:16 [INFO] my_app: Before frame_Layer_11 Memory Stats:
2026-09-09 06:40:16 [INFO] my_app: Allocated: 4707.54 MB
2026-09-09 06:40:16 [INFO] my_app: Reserved/Cached: 5436.00 MB
2026-09-09 06:40:16 [INFO] my_app: Max Allocated: 13552.02 MB
2026-09-09 06:40:16 [INFO] my_app: Max Reserved: 18402.00 MB
2026-09-09 06:40:19 [INFO] my_app: Layer 11 Epoch 0 Start Memory Stats:
2026-09-09 06:40:19 [INFO] my_app: Allocated: 4707.54 MB
2026-09-09 06:40:19 [INFO] my_app: Reserved/Cached: 5436.00 MB
2026-09-09 06:40:19 [INFO] my_app: Max Allocated: 13552.02 MB
2026-09-09 06:40:19 [INFO] my_app: Max Reserved: 18402.00 MB
2026-09-09 06:40:36 [INFO] my_app: layer:[11] , lwc lac iter:[0], lr:[0.00098908] ,time:[16.905711]s, mse: [0.00010150]
2026-09-09 06:40:53 [INFO] my_app: layer:[11] , lwc lac iter:[1], lr:[0.00095682] ,time:[16.948445]s, mse: [0.00009504]
2026-09-09 06:41:10 [INFO] my_app: layer:[11] , lwc lac iter:[2], lr:[0.00090460] ,time:[16.943042]s, mse: [0.00008972]
2026-09-09 06:41:27 [INFO] my_app: layer:[11] , lwc lac iter:[3], lr:[0.00083473] ,time:[16.945886]s, mse: [0.00008391]
2026-09-09 06:41:44 [INFO] my_app: layer:[11] , lwc lac iter:[4], lr:[0.00075025] ,time:[16.947541]s, mse: [0.00007679]
2026-09-09 06:42:01 [INFO] my_app: layer:[11] , lwc lac iter:[5], lr:[0.00065485] ,time:[16.942431]s, mse: [0.00007004]
2026-09-09 06:42:18 [INFO] my_app: layer:[11] , lwc lac iter:[6], lr:[0.00055271] ,time:[16.964712]s, mse: [0.00006689]
2026-09-09 06:42:35 [INFO] my_app: layer:[11] , lwc lac iter:[7], lr:[0.00044829] ,time:[16.948193]s, mse: [0.00006585]
2026-09-09 06:42:52 [INFO] my_app: layer:[11] , lwc lac iter:[8], lr:[0.00034615] ,time:[16.954048]s, mse: [0.00006512]
2026-09-09 06:43:09 [INFO] my_app: layer:[11] , lwc lac iter:[9], lr:[0.00025075] ,time:[16.952505]s, mse: [0.00006463]
2026-09-09 06:43:25 [INFO] my_app: layer:[11] , lwc lac iter:[10], lr:[0.00016627] ,time:[16.963450]s, mse: [0.00006455]
2026-09-09 06:43:42 [INFO] my_app: layer:[11] , lwc lac iter:[11], lr:[0.00009640] ,time:[16.943045]s, mse: [0.00006440]
2026-09-09 06:43:59 [INFO] my_app: layer:[11] , lwc lac iter:[12], lr:[0.00004418] ,time:[16.939073]s, mse: [0.00006429]
2026-09-09 06:44:16 [INFO] my_app: layer:[11] , lwc lac iter:[13], lr:[0.00001192] ,time:[16.968383]s, mse: [0.00006425]
2026-09-09 06:44:33 [INFO] my_app: layer:[11] , lwc lac iter:[14], lr:[0.00000100] ,time:[16.950706]s, mse: [0.00006426]
2026-09-09 06:44:34 [INFO] my_app: saved parameters for layer 11 at /home/utn/luli38se/cv/QuantVGGT/evaluation/outputs/w4a4/a44_local_model_tracker_fixed_e20.pt_sym/qs_frame_parameters_layer_11.pth
2026-09-09 06:44:34 [INFO] my_app: After frame_Layer_11 Memory Stats:
2026-09-09 06:44:34 [INFO] my_app: Allocated: 4637.22 MB
2026-09-09 06:44:34 [INFO] my_app: Reserved/Cached: 5324.00 MB
2026-09-09 06:44:34 [INFO] my_app: Max Allocated: 13552.02 MB
2026-09-09 06:44:34 [INFO] my_app: Max Reserved: 18402.00 MB
2026-09-09 06:44:34 [INFO] my_app: ========= global_Layer_11 =========
2026-09-09 06:44:34 [INFO] my_app: Before global_Layer_11 Memory Stats:
2026-09-09 06:44:34 [INFO] my_app: Allocated: 4583.34 MB
2026-09-09 06:44:34 [INFO] my_app: Reserved/Cached: 5324.00 MB
2026-09-09 06:44:34 [INFO] my_app: Max Allocated: 13552.02 MB
2026-09-09 06:44:34 [INFO] my_app: Max Reserved: 18402.00 MB
2026-09-09 06:44:37 [INFO] my_app: Layer 11 Epoch 0 Start Memory Stats:
2026-09-09 06:44:37 [INFO] my_app: Allocated: 4583.34 MB
2026-09-09 06:44:37 [INFO] my_app: Reserved/Cached: 5324.00 MB
2026-09-09 06:44:37 [INFO] my_app: Max Allocated: 13552.02 MB
2026-09-09 06:44:37 [INFO] my_app: Max Reserved: 18402.00 MB
2026-09-09 06:44:54 [INFO] my_app: layer:[11] , lwc lac iter:[0], lr:[0.00098908] ,time:[16.935571]s, mse: [0.00024327]
2026-09-09 06:45:11 [INFO] my_app: layer:[11] , lwc lac iter:[1], lr:[0.00095682] ,time:[16.967146]s, mse: [0.00022885]
2026-09-09 06:45:28 [INFO] my_app: layer:[11] , lwc lac iter:[2], lr:[0.00090460] ,time:[16.963847]s, mse: [0.00021695]
2026-09-09 06:45:45 [INFO] my_app: layer:[11] , lwc lac iter:[3], lr:[0.00083473] ,time:[16.966401]s, mse: [0.00020377]
2026-09-09 06:46:02 [INFO] my_app: layer:[11] , lwc lac iter:[4], lr:[0.00075025] ,time:[16.978125]s, mse: [0.00018775]
2026-09-09 06:46:19 [INFO] my_app: layer:[11] , lwc lac iter:[5], lr:[0.00065485] ,time:[16.978232]s, mse: [0.00017198]
2026-09-09 06:46:36 [INFO] my_app: layer:[11] , lwc lac iter:[6], lr:[0.00055271] ,time:[16.966967]s, mse: [0.00016247]
2026-09-09 06:46:53 [INFO] my_app: layer:[11] , lwc lac iter:[7], lr:[0.00044829] ,time:[16.969051]s, mse: [0.00015906]
2026-09-09 06:47:10 [INFO] my_app: layer:[11] , lwc lac iter:[8], lr:[0.00034615] ,time:[16.978369]s, mse: [0.00015701]
2026-09-09 06:47:27 [INFO] my_app: layer:[11] , lwc lac iter:[9], lr:[0.00025075] ,time:[16.973678]s, mse: [0.00015619]
2026-09-09 06:47:44 [INFO] my_app: layer:[11] , lwc lac iter:[10], lr:[0.00016627] ,time:[16.976090]s, mse: [0.00015544]
2026-09-09 06:48:01 [INFO] my_app: layer:[11] , lwc lac iter:[11], lr:[0.00009640] ,time:[16.980886]s, mse: [0.00015549]
2026-09-09 06:48:18 [INFO] my_app: layer:[11] , lwc lac iter:[12], lr:[0.00004418] ,time:[16.980381]s, mse: [0.00015519]
2026-09-09 06:48:35 [INFO] my_app: layer:[11] , lwc lac iter:[13], lr:[0.00001192] ,time:[16.973745]s, mse: [0.00015519]
2026-09-09 06:48:52 [INFO] my_app: layer:[11] , lwc lac iter:[14], lr:[0.00000100] ,time:[16.962233]s, mse: [0.00015519]
2026-09-09 06:48:53 [INFO] my_app: saved parameters for layer 11 at /home/utn/luli38se/cv/QuantVGGT/evaluation/outputs/w4a4/a44_local_model_tracker_fixed_e20.pt_sym/qs_global_parameters_layer_11.pth
2026-09-09 06:48:53 [INFO] my_app: After global_Layer_11 Memory Stats:
2026-09-09 06:48:53 [INFO] my_app: Allocated: 4513.02 MB
2026-09-09 06:48:53 [INFO] my_app: Reserved/Cached: 5212.00 MB
2026-09-09 06:48:53 [INFO] my_app: Max Allocated: 13552.02 MB
2026-09-09 06:48:53 [INFO] my_app: Max Reserved: 18402.00 MB
2026-09-09 06:48:53 [INFO] my_app: ========= frame_Layer_12 =========
2026-09-09 06:48:53 [INFO] my_app: Before frame_Layer_12 Memory Stats:
2026-09-09 06:48:53 [INFO] my_app: Allocated: 4459.15 MB
2026-09-09 06:48:53 [INFO] my_app: Reserved/Cached: 5212.00 MB
2026-09-09 06:48:53 [INFO] my_app: Max Allocated: 13552.02 MB
2026-09-09 06:48:53 [INFO] my_app: Max Reserved: 18402.00 MB
2026-09-09 06:48:56 [INFO] my_app: Layer 12 Epoch 0 Start Memory Stats:
2026-09-09 06:48:56 [INFO] my_app: Allocated: 4459.15 MB
2026-09-09 06:48:56 [INFO] my_app: Reserved/Cached: 5212.00 MB
2026-09-09 06:48:56 [INFO] my_app: Max Allocated: 13552.02 MB
2026-09-09 06:48:56 [INFO] my_app: Max Reserved: 18402.00 MB
2026-09-09 06:49:13 [INFO] my_app: layer:[12] , lwc lac iter:[0], lr:[0.00098908] ,time:[16.922913]s, mse: [0.00023739]
2026-09-09 06:49:30 [INFO] my_app: layer:[12] , lwc lac iter:[1], lr:[0.00095682] ,time:[16.942159]s, mse: [0.00021918]
2026-09-09 06:49:47 [INFO] my_app: layer:[12] , lwc lac iter:[2], lr:[0.00090460] ,time:[16.962293]s, mse: [0.00020188]
2026-09-09 06:50:04 [INFO] my_app: layer:[12] , lwc lac iter:[3], lr:[0.00083473] ,time:[16.953898]s, mse: [0.00018568]
2026-09-09 06:50:21 [INFO] my_app: layer:[12] , lwc lac iter:[4], lr:[0.00075025] ,time:[16.957049]s, mse: [0.00017055]
2026-09-09 06:50:38 [INFO] my_app: layer:[12] , lwc lac iter:[5], lr:[0.00065485] ,time:[16.961000]s, mse: [0.00015440]
2026-09-09 06:50:55 [INFO] my_app: layer:[12] , lwc lac iter:[6], lr:[0.00055271] ,time:[16.950539]s, mse: [0.00014300]
2026-09-09 06:51:12 [INFO] my_app: layer:[12] , lwc lac iter:[7], lr:[0.00044829] ,time:[16.967016]s, mse: [0.00013840]
2026-09-09 06:51:29 [INFO] my_app: layer:[12] , lwc lac iter:[8], lr:[0.00034615] ,time:[16.958871]s, mse: [0.00013676]
2026-09-09 06:51:45 [INFO] my_app: layer:[12] , lwc lac iter:[9], lr:[0.00025075] ,time:[16.961598]s, mse: [0.00013566]
2026-09-09 06:52:02 [INFO] my_app: layer:[12] , lwc lac iter:[10], lr:[0.00016627] ,time:[16.941252]s, mse: [0.00013470]
2026-09-09 06:52:19 [INFO] my_app: layer:[12] , lwc lac iter:[11], lr:[0.00009640] ,time:[16.978025]s, mse: [0.00013430]
2026-09-09 06:52:36 [INFO] my_app: layer:[12] , lwc lac iter:[12], lr:[0.00004418] ,time:[16.957856]s, mse: [0.00013428]
2026-09-09 06:52:53 [INFO] my_app: layer:[12] , lwc lac iter:[13], lr:[0.00001192] ,time:[16.951986]s, mse: [0.00013453]
2026-09-09 06:53:10 [INFO] my_app: layer:[12] , lwc lac iter:[14], lr:[0.00000100] ,time:[16.968836]s, mse: [0.00013455]
2026-09-09 06:53:11 [INFO] my_app: saved parameters for layer 12 at /home/utn/luli38se/cv/QuantVGGT/evaluation/outputs/w4a4/a44_local_model_tracker_fixed_e20.pt_sym/qs_frame_parameters_layer_12.pth
2026-09-09 06:53:11 [INFO] my_app: After frame_Layer_12 Memory Stats:
2026-09-09 06:53:11 [INFO] my_app: Allocated: 4388.83 MB
2026-09-09 06:53:11 [INFO] my_app: Reserved/Cached: 5036.00 MB
2026-09-09 06:53:11 [INFO] my_app: Max Allocated: 13552.02 MB
2026-09-09 06:53:11 [INFO] my_app: Max Reserved: 18402.00 MB
2026-09-09 06:53:11 [INFO] my_app: ========= global_Layer_12 =========
2026-09-09 06:53:11 [INFO] my_app: Before global_Layer_12 Memory Stats:
2026-09-09 06:53:11 [INFO] my_app: Allocated: 4334.95 MB
2026-09-09 06:53:11 [INFO] my_app: Reserved/Cached: 5036.00 MB
2026-09-09 06:53:11 [INFO] my_app: Max Allocated: 13552.02 MB
2026-09-09 06:53:11 [INFO] my_app: Max Reserved: 18402.00 MB
2026-09-09 06:53:14 [INFO] my_app: Layer 12 Epoch 0 Start Memory Stats:
2026-09-09 06:53:14 [INFO] my_app: Allocated: 4334.95 MB
2026-09-09 06:53:14 [INFO] my_app: Reserved/Cached: 5036.00 MB
2026-09-09 06:53:14 [INFO] my_app: Max Allocated: 13552.02 MB
2026-09-09 06:53:14 [INFO] my_app: Max Reserved: 18402.00 MB
2026-09-09 06:53:31 [INFO] my_app: layer:[12] , lwc lac iter:[0], lr:[0.00098908] ,time:[16.936040]s, mse: [0.00037776]
2026-09-09 06:53:48 [INFO] my_app: layer:[12] , lwc lac iter:[1], lr:[0.00095682] ,time:[16.980919]s, mse: [0.00034754]
2026-09-09 06:54:05 [INFO] my_app: layer:[12] , lwc lac iter:[2], lr:[0.00090460] ,time:[16.988142]s, mse: [0.00032060]
2026-09-09 06:54:22 [INFO] my_app: layer:[12] , lwc lac iter:[3], lr:[0.00083473] ,time:[16.986077]s, mse: [0.00029513]
2026-09-09 06:54:39 [INFO] my_app: layer:[12] , lwc lac iter:[4], lr:[0.00075025] ,time:[16.985176]s, mse: [0.00026801]
2026-09-09 06:54:56 [INFO] my_app: layer:[12] , lwc lac iter:[5], lr:[0.00065485] ,time:[16.985311]s, mse: [0.00024398]
2026-09-09 06:55:13 [INFO] my_app: layer:[12] , lwc lac iter:[6], lr:[0.00055271] ,time:[16.976698]s, mse: [0.00023204]
2026-09-09 06:55:30 [INFO] my_app: layer:[12] , lwc lac iter:[7], lr:[0.00044829] ,time:[16.978037]s, mse: [0.00022588]
2026-09-09 06:55:47 [INFO] my_app: layer:[12] , lwc lac iter:[8], lr:[0.00034615] ,time:[16.987241]s, mse: [0.00022223]
2026-09-09 06:56:04 [INFO] my_app: layer:[12] , lwc lac iter:[9], lr:[0.00025075] ,time:[16.965821]s, mse: [0.00022133]
2026-09-09 06:56:21 [INFO] my_app: layer:[12] , lwc lac iter:[10], lr:[0.00016627] ,time:[16.977440]s, mse: [0.00022067]
2026-09-09 06:56:38 [INFO] my_app: layer:[12] , lwc lac iter:[11], lr:[0.00009640] ,time:[16.971002]s, mse: [0.00022080]
2026-09-09 06:56:55 [INFO] my_app: layer:[12] , lwc lac iter:[12], lr:[0.00004418] ,time:[16.981681]s, mse: [0.00022136]
2026-09-09 06:57:12 [INFO] my_app: layer:[12] , lwc lac iter:[13], lr:[0.00001192] ,time:[16.974820]s, mse: [0.00022111]
2026-09-09 06:57:29 [INFO] my_app: layer:[12] , lwc lac iter:[14], lr:[0.00000100] ,time:[16.966609]s, mse: [0.00022067]
2026-09-09 06:57:30 [INFO] my_app: saved parameters for layer 12 at /home/utn/luli38se/cv/QuantVGGT/evaluation/outputs/w4a4/a44_local_model_tracker_fixed_e20.pt_sym/qs_global_parameters_layer_12.pth
2026-09-09 06:57:30 [INFO] my_app: After global_Layer_12 Memory Stats:
2026-09-09 06:57:30 [INFO] my_app: Allocated: 4264.63 MB
2026-09-09 06:57:30 [INFO] my_app: Reserved/Cached: 4924.00 MB
2026-09-09 06:57:30 [INFO] my_app: Max Allocated: 13552.02 MB
2026-09-09 06:57:30 [INFO] my_app: Max Reserved: 18402.00 MB
2026-09-09 06:57:30 [INFO] my_app: ========= frame_Layer_13 =========
2026-09-09 06:57:30 [INFO] my_app: Before frame_Layer_13 Memory Stats:
2026-09-09 06:57:30 [INFO] my_app: Allocated: 4210.76 MB
2026-09-09 06:57:30 [INFO] my_app: Reserved/Cached: 4924.00 MB
2026-09-09 06:57:30 [INFO] my_app: Max Allocated: 13552.02 MB
2026-09-09 06:57:30 [INFO] my_app: Max Reserved: 18402.00 MB
2026-09-09 06:57:33 [INFO] my_app: Layer 13 Epoch 0 Start Memory Stats:
2026-09-09 06:57:33 [INFO] my_app: Allocated: 4210.76 MB
2026-09-09 06:57:33 [INFO] my_app: Reserved/Cached: 4924.00 MB
2026-09-09 06:57:33 [INFO] my_app: Max Allocated: 13552.02 MB
2026-09-09 06:57:33 [INFO] my_app: Max Reserved: 18402.00 MB
2026-09-09 06:57:50 [INFO] my_app: layer:[13] , lwc lac iter:[0], lr:[0.00098908] ,time:[16.932495]s, mse: [0.00046210]
2026-09-09 06:58:07 [INFO] my_app: layer:[13] , lwc lac iter:[1], lr:[0.00095682] ,time:[16.957562]s, mse: [0.00042312]
2026-09-09 06:58:24 [INFO] my_app: layer:[13] , lwc lac iter:[2], lr:[0.00090460] ,time:[16.993887]s, mse: [0.00038891]
2026-09-09 06:58:41 [INFO] my_app: layer:[13] , lwc lac iter:[3], lr:[0.00083473] ,time:[16.982058]s, mse: [0.00035675]
2026-09-09 06:58:58 [INFO] my_app: layer:[13] , lwc lac iter:[4], lr:[0.00075025] ,time:[16.983435]s, mse: [0.00032292]
2026-09-09 06:59:15 [INFO] my_app: layer:[13] , lwc lac iter:[5], lr:[0.00065485] ,time:[16.989908]s, mse: [0.00029322]
2026-09-09 06:59:32 [INFO] my_app: layer:[13] , lwc lac iter:[6], lr:[0.00055271] ,time:[16.986221]s, mse: [0.00027514]
2026-09-09 06:59:49 [INFO] my_app: layer:[13] , lwc lac iter:[7], lr:[0.00044829] ,time:[16.978447]s, mse: [0.00026779]
2026-09-09 07:00:06 [INFO] my_app: layer:[13] , lwc lac iter:[8], lr:[0.00034615] ,time:[16.981833]s, mse: [0.00026552]
2026-09-09 07:00:23 [INFO] my_app: layer:[13] , lwc lac iter:[9], lr:[0.00025075] ,time:[16.982427]s, mse: [0.00026322]
2026-09-09 07:00:40 [INFO] my_app: layer:[13] , lwc lac iter:[10], lr:[0.00016627] ,time:[16.984523]s, mse: [0.00026222]
2026-09-09 07:00:57 [INFO] my_app: layer:[13] , lwc lac iter:[11], lr:[0.00009640] ,time:[16.976646]s, mse: [0.00026173]
2026-09-09 07:01:14 [INFO] my_app: layer:[13] , lwc lac iter:[12], lr:[0.00004418] ,time:[17.000354]s, mse: [0.00026104]
2026-09-09 07:01:31 [INFO] my_app: layer:[13] , lwc lac iter:[13], lr:[0.00001192] ,time:[16.983544]s, mse: [0.00026083]
2026-09-09 07:01:48 [INFO] my_app: layer:[13] , lwc lac iter:[14], lr:[0.00000100] ,time:[16.979065]s, mse: [0.00026086]
2026-09-09 07:01:48 [INFO] my_app: saved parameters for layer 13 at /home/utn/luli38se/cv/QuantVGGT/evaluation/outputs/w4a4/a44_local_model_tracker_fixed_e20.pt_sym/qs_frame_parameters_layer_13.pth
2026-09-09 07:01:48 [INFO] my_app: After frame_Layer_13 Memory Stats:
2026-09-09 07:01:48 [INFO] my_app: Allocated: 4140.44 MB
2026-09-09 07:01:48 [INFO] my_app: Reserved/Cached: 4812.00 MB
2026-09-09 07:01:48 [INFO] my_app: Max Allocated: 13552.02 MB
2026-09-09 07:01:48 [INFO] my_app: Max Reserved: 18402.00 MB
2026-09-09 07:01:48 [INFO] my_app: ========= global_Layer_13 =========
2026-09-09 07:01:48 [INFO] my_app: Before global_Layer_13 Memory Stats:
2026-09-09 07:01:48 [INFO] my_app: Allocated: 4086.56 MB
2026-09-09 07:01:48 [INFO] my_app: Reserved/Cached: 4812.00 MB
2026-09-09 07:01:48 [INFO] my_app: Max Allocated: 13552.02 MB
2026-09-09 07:01:48 [INFO] my_app: Max Reserved: 18402.00 MB
2026-09-09 07:01:52 [INFO] my_app: Layer 13 Epoch 0 Start Memory Stats:
2026-09-09 07:01:52 [INFO] my_app: Allocated: 4086.56 MB
2026-09-09 07:01:52 [INFO] my_app: Reserved/Cached: 4812.00 MB
2026-09-09 07:01:52 [INFO] my_app: Max Allocated: 13552.02 MB
2026-09-09 07:01:52 [INFO] my_app: Max Reserved: 18402.00 MB
2026-09-09 07:02:09 [INFO] my_app: layer:[13] , lwc lac iter:[0], lr:[0.00098908] ,time:[16.918046]s, mse: [0.00082249]
2026-09-09 07:02:26 [INFO] my_app: layer:[13] , lwc lac iter:[1], lr:[0.00095682] ,time:[16.952367]s, mse: [0.00075527]
2026-09-09 07:02:43 [INFO] my_app: layer:[13] , lwc lac iter:[2], lr:[0.00090460] ,time:[16.940351]s, mse: [0.00069980]
2026-09-09 07:03:00 [INFO] my_app: layer:[13] , lwc lac iter:[3], lr:[0.00083473] ,time:[16.940262]s, mse: [0.00063969]
2026-09-09 07:03:16 [INFO] my_app: layer:[13] , lwc lac iter:[4], lr:[0.00075025] ,time:[16.970763]s, mse: [0.00057777]
2026-09-09 07:03:33 [INFO] my_app: layer:[13] , lwc lac iter:[5], lr:[0.00065485] ,time:[16.957574]s, mse: [0.00052815]
2026-09-09 07:03:50 [INFO] my_app: layer:[13] , lwc lac iter:[6], lr:[0.00055271] ,time:[16.970681]s, mse: [0.00049962]
2026-09-09 07:04:07 [INFO] my_app: layer:[13] , lwc lac iter:[7], lr:[0.00044829] ,time:[16.971929]s, mse: [0.00048396]
2026-09-09 07:04:24 [INFO] my_app: layer:[13] , lwc lac iter:[8], lr:[0.00034615] ,time:[16.981794]s, mse: [0.00047508]
2026-09-09 07:04:41 [INFO] my_app: layer:[13] , lwc lac iter:[9], lr:[0.00025075] ,time:[16.952996]s, mse: [0.00047150]
2026-09-09 07:04:58 [INFO] my_app: layer:[13] , lwc lac iter:[10], lr:[0.00016627] ,time:[16.953331]s, mse: [0.00047282]
2026-09-09 07:05:15 [INFO] my_app: layer:[13] , lwc lac iter:[11], lr:[0.00009640] ,time:[16.978215]s, mse: [0.00047336]
2026-09-09 07:05:32 [INFO] my_app: layer:[13] , lwc lac iter:[12], lr:[0.00004418] ,time:[16.964040]s, mse: [0.00047314]
2026-09-09 07:05:49 [INFO] my_app: layer:[13] , lwc lac iter:[13], lr:[0.00001192] ,time:[16.960478]s, mse: [0.00047226]
2026-09-09 07:06:06 [INFO] my_app: layer:[13] , lwc lac iter:[14], lr:[0.00000100] ,time:[16.968070]s, mse: [0.00047285]
2026-09-09 07:06:07 [INFO] my_app: saved parameters for layer 13 at /home/utn/luli38se/cv/QuantVGGT/evaluation/outputs/w4a4/a44_local_model_tracker_fixed_e20.pt_sym/qs_global_parameters_layer_13.pth
2026-09-09 07:06:07 [INFO] my_app: After global_Layer_13 Memory Stats:
2026-09-09 07:06:07 [INFO] my_app: Allocated: 4016.24 MB
2026-09-09 07:06:07 [INFO] my_app: Reserved/Cached: 4700.00 MB
2026-09-09 07:06:07 [INFO] my_app: Max Allocated: 13552.02 MB
2026-09-09 07:06:07 [INFO] my_app: Max Reserved: 18402.00 MB
2026-09-09 07:06:07 [INFO] my_app: ========= frame_Layer_14 =========
2026-09-09 07:06:07 [INFO] my_app: Before frame_Layer_14 Memory Stats:
2026-09-09 07:06:07 [INFO] my_app: Allocated: 3962.37 MB
2026-09-09 07:06:07 [INFO] my_app: Reserved/Cached: 4700.00 MB
2026-09-09 07:06:07 [INFO] my_app: Max Allocated: 13552.02 MB
2026-09-09 07:06:07 [INFO] my_app: Max Reserved: 18402.00 MB
2026-09-09 07:06:10 [INFO] my_app: Layer 14 Epoch 0 Start Memory Stats:
2026-09-09 07:06:10 [INFO] my_app: Allocated: 3962.37 MB
2026-09-09 07:06:10 [INFO] my_app: Reserved/Cached: 4700.00 MB
2026-09-09 07:06:10 [INFO] my_app: Max Allocated: 13552.02 MB
2026-09-09 07:06:10 [INFO] my_app: Max Reserved: 18402.00 MB
2026-09-09 07:06:27 [INFO] my_app: layer:[14] , lwc lac iter:[0], lr:[0.00098908] ,time:[16.879412]s, mse: [0.00049913]
2026-09-09 07:06:44 [INFO] my_app: layer:[14] , lwc lac iter:[1], lr:[0.00095682] ,time:[16.950114]s, mse: [0.00044185]
2026-09-09 07:07:01 [INFO] my_app: layer:[14] , lwc lac iter:[2], lr:[0.00090460] ,time:[16.929413]s, mse: [0.00040572]
2026-09-09 07:07:18 [INFO] my_app: layer:[14] , lwc lac iter:[3], lr:[0.00083473] ,time:[16.948345]s, mse: [0.00036670]
2026-09-09 07:07:35 [INFO] my_app: layer:[14] , lwc lac iter:[4], lr:[0.00075025] ,time:[16.954656]s, mse: [0.00032995]
2026-09-09 07:07:52 [INFO] my_app: layer:[14] , lwc lac iter:[5], lr:[0.00065485] ,time:[16.935534]s, mse: [0.00030066]
2026-09-09 07:08:09 [INFO] my_app: layer:[14] , lwc lac iter:[6], lr:[0.00055271] ,time:[16.968420]s, mse: [0.00028545]
2026-09-09 07:08:26 [INFO] my_app: layer:[14] , lwc lac iter:[7], lr:[0.00044829] ,time:[16.956762]s, mse: [0.00027748]
2026-09-09 07:08:43 [INFO] my_app: layer:[14] , lwc lac iter:[8], lr:[0.00034615] ,time:[16.951334]s, mse: [0.00027119]
2026-09-09 07:09:00 [INFO] my_app: layer:[14] , lwc lac iter:[9], lr:[0.00025075] ,time:[16.958858]s, mse: [0.00026990]
2026-09-09 07:09:17 [INFO] my_app: layer:[14] , lwc lac iter:[10], lr:[0.00016627] ,time:[16.958746]s, mse: [0.00026933]
2026-09-09 07:09:34 [INFO] my_app: layer:[14] , lwc lac iter:[11], lr:[0.00009640] ,time:[16.955444]s, mse: [0.00026758]
2026-09-09 07:09:51 [INFO] my_app: layer:[14] , lwc lac iter:[12], lr:[0.00004418] ,time:[16.934362]s, mse: [0.00026725]
2026-09-09 07:10:08 [INFO] my_app: layer:[14] , lwc lac iter:[13], lr:[0.00001192] ,time:[16.964135]s, mse: [0.00026740]
2026-09-09 07:10:25 [INFO] my_app: layer:[14] , lwc lac iter:[14], lr:[0.00000100] ,time:[16.954360]s, mse: [0.00026704]
2026-09-09 07:10:25 [INFO] my_app: saved parameters for layer 14 at /home/utn/luli38se/cv/QuantVGGT/evaluation/outputs/w4a4/a44_local_model_tracker_fixed_e20.pt_sym/qs_frame_parameters_layer_14.pth
2026-09-09 07:10:25 [INFO] my_app: After frame_Layer_14 Memory Stats:
2026-09-09 07:10:25 [INFO] my_app: Allocated: 3892.05 MB
2026-09-09 07:10:25 [INFO] my_app: Reserved/Cached: 4588.00 MB
2026-09-09 07:10:25 [INFO] my_app: Max Allocated: 13552.02 MB
2026-09-09 07:10:25 [INFO] my_app: Max Reserved: 18402.00 MB
2026-09-09 07:10:25 [INFO] my_app: ========= global_Layer_14 =========
2026-09-09 07:10:25 [INFO] my_app: Before global_Layer_14 Memory Stats:
2026-09-09 07:10:25 [INFO] my_app: Allocated: 3838.17 MB
2026-09-09 07:10:25 [INFO] my_app: Reserved/Cached: 4588.00 MB
2026-09-09 07:10:25 [INFO] my_app: Max Allocated: 13552.02 MB
2026-09-09 07:10:25 [INFO] my_app: Max Reserved: 18402.00 MB
2026-09-09 07:10:29 [INFO] my_app: Layer 14 Epoch 0 Start Memory Stats:
2026-09-09 07:10:29 [INFO] my_app: Allocated: 3838.17 MB
2026-09-09 07:10:29 [INFO] my_app: Reserved/Cached: 4588.00 MB
2026-09-09 07:10:29 [INFO] my_app: Max Allocated: 13552.02 MB
2026-09-09 07:10:29 [INFO] my_app: Max Reserved: 18402.00 MB
2026-09-09 07:10:45 [INFO] my_app: layer:[14] , lwc lac iter:[0], lr:[0.00098908] ,time:[16.881902]s, mse: [0.00133134]
2026-09-09 07:11:02 [INFO] my_app: layer:[14] , lwc lac iter:[1], lr:[0.00095682] ,time:[16.932121]s, mse: [0.00122736]
2026-09-09 07:11:19 [INFO] my_app: layer:[14] , lwc lac iter:[2], lr:[0.00090460] ,time:[16.940003]s, mse: [0.00113167]
2026-09-09 07:11:36 [INFO] my_app: layer:[14] , lwc lac iter:[3], lr:[0.00083473] ,time:[16.938865]s, mse: [0.00103007]
2026-09-09 07:11:53 [INFO] my_app: layer:[14] , lwc lac iter:[4], lr:[0.00075025] ,time:[16.948299]s, mse: [0.00091878]
2026-09-09 07:12:10 [INFO] my_app: layer:[14] , lwc lac iter:[5], lr:[0.00065485] ,time:[16.952153]s, mse: [0.00085365]
2026-09-09 07:12:27 [INFO] my_app: layer:[14] , lwc lac iter:[6], lr:[0.00055271] ,time:[16.951266]s, mse: [0.00081479]
2026-09-09 07:12:44 [INFO] my_app: layer:[14] , lwc lac iter:[7], lr:[0.00044829] ,time:[16.948459]s, mse: [0.00080138]
2026-09-09 07:13:01 [INFO] my_app: layer:[14] , lwc lac iter:[8], lr:[0.00034615] ,time:[16.945244]s, mse: [0.00078489]
2026-09-09 07:13:18 [INFO] my_app: layer:[14] , lwc lac iter:[9], lr:[0.00025075] ,time:[16.951008]s, mse: [0.00077011]
2026-09-09 07:13:35 [INFO] my_app: layer:[14] , lwc lac iter:[10], lr:[0.00016627] ,time:[16.940811]s, mse: [0.00076757]
2026-09-09 07:13:52 [INFO] my_app: layer:[14] , lwc lac iter:[11], lr:[0.00009640] ,time:[16.946124]s, mse: [0.00076502]
2026-09-09 07:14:09 [INFO] my_app: layer:[14] , lwc lac iter:[12], lr:[0.00004418] ,time:[16.961890]s, mse: [0.00076284]
2026-09-09 07:14:26 [INFO] my_app: layer:[14] , lwc lac iter:[13], lr:[0.00001192] ,time:[16.943877]s, mse: [0.00076163]
2026-09-09 07:14:43 [INFO] my_app: layer:[14] , lwc lac iter:[14], lr:[0.00000100] ,time:[16.948727]s, mse: [0.00076159]
2026-09-09 07:14:43 [INFO] my_app: saved parameters for layer 14 at /home/utn/luli38se/cv/QuantVGGT/evaluation/outputs/w4a4/a44_local_model_tracker_fixed_e20.pt_sym/qs_global_parameters_layer_14.pth
2026-09-09 07:14:43 [INFO] my_app: After global_Layer_14 Memory Stats:
2026-09-09 07:14:43 [INFO] my_app: Allocated: 3767.85 MB
2026-09-09 07:14:43 [INFO] my_app: Reserved/Cached: 4476.00 MB
2026-09-09 07:14:43 [INFO] my_app: Max Allocated: 13552.02 MB
2026-09-09 07:14:43 [INFO] my_app: Max Reserved: 18402.00 MB
2026-09-09 07:14:43 [INFO] my_app: ========= frame_Layer_15 =========
2026-09-09 07:14:43 [INFO] my_app: Before frame_Layer_15 Memory Stats:
2026-09-09 07:14:43 [INFO] my_app: Allocated: 3713.98 MB
2026-09-09 07:14:43 [INFO] my_app: Reserved/Cached: 4476.00 MB
2026-09-09 07:14:43 [INFO] my_app: Max Allocated: 13552.02 MB
2026-09-09 07:14:43 [INFO] my_app: Max Reserved: 18402.00 MB
2026-09-09 07:14:47 [INFO] my_app: Layer 15 Epoch 0 Start Memory Stats:
2026-09-09 07:14:47 [INFO] my_app: Allocated: 3713.98 MB
2026-09-09 07:14:47 [INFO] my_app: Reserved/Cached: 4476.00 MB
2026-09-09 07:14:47 [INFO] my_app: Max Allocated: 13552.02 MB
2026-09-09 07:14:47 [INFO] my_app: Max Reserved: 18402.00 MB
2026-09-09 07:15:04 [INFO] my_app: layer:[15] , lwc lac iter:[0], lr:[0.00098908] ,time:[16.877124]s, mse: [0.00095032]
2026-09-09 07:15:21 [INFO] my_app: layer:[15] , lwc lac iter:[1], lr:[0.00095682] ,time:[16.908870]s, mse: [0.00084290]
2026-09-09 07:15:37 [INFO] my_app: layer:[15] , lwc lac iter:[2], lr:[0.00090460] ,time:[16.897457]s, mse: [0.00076451]
2026-09-09 07:15:54 [INFO] my_app: layer:[15] , lwc lac iter:[3], lr:[0.00083473] ,time:[16.914711]s, mse: [0.00070387]
2026-09-09 07:16:11 [INFO] my_app: layer:[15] , lwc lac iter:[4], lr:[0.00075025] ,time:[16.923512]s, mse: [0.00063354]
2026-09-09 07:16:28 [INFO] my_app: layer:[15] , lwc lac iter:[5], lr:[0.00065485] ,time:[16.936913]s, mse: [0.00056732]
2026-09-09 07:16:45 [INFO] my_app: layer:[15] , lwc lac iter:[6], lr:[0.00055271] ,time:[16.911803]s, mse: [0.00053347]
2026-09-09 07:17:02 [INFO] my_app: layer:[15] , lwc lac iter:[7], lr:[0.00044829] ,time:[16.926339]s, mse: [0.00052050]
2026-09-09 07:17:19 [INFO] my_app: layer:[15] , lwc lac iter:[8], lr:[0.00034615] ,time:[16.932914]s, mse: [0.00051196]
2026-09-09 07:17:36 [INFO] my_app: layer:[15] , lwc lac iter:[9], lr:[0.00025075] ,time:[16.916240]s, mse: [0.00050418]
2026-09-09 07:17:53 [INFO] my_app: layer:[15] , lwc lac iter:[10], lr:[0.00016627] ,time:[16.923397]s, mse: [0.00049701]
2026-09-09 07:18:10 [INFO] my_app: layer:[15] , lwc lac iter:[11], lr:[0.00009640] ,time:[16.922893]s, mse: [0.00049450]
2026-09-09 07:18:27 [INFO] my_app: layer:[15] , lwc lac iter:[12], lr:[0.00004418] ,time:[16.919204]s, mse: [0.00049652]
2026-09-09 07:18:44 [INFO] my_app: layer:[15] , lwc lac iter:[13], lr:[0.00001192] ,time:[16.919196]s, mse: [0.00049741]
2026-09-09 07:19:00 [INFO] my_app: layer:[15] , lwc lac iter:[14], lr:[0.00000100] ,time:[16.922278]s, mse: [0.00049678]
2026-09-09 07:19:01 [INFO] my_app: saved parameters for layer 15 at /home/utn/luli38se/cv/QuantVGGT/evaluation/outputs/w4a4/a44_local_model_tracker_fixed_e20.pt_sym/qs_frame_parameters_layer_15.pth
2026-09-09 07:19:01 [INFO] my_app: After frame_Layer_15 Memory Stats:
2026-09-09 07:19:01 [INFO] my_app: Allocated: 3643.66 MB
2026-09-09 07:19:01 [INFO] my_app: Reserved/Cached: 4364.00 MB
2026-09-09 07:19:01 [INFO] my_app: Max Allocated: 13552.02 MB
2026-09-09 07:19:01 [INFO] my_app: Max Reserved: 18402.00 MB
2026-09-09 07:19:01 [INFO] my_app: ========= global_Layer_15 =========
2026-09-09 07:19:01 [INFO] my_app: Before global_Layer_15 Memory Stats:
2026-09-09 07:19:01 [INFO] my_app: Allocated: 3589.78 MB
2026-09-09 07:19:01 [INFO] my_app: Reserved/Cached: 4364.00 MB
2026-09-09 07:19:01 [INFO] my_app: Max Allocated: 13552.02 MB
2026-09-09 07:19:01 [INFO] my_app: Max Reserved: 18402.00 MB
2026-09-09 07:19:05 [INFO] my_app: Layer 15 Epoch 0 Start Memory Stats:
2026-09-09 07:19:05 [INFO] my_app: Allocated: 3589.78 MB
2026-09-09 07:19:05 [INFO] my_app: Reserved/Cached: 4364.00 MB
2026-09-09 07:19:05 [INFO] my_app: Max Allocated: 13552.02 MB
2026-09-09 07:19:05 [INFO] my_app: Max Reserved: 18402.00 MB
2026-09-09 07:19:21 [INFO] my_app: layer:[15] , lwc lac iter:[0], lr:[0.00098908] ,time:[16.861324]s, mse: [0.00121456]
2026-09-09 07:19:38 [INFO] my_app: layer:[15] , lwc lac iter:[1], lr:[0.00095682] ,time:[16.887036]s, mse: [0.00111806]
2026-09-09 07:19:55 [INFO] my_app: layer:[15] , lwc lac iter:[2], lr:[0.00090460] ,time:[16.893288]s, mse: [0.00103660]
2026-09-09 07:20:12 [INFO] my_app: layer:[15] , lwc lac iter:[3], lr:[0.00083473] ,time:[16.882221]s, mse: [0.00095080]
2026-09-09 07:20:29 [INFO] my_app: layer:[15] , lwc lac iter:[4], lr:[0.00075025] ,time:[16.900093]s, mse: [0.00085156]
2026-09-09 07:20:46 [INFO] my_app: layer:[15] , lwc lac iter:[5], lr:[0.00065485] ,time:[16.902121]s, mse: [0.00076978]
2026-09-09 07:21:03 [INFO] my_app: layer:[15] , lwc lac iter:[6], lr:[0.00055271] ,time:[16.899032]s, mse: [0.00072189]
2026-09-09 07:21:20 [INFO] my_app: layer:[15] , lwc lac iter:[7], lr:[0.00044829] ,time:[16.903747]s, mse: [0.00069544]
2026-09-09 07:21:37 [INFO] my_app: layer:[15] , lwc lac iter:[8], lr:[0.00034615] ,time:[16.895394]s, mse: [0.00068127]
2026-09-09 07:21:53 [INFO] my_app: layer:[15] , lwc lac iter:[9], lr:[0.00025075] ,time:[16.900796]s, mse: [0.00067177]
2026-09-09 07:22:10 [INFO] my_app: layer:[15] , lwc lac iter:[10], lr:[0.00016627] ,time:[16.894197]s, mse: [0.00066392]
2026-09-09 07:22:27 [INFO] my_app: layer:[15] , lwc lac iter:[11], lr:[0.00009640] ,time:[16.906008]s, mse: [0.00065995]
2026-09-09 07:22:44 [INFO] my_app: layer:[15] , lwc lac iter:[12], lr:[0.00004418] ,time:[16.893619]s, mse: [0.00065756]
2026-09-09 07:23:01 [INFO] my_app: layer:[15] , lwc lac iter:[13], lr:[0.00001192] ,time:[16.901870]s, mse: [0.00065602]
2026-09-09 07:23:18 [INFO] my_app: layer:[15] , lwc lac iter:[14], lr:[0.00000100] ,time:[16.903707]s, mse: [0.00065617]
2026-09-09 07:23:19 [INFO] my_app: saved parameters for layer 15 at /home/utn/luli38se/cv/QuantVGGT/evaluation/outputs/w4a4/a44_local_model_tracker_fixed_e20.pt_sym/qs_global_parameters_layer_15.pth
2026-09-09 07:23:19 [INFO] my_app: After global_Layer_15 Memory Stats:
2026-09-09 07:23:19 [INFO] my_app: Allocated: 3519.46 MB
2026-09-09 07:23:19 [INFO] my_app: Reserved/Cached: 4188.00 MB
2026-09-09 07:23:19 [INFO] my_app: Max Allocated: 13552.02 MB
2026-09-09 07:23:19 [INFO] my_app: Max Reserved: 18402.00 MB
2026-09-09 07:23:19 [INFO] my_app: ========= frame_Layer_16 =========
2026-09-09 07:23:19 [INFO] my_app: Before frame_Layer_16 Memory Stats:
2026-09-09 07:23:19 [INFO] my_app: Allocated: 3465.59 MB
2026-09-09 07:23:19 [INFO] my_app: Reserved/Cached: 4188.00 MB
2026-09-09 07:23:19 [INFO] my_app: Max Allocated: 13552.02 MB
2026-09-09 07:23:19 [INFO] my_app: Max Reserved: 18402.00 MB
2026-09-09 07:23:22 [INFO] my_app: Layer 16 Epoch 0 Start Memory Stats:
2026-09-09 07:23:22 [INFO] my_app: Allocated: 3465.59 MB
2026-09-09 07:23:22 [INFO] my_app: Reserved/Cached: 4188.00 MB
2026-09-09 07:23:22 [INFO] my_app: Max Allocated: 13552.02 MB
2026-09-09 07:23:22 [INFO] my_app: Max Reserved: 18402.00 MB
2026-09-09 07:23:39 [INFO] my_app: layer:[16] , lwc lac iter:[0], lr:[0.00098908] ,time:[16.878422]s, mse: [0.00089867]
2026-09-09 07:23:56 [INFO] my_app: layer:[16] , lwc lac iter:[1], lr:[0.00095682] ,time:[16.927802]s, mse: [0.00080216]
2026-09-09 07:24:13 [INFO] my_app: layer:[16] , lwc lac iter:[2], lr:[0.00090460] ,time:[16.917425]s, mse: [0.00073156]
2026-09-09 07:24:30 [INFO] my_app: layer:[16] , lwc lac iter:[3], lr:[0.00083473] ,time:[16.939128]s, mse: [0.00066537]
2026-09-09 07:24:47 [INFO] my_app: layer:[16] , lwc lac iter:[4], lr:[0.00075025] ,time:[16.911599]s, mse: [0.00059643]
2026-09-09 07:25:04 [INFO] my_app: layer:[16] , lwc lac iter:[5], lr:[0.00065485] ,time:[16.940461]s, mse: [0.00053567]
2026-09-09 07:25:20 [INFO] my_app: layer:[16] , lwc lac iter:[6], lr:[0.00055271] ,time:[16.954434]s, mse: [0.00050185]
2026-09-09 07:25:37 [INFO] my_app: layer:[16] , lwc lac iter:[7], lr:[0.00044829] ,time:[16.944294]s, mse: [0.00048474]
2026-09-09 07:25:54 [INFO] my_app: layer:[16] , lwc lac iter:[8], lr:[0.00034615] ,time:[16.937157]s, mse: [0.00047465]
2026-09-09 07:26:11 [INFO] my_app: layer:[16] , lwc lac iter:[9], lr:[0.00025075] ,time:[16.942571]s, mse: [0.00047058]
2026-09-09 07:26:28 [INFO] my_app: layer:[16] , lwc lac iter:[10], lr:[0.00016627] ,time:[16.933433]s, mse: [0.00046688]
2026-09-09 07:26:45 [INFO] my_app: layer:[16] , lwc lac iter:[11], lr:[0.00009640] ,time:[16.937382]s, mse: [0.00046691]
2026-09-09 07:27:02 [INFO] my_app: layer:[16] , lwc lac iter:[12], lr:[0.00004418] ,time:[16.927070]s, mse: [0.00046764]
2026-09-09 07:27:19 [INFO] my_app: layer:[16] , lwc lac iter:[13], lr:[0.00001192] ,time:[16.940547]s, mse: [0.00046851]
2026-09-09 07:27:36 [INFO] my_app: layer:[16] , lwc lac iter:[14], lr:[0.00000100] ,time:[16.947598]s, mse: [0.00046844]
2026-09-09 07:27:37 [INFO] my_app: saved parameters for layer 16 at /home/utn/luli38se/cv/QuantVGGT/evaluation/outputs/w4a4/a44_local_model_tracker_fixed_e20.pt_sym/qs_frame_parameters_layer_16.pth
2026-09-09 07:27:37 [INFO] my_app: After frame_Layer_16 Memory Stats:
2026-09-09 07:27:37 [INFO] my_app: Allocated: 3395.27 MB
2026-09-09 07:27:37 [INFO] my_app: Reserved/Cached: 4076.00 MB
2026-09-09 07:27:37 [INFO] my_app: Max Allocated: 13552.02 MB
2026-09-09 07:27:37 [INFO] my_app: Max Reserved: 18402.00 MB
2026-09-09 07:27:37 [INFO] my_app: ========= global_Layer_16 =========
2026-09-09 07:27:37 [INFO] my_app: Before global_Layer_16 Memory Stats:
2026-09-09 07:27:37 [INFO] my_app: Allocated: 3341.39 MB
2026-09-09 07:27:37 [INFO] my_app: Reserved/Cached: 4076.00 MB
2026-09-09 07:27:37 [INFO] my_app: Max Allocated: 13552.02 MB
2026-09-09 07:27:37 [INFO] my_app: Max Reserved: 18402.00 MB
2026-09-09 07:27:40 [INFO] my_app: Layer 16 Epoch 0 Start Memory Stats:
2026-09-09 07:27:40 [INFO] my_app: Allocated: 3341.39 MB
2026-09-09 07:27:40 [INFO] my_app: Reserved/Cached: 4076.00 MB
2026-09-09 07:27:40 [INFO] my_app: Max Allocated: 13552.02 MB
2026-09-09 07:27:40 [INFO] my_app: Max Reserved: 18402.00 MB
2026-09-09 07:27:57 [INFO] my_app: layer:[16] , lwc lac iter:[0], lr:[0.00098908] ,time:[16.879227]s, mse: [0.00129408]
2026-09-09 07:28:14 [INFO] my_app: layer:[16] , lwc lac iter:[1], lr:[0.00095682] ,time:[16.934084]s, mse: [0.00116689]
2026-09-09 07:28:31 [INFO] my_app: layer:[16] , lwc lac iter:[2], lr:[0.00090460] ,time:[16.948974]s, mse: [0.00106009]
2026-09-09 07:28:48 [INFO] my_app: layer:[16] , lwc lac iter:[3], lr:[0.00083473] ,time:[16.949853]s, mse: [0.00097577]
2026-09-09 07:29:05 [INFO] my_app: layer:[16] , lwc lac iter:[4], lr:[0.00075025] ,time:[16.924557]s, mse: [0.00088834]
2026-09-09 07:29:22 [INFO] my_app: layer:[16] , lwc lac iter:[5], lr:[0.00065485] ,time:[16.977702]s, mse: [0.00081031]
2026-09-09 07:29:39 [INFO] my_app: layer:[16] , lwc lac iter:[6], lr:[0.00055271] ,time:[16.945167]s, mse: [0.00075514]
2026-09-09 07:29:56 [INFO] my_app: layer:[16] , lwc lac iter:[7], lr:[0.00044829] ,time:[16.950618]s, mse: [0.00071686]
2026-09-09 07:30:13 [INFO] my_app: layer:[16] , lwc lac iter:[8], lr:[0.00034615] ,time:[16.958091]s, mse: [0.00069307]
2026-09-09 07:30:29 [INFO] my_app: layer:[16] , lwc lac iter:[9], lr:[0.00025075] ,time:[16.949984]s, mse: [0.00068349]
2026-09-09 07:30:46 [INFO] my_app: layer:[16] , lwc lac iter:[10], lr:[0.00016627] ,time:[16.949792]s, mse: [0.00067735]
2026-09-09 07:31:03 [INFO] my_app: layer:[16] , lwc lac iter:[11], lr:[0.00009640] ,time:[16.950579]s, mse: [0.00067071]
2026-09-09 07:31:20 [INFO] my_app: layer:[16] , lwc lac iter:[12], lr:[0.00004418] ,time:[16.957277]s, mse: [0.00066888]
2026-09-09 07:31:37 [INFO] my_app: layer:[16] , lwc lac iter:[13], lr:[0.00001192] ,time:[16.946595]s, mse: [0.00066640]
2026-09-09 07:31:54 [INFO] my_app: layer:[16] , lwc lac iter:[14], lr:[0.00000100] ,time:[16.941587]s, mse: [0.00066580]
2026-09-09 07:31:55 [INFO] my_app: saved parameters for layer 16 at /home/utn/luli38se/cv/QuantVGGT/evaluation/outputs/w4a4/a44_local_model_tracker_fixed_e20.pt_sym/qs_global_parameters_layer_16.pth
2026-09-09 07:31:55 [INFO] my_app: After global_Layer_16 Memory Stats:
2026-09-09 07:31:55 [INFO] my_app: Allocated: 3271.07 MB
2026-09-09 07:31:55 [INFO] my_app: Reserved/Cached: 3964.00 MB
2026-09-09 07:31:55 [INFO] my_app: Max Allocated: 13552.02 MB
2026-09-09 07:31:55 [INFO] my_app: Max Reserved: 18402.00 MB
2026-09-09 07:31:55 [INFO] my_app: ========= frame_Layer_17 =========
2026-09-09 07:31:55 [INFO] my_app: Before frame_Layer_17 Memory Stats:
2026-09-09 07:31:55 [INFO] my_app: Allocated: 3217.20 MB
2026-09-09 07:31:55 [INFO] my_app: Reserved/Cached: 3964.00 MB
2026-09-09 07:31:55 [INFO] my_app: Max Allocated: 13552.02 MB
2026-09-09 07:31:55 [INFO] my_app: Max Reserved: 18402.00 MB
2026-09-09 07:31:58 [INFO] my_app: Layer 17 Epoch 0 Start Memory Stats:
2026-09-09 07:31:58 [INFO] my_app: Allocated: 3217.20 MB
2026-09-09 07:31:58 [INFO] my_app: Reserved/Cached: 3964.00 MB
2026-09-09 07:31:58 [INFO] my_app: Max Allocated: 13552.02 MB
2026-09-09 07:31:58 [INFO] my_app: Max Reserved: 18402.00 MB
2026-09-09 07:32:15 [INFO] my_app: layer:[17] , lwc lac iter:[0], lr:[0.00098908] ,time:[16.870001]s, mse: [0.00102353]
2026-09-09 07:32:32 [INFO] my_app: layer:[17] , lwc lac iter:[1], lr:[0.00095682] ,time:[16.920432]s, mse: [0.00089971]
2026-09-09 07:32:49 [INFO] my_app: layer:[17] , lwc lac iter:[2], lr:[0.00090460] ,time:[16.913483]s, mse: [0.00081866]
2026-09-09 07:33:06 [INFO] my_app: layer:[17] , lwc lac iter:[3], lr:[0.00083473] ,time:[16.914117]s, mse: [0.00073985]
2026-09-09 07:33:23 [INFO] my_app: layer:[17] , lwc lac iter:[4], lr:[0.00075025] ,time:[16.925425]s, mse: [0.00066455]
2026-09-09 07:33:40 [INFO] my_app: layer:[17] , lwc lac iter:[5], lr:[0.00065485] ,time:[16.939218]s, mse: [0.00059505]
2026-09-09 07:33:57 [INFO] my_app: layer:[17] , lwc lac iter:[6], lr:[0.00055271] ,time:[16.939822]s, mse: [0.00054144]
2026-09-09 07:34:14 [INFO] my_app: layer:[17] , lwc lac iter:[7], lr:[0.00044829] ,time:[16.923418]s, mse: [0.00051258]
2026-09-09 07:34:31 [INFO] my_app: layer:[17] , lwc lac iter:[8], lr:[0.00034615] ,time:[16.938565]s, mse: [0.00049935]
2026-09-09 07:34:47 [INFO] my_app: layer:[17] , lwc lac iter:[9], lr:[0.00025075] ,time:[16.932296]s, mse: [0.00048943]
2026-09-09 07:35:04 [INFO] my_app: layer:[17] , lwc lac iter:[10], lr:[0.00016627] ,time:[16.916545]s, mse: [0.00048997]
2026-09-09 07:35:21 [INFO] my_app: layer:[17] , lwc lac iter:[11], lr:[0.00009640] ,time:[16.940558]s, mse: [0.00049020]
2026-09-09 07:35:38 [INFO] my_app: layer:[17] , lwc lac iter:[12], lr:[0.00004418] ,time:[16.933229]s, mse: [0.00048594]
2026-09-09 07:35:55 [INFO] my_app: layer:[17] , lwc lac iter:[13], lr:[0.00001192] ,time:[16.927376]s, mse: [0.00048483]
2026-09-09 07:36:12 [INFO] my_app: layer:[17] , lwc lac iter:[14], lr:[0.00000100] ,time:[16.941934]s, mse: [0.00048462]
2026-09-09 07:36:13 [INFO] my_app: saved parameters for layer 17 at /home/utn/luli38se/cv/QuantVGGT/evaluation/outputs/w4a4/a44_local_model_tracker_fixed_e20.pt_sym/qs_frame_parameters_layer_17.pth
2026-09-09 07:36:13 [INFO] my_app: After frame_Layer_17 Memory Stats:
2026-09-09 07:36:13 [INFO] my_app: Allocated: 3146.88 MB
2026-09-09 07:36:13 [INFO] my_app: Reserved/Cached: 3724.00 MB
2026-09-09 07:36:13 [INFO] my_app: Max Allocated: 13552.02 MB
2026-09-09 07:36:13 [INFO] my_app: Max Reserved: 18402.00 MB
2026-09-09 07:36:13 [INFO] my_app: ========= global_Layer_17 =========
2026-09-09 07:36:13 [INFO] my_app: Before global_Layer_17 Memory Stats:
2026-09-09 07:36:13 [INFO] my_app: Allocated: 3093.00 MB
2026-09-09 07:36:13 [INFO] my_app: Reserved/Cached: 3724.00 MB
2026-09-09 07:36:13 [INFO] my_app: Max Allocated: 13552.02 MB
2026-09-09 07:36:13 [INFO] my_app: Max Reserved: 18402.00 MB
2026-09-09 07:36:16 [INFO] my_app: Layer 17 Epoch 0 Start Memory Stats:
2026-09-09 07:36:16 [INFO] my_app: Allocated: 3093.00 MB
2026-09-09 07:36:16 [INFO] my_app: Reserved/Cached: 3724.00 MB
2026-09-09 07:36:16 [INFO] my_app: Max Allocated: 13552.02 MB
2026-09-09 07:36:16 [INFO] my_app: Max Reserved: 18402.00 MB
2026-09-09 07:36:33 [INFO] my_app: layer:[17] , lwc lac iter:[0], lr:[0.00098908] ,time:[16.981614]s, mse: [0.00096988]
2026-09-09 07:36:50 [INFO] my_app: layer:[17] , lwc lac iter:[1], lr:[0.00095682] ,time:[17.017761]s, mse: [0.00087061]
2026-09-09 07:37:07 [INFO] my_app: layer:[17] , lwc lac iter:[2], lr:[0.00090460] ,time:[17.025634]s, mse: [0.00079773]
2026-09-09 07:37:24 [INFO] my_app: layer:[17] , lwc lac iter:[3], lr:[0.00083473] ,time:[17.034865]s, mse: [0.00072985]
2026-09-09 07:37:41 [INFO] my_app: layer:[17] , lwc lac iter:[4], lr:[0.00075025] ,time:[17.029087]s, mse: [0.00066374]
2026-09-09 07:37:58 [INFO] my_app: layer:[17] , lwc lac iter:[5], lr:[0.00065485] ,time:[17.027860]s, mse: [0.00060318]
2026-09-09 07:38:15 [INFO] my_app: layer:[17] , lwc lac iter:[6], lr:[0.00055271] ,time:[17.041870]s, mse: [0.00056102]
2026-09-09 07:38:32 [INFO] my_app: layer:[17] , lwc lac iter:[7], lr:[0.00044829] ,time:[17.035784]s, mse: [0.00053566]
2026-09-09 07:38:49 [INFO] my_app: layer:[17] , lwc lac iter:[8], lr:[0.00034615] ,time:[17.049183]s, mse: [0.00052081]
2026-09-09 07:39:06 [INFO] my_app: layer:[17] , lwc lac iter:[9], lr:[0.00025075] ,time:[17.032697]s, mse: [0.00051368]
2026-09-09 07:39:23 [INFO] my_app: layer:[17] , lwc lac iter:[10], lr:[0.00016627] ,time:[17.043631]s, mse: [0.00050884]
2026-09-09 07:39:41 [INFO] my_app: layer:[17] , lwc lac iter:[11], lr:[0.00009640] ,time:[17.036595]s, mse: [0.00050957]
2026-09-09 07:39:58 [INFO] my_app: layer:[17] , lwc lac iter:[12], lr:[0.00004418] ,time:[17.031223]s, mse: [0.00050534]
2026-09-09 07:40:15 [INFO] my_app: layer:[17] , lwc lac iter:[13], lr:[0.00001192] ,time:[17.034782]s, mse: [0.00050294]
2026-09-09 07:40:32 [INFO] my_app: layer:[17] , lwc lac iter:[14], lr:[0.00000100] ,time:[17.029026]s, mse: [0.00050156]
2026-09-09 07:40:32 [INFO] my_app: saved parameters for layer 17 at /home/utn/luli38se/cv/QuantVGGT/evaluation/outputs/w4a4/a44_local_model_tracker_fixed_e20.pt_sym/qs_global_parameters_layer_17.pth
2026-09-09 07:40:32 [INFO] my_app: After global_Layer_17 Memory Stats:
2026-09-09 07:40:32 [INFO] my_app: Allocated: 3022.68 MB
2026-09-09 07:40:32 [INFO] my_app: Reserved/Cached: 3612.00 MB
2026-09-09 07:40:32 [INFO] my_app: Max Allocated: 13552.02 MB
2026-09-09 07:40:32 [INFO] my_app: Max Reserved: 18402.00 MB
2026-09-09 07:40:32 [INFO] my_app: ========= frame_Layer_18 =========
2026-09-09 07:40:32 [INFO] my_app: Before frame_Layer_18 Memory Stats:
2026-09-09 07:40:32 [INFO] my_app: Allocated: 2968.81 MB
2026-09-09 07:40:32 [INFO] my_app: Reserved/Cached: 3612.00 MB
2026-09-09 07:40:32 [INFO] my_app: Max Allocated: 13552.02 MB
2026-09-09 07:40:32 [INFO] my_app: Max Reserved: 18402.00 MB
2026-09-09 07:40:36 [INFO] my_app: Layer 18 Epoch 0 Start Memory Stats:
2026-09-09 07:40:36 [INFO] my_app: Allocated: 2968.81 MB
2026-09-09 07:40:36 [INFO] my_app: Reserved/Cached: 3612.00 MB
2026-09-09 07:40:36 [INFO] my_app: Max Allocated: 13552.02 MB
2026-09-09 07:40:36 [INFO] my_app: Max Reserved: 18402.00 MB
2026-09-09 07:40:53 [INFO] my_app: layer:[18] , lwc lac iter:[0], lr:[0.00098908] ,time:[16.956104]s, mse: [0.00041332]
2026-09-09 07:41:10 [INFO] my_app: layer:[18] , lwc lac iter:[1], lr:[0.00095682] ,time:[16.989352]s, mse: [0.00036088]
2026-09-09 07:41:27 [INFO] my_app: layer:[18] , lwc lac iter:[2], lr:[0.00090460] ,time:[16.995307]s, mse: [0.00031941]
2026-09-09 07:41:44 [INFO] my_app: layer:[18] , lwc lac iter:[3], lr:[0.00083473] ,time:[17.003621]s, mse: [0.00029087]
2026-09-09 07:42:01 [INFO] my_app: layer:[18] , lwc lac iter:[4], lr:[0.00075025] ,time:[17.002864]s, mse: [0.00026735]
2026-09-09 07:42:18 [INFO] my_app: layer:[18] , lwc lac iter:[5], lr:[0.00065485] ,time:[17.010281]s, mse: [0.00024611]
2026-09-09 07:42:35 [INFO] my_app: layer:[18] , lwc lac iter:[6], lr:[0.00055271] ,time:[17.000646]s, mse: [0.00023518]
2026-09-09 07:42:52 [INFO] my_app: layer:[18] , lwc lac iter:[7], lr:[0.00044829] ,time:[17.000396]s, mse: [0.00022048]
2026-09-09 07:43:09 [INFO] my_app: layer:[18] , lwc lac iter:[8], lr:[0.00034615] ,time:[16.995439]s, mse: [0.00020925]
2026-09-09 07:43:26 [INFO] my_app: layer:[18] , lwc lac iter:[9], lr:[0.00025075] ,time:[17.021904]s, mse: [0.00020418]
2026-09-09 07:43:43 [INFO] my_app: layer:[18] , lwc lac iter:[10], lr:[0.00016627] ,time:[16.998983]s, mse: [0.00020055]
2026-09-09 07:44:00 [INFO] my_app: layer:[18] , lwc lac iter:[11], lr:[0.00009640] ,time:[17.013417]s, mse: [0.00019886]
2026-09-09 07:44:17 [INFO] my_app: layer:[18] , lwc lac iter:[12], lr:[0.00004418] ,time:[17.009898]s, mse: [0.00019693]
2026-09-09 07:44:34 [INFO] my_app: layer:[18] , lwc lac iter:[13], lr:[0.00001192] ,time:[17.021552]s, mse: [0.00019636]
2026-09-09 07:44:51 [INFO] my_app: layer:[18] , lwc lac iter:[14], lr:[0.00000100] ,time:[17.014190]s, mse: [0.00019622]
2026-09-09 07:44:52 [INFO] my_app: saved parameters for layer 18 at /home/utn/luli38se/cv/QuantVGGT/evaluation/outputs/w4a4/a44_local_model_tracker_fixed_e20.pt_sym/qs_frame_parameters_layer_18.pth
2026-09-09 07:44:52 [INFO] my_app: After frame_Layer_18 Memory Stats:
2026-09-09 07:44:52 [INFO] my_app: Allocated: 2898.48 MB
2026-09-09 07:44:52 [INFO] my_app: Reserved/Cached: 3564.00 MB
2026-09-09 07:44:52 [INFO] my_app: Max Allocated: 13552.02 MB
2026-09-09 07:44:52 [INFO] my_app: Max Reserved: 18402.00 MB
2026-09-09 07:44:52 [INFO] my_app: ========= global_Layer_18 =========
2026-09-09 07:44:52 [INFO] my_app: Before global_Layer_18 Memory Stats:
2026-09-09 07:44:52 [INFO] my_app: Allocated: 2844.61 MB
2026-09-09 07:44:52 [INFO] my_app: Reserved/Cached: 3564.00 MB
2026-09-09 07:44:52 [INFO] my_app: Max Allocated: 13552.02 MB
2026-09-09 07:44:52 [INFO] my_app: Max Reserved: 18402.00 MB
2026-09-09 07:44:55 [INFO] my_app: Layer 18 Epoch 0 Start Memory Stats:
2026-09-09 07:44:55 [INFO] my_app: Allocated: 2844.61 MB
2026-09-09 07:44:55 [INFO] my_app: Reserved/Cached: 3564.00 MB
2026-09-09 07:44:55 [INFO] my_app: Max Allocated: 13552.02 MB
2026-09-09 07:44:55 [INFO] my_app: Max Reserved: 18402.00 MB
2026-09-09 07:45:12 [INFO] my_app: layer:[18] , lwc lac iter:[0], lr:[0.00098908] ,time:[16.881796]s, mse: [0.00025715]
2026-09-09 07:45:29 [INFO] my_app: layer:[18] , lwc lac iter:[1], lr:[0.00095682] ,time:[16.936691]s, mse: [0.00022182]
2026-09-09 07:45:46 [INFO] my_app: layer:[18] , lwc lac iter:[2], lr:[0.00090460] ,time:[16.916286]s, mse: [0.00019146]
2026-09-09 07:46:03 [INFO] my_app: layer:[18] , lwc lac iter:[3], lr:[0.00083473] ,time:[16.921232]s, mse: [0.00016850]
2026-09-09 07:46:20 [INFO] my_app: layer:[18] , lwc lac iter:[4], lr:[0.00075025] ,time:[16.964772]s, mse: [0.00015682]
2026-09-09 07:46:36 [INFO] my_app: layer:[18] , lwc lac iter:[5], lr:[0.00065485] ,time:[16.936912]s, mse: [0.00015537]
2026-09-09 07:46:53 [INFO] my_app: layer:[18] , lwc lac iter:[6], lr:[0.00055271] ,time:[16.934302]s, mse: [0.00015057]
2026-09-09 07:47:10 [INFO] my_app: layer:[18] , lwc lac iter:[7], lr:[0.00044829] ,time:[16.933991]s, mse: [0.00013160]
2026-09-09 07:47:27 [INFO] my_app: layer:[18] , lwc lac iter:[8], lr:[0.00034615] ,time:[16.936201]s, mse: [0.00013436]
2026-09-09 07:47:44 [INFO] my_app: layer:[18] , lwc lac iter:[9], lr:[0.00025075] ,time:[16.940675]s, mse: [0.00011899]
2026-09-09 07:48:01 [INFO] my_app: layer:[18] , lwc lac iter:[10], lr:[0.00016627] ,time:[16.941731]s, mse: [0.00011863]
2026-09-09 07:48:18 [INFO] my_app: layer:[18] , lwc lac iter:[11], lr:[0.00009640] ,time:[16.943332]s, mse: [0.00011570]
2026-09-09 07:48:35 [INFO] my_app: layer:[18] , lwc lac iter:[12], lr:[0.00004418] ,time:[16.951200]s, mse: [0.00011826]
2026-09-09 07:48:52 [INFO] my_app: layer:[18] , lwc lac iter:[13], lr:[0.00001192] ,time:[16.940943]s, mse: [0.00012081]
2026-09-09 07:49:09 [INFO] my_app: layer:[18] , lwc lac iter:[14], lr:[0.00000100] ,time:[16.943134]s, mse: [0.00012211]
2026-09-09 07:49:10 [INFO] my_app: saved parameters for layer 18 at /home/utn/luli38se/cv/QuantVGGT/evaluation/outputs/w4a4/a44_local_model_tracker_fixed_e20.pt_sym/qs_global_parameters_layer_18.pth
2026-09-09 07:49:10 [INFO] my_app: After global_Layer_18 Memory Stats:
2026-09-09 07:49:10 [INFO] my_app: Allocated: 2774.29 MB
2026-09-09 07:49:10 [INFO] my_app: Reserved/Cached: 3452.00 MB
2026-09-09 07:49:10 [INFO] my_app: Max Allocated: 13552.02 MB
2026-09-09 07:49:10 [INFO] my_app: Max Reserved: 18402.00 MB
2026-09-09 07:49:10 [INFO] my_app: ========= frame_Layer_19 =========
2026-09-09 07:49:10 [INFO] my_app: Before frame_Layer_19 Memory Stats:
2026-09-09 07:49:10 [INFO] my_app: Allocated: 2720.41 MB
2026-09-09 07:49:10 [INFO] my_app: Reserved/Cached: 3452.00 MB
2026-09-09 07:49:10 [INFO] my_app: Max Allocated: 13552.02 MB
2026-09-09 07:49:10 [INFO] my_app: Max Reserved: 18402.00 MB
2026-09-09 07:49:13 [INFO] my_app: Layer 19 Epoch 0 Start Memory Stats:
2026-09-09 07:49:13 [INFO] my_app: Allocated: 2720.41 MB
2026-09-09 07:49:13 [INFO] my_app: Reserved/Cached: 3452.00 MB
2026-09-09 07:49:13 [INFO] my_app: Max Allocated: 13552.02 MB
2026-09-09 07:49:13 [INFO] my_app: Max Reserved: 18402.00 MB
2026-09-09 07:49:30 [INFO] my_app: layer:[19] , lwc lac iter:[0], lr:[0.00098908] ,time:[16.881746]s, mse: [0.00026534]
2026-09-09 07:49:47 [INFO] my_app: layer:[19] , lwc lac iter:[1], lr:[0.00095682] ,time:[16.905492]s, mse: [0.00022191]
2026-09-09 07:50:04 [INFO] my_app: layer:[19] , lwc lac iter:[2], lr:[0.00090460] ,time:[16.927344]s, mse: [0.00020275]
2026-09-09 07:50:21 [INFO] my_app: layer:[19] , lwc lac iter:[3], lr:[0.00083473] ,time:[16.952228]s, mse: [0.00018625]
2026-09-09 07:50:38 [INFO] my_app: layer:[19] , lwc lac iter:[4], lr:[0.00075025] ,time:[16.931341]s, mse: [0.00016672]
2026-09-09 07:50:55 [INFO] my_app: layer:[19] , lwc lac iter:[5], lr:[0.00065485] ,time:[16.922563]s, mse: [0.00015822]
2026-09-09 07:51:11 [INFO] my_app: layer:[19] , lwc lac iter:[6], lr:[0.00055271] ,time:[16.926269]s, mse: [0.00015628]
2026-09-09 07:51:28 [INFO] my_app: layer:[19] , lwc lac iter:[7], lr:[0.00044829] ,time:[16.946522]s, mse: [0.00014725]
2026-09-09 07:51:45 [INFO] my_app: layer:[19] , lwc lac iter:[8], lr:[0.00034615] ,time:[16.932579]s, mse: [0.00014279]
2026-09-09 07:52:02 [INFO] my_app: layer:[19] , lwc lac iter:[9], lr:[0.00025075] ,time:[16.944084]s, mse: [0.00014045]
2026-09-09 07:52:19 [INFO] my_app: layer:[19] , lwc lac iter:[10], lr:[0.00016627] ,time:[16.939903]s, mse: [0.00013616]
2026-09-09 07:52:36 [INFO] my_app: layer:[19] , lwc lac iter:[11], lr:[0.00009640] ,time:[16.935699]s, mse: [0.00013715]
2026-09-09 07:52:53 [INFO] my_app: layer:[19] , lwc lac iter:[12], lr:[0.00004418] ,time:[16.931928]s, mse: [0.00013547]
2026-09-09 07:53:10 [INFO] my_app: layer:[19] , lwc lac iter:[13], lr:[0.00001192] ,time:[16.936693]s, mse: [0.00013499]
2026-09-09 07:53:27 [INFO] my_app: layer:[19] , lwc lac iter:[14], lr:[0.00000100] ,time:[16.935697]s, mse: [0.00013477]
2026-09-09 07:53:28 [INFO] my_app: saved parameters for layer 19 at /home/utn/luli38se/cv/QuantVGGT/evaluation/outputs/w4a4/a44_local_model_tracker_fixed_e20.pt_sym/qs_frame_parameters_layer_19.pth
2026-09-09 07:53:28 [INFO] my_app: After frame_Layer_19 Memory Stats:
2026-09-09 07:53:28 [INFO] my_app: Allocated: 2650.09 MB
2026-09-09 07:53:28 [INFO] my_app: Reserved/Cached: 3340.00 MB
2026-09-09 07:53:28 [INFO] my_app: Max Allocated: 13552.02 MB
2026-09-09 07:53:28 [INFO] my_app: Max Reserved: 18402.00 MB
2026-09-09 07:53:28 [INFO] my_app: ========= global_Layer_19 =========
2026-09-09 07:53:28 [INFO] my_app: Before global_Layer_19 Memory Stats:
2026-09-09 07:53:28 [INFO] my_app: Allocated: 2596.22 MB
2026-09-09 07:53:28 [INFO] my_app: Reserved/Cached: 3340.00 MB
2026-09-09 07:53:28 [INFO] my_app: Max Allocated: 13552.02 MB
2026-09-09 07:53:28 [INFO] my_app: Max Reserved: 18402.00 MB
2026-09-09 07:53:31 [INFO] my_app: Layer 19 Epoch 0 Start Memory Stats:
2026-09-09 07:53:31 [INFO] my_app: Allocated: 2596.22 MB
2026-09-09 07:53:31 [INFO] my_app: Reserved/Cached: 3340.00 MB
2026-09-09 07:53:31 [INFO] my_app: Max Allocated: 13552.02 MB
2026-09-09 07:53:31 [INFO] my_app: Max Reserved: 18402.00 MB
2026-09-09 07:53:48 [INFO] my_app: layer:[19] , lwc lac iter:[0], lr:[0.00098908] ,time:[16.872661]s, mse: [0.00080446]
2026-09-09 07:54:05 [INFO] my_app: layer:[19] , lwc lac iter:[1], lr:[0.00095682] ,time:[16.885312]s, mse: [0.00067243]
2026-09-09 07:54:22 [INFO] my_app: layer:[19] , lwc lac iter:[2], lr:[0.00090460] ,time:[16.906056]s, mse: [0.00061914]
2026-09-09 07:54:39 [INFO] my_app: layer:[19] , lwc lac iter:[3], lr:[0.00083473] ,time:[16.899956]s, mse: [0.00055517]
2026-09-09 07:54:55 [INFO] my_app: layer:[19] , lwc lac iter:[4], lr:[0.00075025] ,time:[16.911909]s, mse: [0.00049336]
2026-09-09 07:55:12 [INFO] my_app: layer:[19] , lwc lac iter:[5], lr:[0.00065485] ,time:[16.916620]s, mse: [0.00044242]
2026-09-09 07:55:29 [INFO] my_app: layer:[19] , lwc lac iter:[6], lr:[0.00055271] ,time:[16.913648]s, mse: [0.00040911]
2026-09-09 07:55:46 [INFO] my_app: layer:[19] , lwc lac iter:[7], lr:[0.00044829] ,time:[16.914607]s, mse: [0.00041455]
2026-09-09 07:56:03 [INFO] my_app: layer:[19] , lwc lac iter:[8], lr:[0.00034615] ,time:[16.898656]s, mse: [0.00039658]
2026-09-09 07:56:20 [INFO] my_app: layer:[19] , lwc lac iter:[9], lr:[0.00025075] ,time:[16.907788]s, mse: [0.00038168]
2026-09-09 07:56:37 [INFO] my_app: layer:[19] , lwc lac iter:[10], lr:[0.00016627] ,time:[16.898969]s, mse: [0.00037893]
2026-09-09 07:56:54 [INFO] my_app: layer:[19] , lwc lac iter:[11], lr:[0.00009640] ,time:[16.904763]s, mse: [0.00038371]
2026-09-09 07:57:11 [INFO] my_app: layer:[19] , lwc lac iter:[12], lr:[0.00004418] ,time:[16.921069]s, mse: [0.00038717]
2026-09-09 07:57:28 [INFO] my_app: layer:[19] , lwc lac iter:[13], lr:[0.00001192] ,time:[16.903250]s, mse: [0.00038266]
2026-09-09 07:57:45 [INFO] my_app: layer:[19] , lwc lac iter:[14], lr:[0.00000100] ,time:[16.900138]s, mse: [0.00038019]
2026-09-09 07:57:45 [INFO] my_app: saved parameters for layer 19 at /home/utn/luli38se/cv/QuantVGGT/evaluation/outputs/w4a4/a44_local_model_tracker_fixed_e20.pt_sym/qs_global_parameters_layer_19.pth
2026-09-09 07:57:45 [INFO] my_app: After global_Layer_19 Memory Stats:
2026-09-09 07:57:45 [INFO] my_app: Allocated: 2525.90 MB
2026-09-09 07:57:45 [INFO] my_app: Reserved/Cached: 3100.00 MB
2026-09-09 07:57:45 [INFO] my_app: Max Allocated: 13552.02 MB
2026-09-09 07:57:45 [INFO] my_app: Max Reserved: 18402.00 MB
2026-09-09 07:57:45 [INFO] my_app: ========= frame_Layer_20 =========
2026-09-09 07:57:45 [INFO] my_app: Before frame_Layer_20 Memory Stats:
2026-09-09 07:57:45 [INFO] my_app: Allocated: 2472.02 MB
2026-09-09 07:57:45 [INFO] my_app: Reserved/Cached: 3100.00 MB
2026-09-09 07:57:45 [INFO] my_app: Max Allocated: 13552.02 MB
2026-09-09 07:57:45 [INFO] my_app: Max Reserved: 18402.00 MB
2026-09-09 07:57:49 [INFO] my_app: Layer 20 Epoch 0 Start Memory Stats:
2026-09-09 07:57:49 [INFO] my_app: Allocated: 2472.02 MB
2026-09-09 07:57:49 [INFO] my_app: Reserved/Cached: 3100.00 MB
2026-09-09 07:57:49 [INFO] my_app: Max Allocated: 13552.02 MB
2026-09-09 07:57:49 [INFO] my_app: Max Reserved: 18402.00 MB
2026-09-09 07:58:06 [INFO] my_app: layer:[20] , lwc lac iter:[0], lr:[0.00098908] ,time:[16.950011]s, mse: [0.00191628]
2026-09-09 07:58:23 [INFO] my_app: layer:[20] , lwc lac iter:[1], lr:[0.00095682] ,time:[16.997089]s, mse: [0.00154322]
2026-09-09 07:58:40 [INFO] my_app: layer:[20] , lwc lac iter:[2], lr:[0.00090460] ,time:[16.995985]s, mse: [0.00125801]
2026-09-09 07:58:57 [INFO] my_app: layer:[20] , lwc lac iter:[3], lr:[0.00083473] ,time:[17.014794]s, mse: [0.00106338]
2026-09-09 07:59:14 [INFO] my_app: layer:[20] , lwc lac iter:[4], lr:[0.00075025] ,time:[17.008658]s, mse: [0.00095105]
2026-09-09 07:59:31 [INFO] my_app: layer:[20] , lwc lac iter:[5], lr:[0.00065485] ,time:[17.019111]s, mse: [0.00085626]
2026-09-09 07:59:48 [INFO] my_app: layer:[20] , lwc lac iter:[6], lr:[0.00055271] ,time:[17.010103]s, mse: [0.00077620]
2026-09-09 08:00:05 [INFO] my_app: layer:[20] , lwc lac iter:[7], lr:[0.00044829] ,time:[17.027946]s, mse: [0.00075625]
2026-09-09 08:00:22 [INFO] my_app: layer:[20] , lwc lac iter:[8], lr:[0.00034615] ,time:[17.023354]s, mse: [0.00073966]
2026-09-09 08:00:39 [INFO] my_app: layer:[20] , lwc lac iter:[9], lr:[0.00025075] ,time:[17.030521]s, mse: [0.00071717]
2026-09-09 08:00:56 [INFO] my_app: layer:[20] , lwc lac iter:[10], lr:[0.00016627] ,time:[17.009662]s, mse: [0.00070450]
2026-09-09 08:01:13 [INFO] my_app: layer:[20] , lwc lac iter:[11], lr:[0.00009640] ,time:[17.025257]s, mse: [0.00069859]
2026-09-09 08:01:30 [INFO] my_app: layer:[20] , lwc lac iter:[12], lr:[0.00004418] ,time:[17.017617]s, mse: [0.00069346]
2026-09-09 08:01:47 [INFO] my_app: layer:[20] , lwc lac iter:[13], lr:[0.00001192] ,time:[17.009171]s, mse: [0.00069928]
2026-09-09 08:02:04 [INFO] my_app: layer:[20] , lwc lac iter:[14], lr:[0.00000100] ,time:[17.016736]s, mse: [0.00069900]
2026-09-09 08:02:05 [INFO] my_app: saved parameters for layer 20 at /home/utn/luli38se/cv/QuantVGGT/evaluation/outputs/w4a4/a44_local_model_tracker_fixed_e20.pt_sym/qs_frame_parameters_layer_20.pth
2026-09-09 08:02:05 [INFO] my_app: After frame_Layer_20 Memory Stats:
2026-09-09 08:02:05 [INFO] my_app: Allocated: 2401.70 MB
2026-09-09 08:02:05 [INFO] my_app: Reserved/Cached: 2988.00 MB
2026-09-09 08:02:05 [INFO] my_app: Max Allocated: 13552.02 MB
2026-09-09 08:02:05 [INFO] my_app: Max Reserved: 18402.00 MB
2026-09-09 08:02:05 [INFO] my_app: ========= global_Layer_20 =========
2026-09-09 08:02:05 [INFO] my_app: Before global_Layer_20 Memory Stats:
2026-09-09 08:02:05 [INFO] my_app: Allocated: 2347.83 MB
2026-09-09 08:02:05 [INFO] my_app: Reserved/Cached: 2988.00 MB
2026-09-09 08:02:05 [INFO] my_app: Max Allocated: 13552.02 MB
2026-09-09 08:02:05 [INFO] my_app: Max Reserved: 18402.00 MB
2026-09-09 08:02:08 [INFO] my_app: Layer 20 Epoch 0 Start Memory Stats:
2026-09-09 08:02:08 [INFO] my_app: Allocated: 2347.83 MB
2026-09-09 08:02:08 [INFO] my_app: Reserved/Cached: 2988.00 MB
2026-09-09 08:02:08 [INFO] my_app: Max Allocated: 13552.02 MB
2026-09-09 08:02:08 [INFO] my_app: Max Reserved: 18402.00 MB
2026-09-09 08:02:25 [INFO] my_app: layer:[20] , lwc lac iter:[0], lr:[0.00098908] ,time:[16.955120]s, mse: [0.00110613]
2026-09-09 08:02:42 [INFO] my_app: layer:[20] , lwc lac iter:[1], lr:[0.00095682] ,time:[16.972852]s, mse: [0.00095189]
2026-09-09 08:02:59 [INFO] my_app: layer:[20] , lwc lac iter:[2], lr:[0.00090460] ,time:[16.987953]s, mse: [0.00085518]
2026-09-09 08:03:16 [INFO] my_app: layer:[20] , lwc lac iter:[3], lr:[0.00083473] ,time:[16.970566]s, mse: [0.00077612]
2026-09-09 08:03:33 [INFO] my_app: layer:[20] , lwc lac iter:[4], lr:[0.00075025] ,time:[16.997640]s, mse: [0.00069996]
2026-09-09 08:03:50 [INFO] my_app: layer:[20] , lwc lac iter:[5], lr:[0.00065485] ,time:[16.989501]s, mse: [0.00062639]
2026-09-09 08:04:07 [INFO] my_app: layer:[20] , lwc lac iter:[6], lr:[0.00055271] ,time:[16.993013]s, mse: [0.00057094]
2026-09-09 08:04:24 [INFO] my_app: layer:[20] , lwc lac iter:[7], lr:[0.00044829] ,time:[17.002618]s, mse: [0.00053026]
2026-09-09 08:04:41 [INFO] my_app: layer:[20] , lwc lac iter:[8], lr:[0.00034615] ,time:[16.994369]s, mse: [0.00050950]
2026-09-09 08:04:58 [INFO] my_app: layer:[20] , lwc lac iter:[9], lr:[0.00025075] ,time:[16.999689]s, mse: [0.00049945]
2026-09-09 08:05:15 [INFO] my_app: layer:[20] , lwc lac iter:[10], lr:[0.00016627] ,time:[17.004537]s, mse: [0.00049710]
2026-09-09 08:05:32 [INFO] my_app: layer:[20] , lwc lac iter:[11], lr:[0.00009640] ,time:[16.995395]s, mse: [0.00049490]
2026-09-09 08:05:49 [INFO] my_app: layer:[20] , lwc lac iter:[12], lr:[0.00004418] ,time:[16.987639]s, mse: [0.00049035]
2026-09-09 08:06:06 [INFO] my_app: layer:[20] , lwc lac iter:[13], lr:[0.00001192] ,time:[16.979993]s, mse: [0.00048831]
2026-09-09 08:06:23 [INFO] my_app: layer:[20] , lwc lac iter:[14], lr:[0.00000100] ,time:[16.982526]s, mse: [0.00048746]
2026-09-09 08:06:23 [INFO] my_app: saved parameters for layer 20 at /home/utn/luli38se/cv/QuantVGGT/evaluation/outputs/w4a4/a44_local_model_tracker_fixed_e20.pt_sym/qs_global_parameters_layer_20.pth
2026-09-09 08:06:23 [INFO] my_app: After global_Layer_20 Memory Stats:
2026-09-09 08:06:23 [INFO] my_app: Allocated: 2277.51 MB
2026-09-09 08:06:23 [INFO] my_app: Reserved/Cached: 2812.00 MB
2026-09-09 08:06:23 [INFO] my_app: Max Allocated: 13552.02 MB
2026-09-09 08:06:23 [INFO] my_app: Max Reserved: 18402.00 MB
2026-09-09 08:06:23 [INFO] my_app: ========= frame_Layer_21 =========
2026-09-09 08:06:23 [INFO] my_app: Before frame_Layer_21 Memory Stats:
2026-09-09 08:06:23 [INFO] my_app: Allocated: 2223.63 MB
2026-09-09 08:06:23 [INFO] my_app: Reserved/Cached: 2812.00 MB
2026-09-09 08:06:23 [INFO] my_app: Max Allocated: 13552.02 MB
2026-09-09 08:06:23 [INFO] my_app: Max Reserved: 18402.00 MB
2026-09-09 08:06:27 [INFO] my_app: Layer 21 Epoch 0 Start Memory Stats:
2026-09-09 08:06:27 [INFO] my_app: Allocated: 2223.63 MB
2026-09-09 08:06:27 [INFO] my_app: Reserved/Cached: 2812.00 MB
2026-09-09 08:06:27 [INFO] my_app: Max Allocated: 13552.02 MB
2026-09-09 08:06:27 [INFO] my_app: Max Reserved: 18402.00 MB
2026-09-09 08:06:44 [INFO] my_app: layer:[21] , lwc lac iter:[0], lr:[0.00098908] ,time:[16.975363]s, mse: [0.00129718]
2026-09-09 08:07:01 [INFO] my_app: layer:[21] , lwc lac iter:[1], lr:[0.00095682] ,time:[17.013834]s, mse: [0.00112605]
2026-09-09 08:07:18 [INFO] my_app: layer:[21] , lwc lac iter:[2], lr:[0.00090460] ,time:[17.030134]s, mse: [0.00103511]
2026-09-09 08:07:35 [INFO] my_app: layer:[21] , lwc lac iter:[3], lr:[0.00083473] ,time:[17.024338]s, mse: [0.00095249]
2026-09-09 08:07:52 [INFO] my_app: layer:[21] , lwc lac iter:[4], lr:[0.00075025] ,time:[17.026988]s, mse: [0.00085401]
2026-09-09 08:08:09 [INFO] my_app: layer:[21] , lwc lac iter:[5], lr:[0.00065485] ,time:[17.048418]s, mse: [0.00077261]
2026-09-09 08:08:26 [INFO] my_app: layer:[21] , lwc lac iter:[6], lr:[0.00055271] ,time:[17.045219]s, mse: [0.00071828]
2026-09-09 08:08:43 [INFO] my_app: layer:[21] , lwc lac iter:[7], lr:[0.00044829] ,time:[17.046760]s, mse: [0.00068886]
2026-09-09 08:09:00 [INFO] my_app: layer:[21] , lwc lac iter:[8], lr:[0.00034615] ,time:[17.033171]s, mse: [0.00067607]
2026-09-09 08:09:17 [INFO] my_app: layer:[21] , lwc lac iter:[9], lr:[0.00025075] ,time:[17.033766]s, mse: [0.00066495]
2026-09-09 08:09:34 [INFO] my_app: layer:[21] , lwc lac iter:[10], lr:[0.00016627] ,time:[17.042115]s, mse: [0.00065344]
2026-09-09 08:09:51 [INFO] my_app: layer:[21] , lwc lac iter:[11], lr:[0.00009640] ,time:[17.022985]s, mse: [0.00064817]
2026-09-09 08:10:08 [INFO] my_app: layer:[21] , lwc lac iter:[12], lr:[0.00004418] ,time:[17.042519]s, mse: [0.00064963]
2026-09-09 08:10:25 [INFO] my_app: layer:[21] , lwc lac iter:[13], lr:[0.00001192] ,time:[17.044476]s, mse: [0.00065000]
2026-09-09 08:10:42 [INFO] my_app: layer:[21] , lwc lac iter:[14], lr:[0.00000100] ,time:[17.029346]s, mse: [0.00064894]
2026-09-09 08:10:43 [INFO] my_app: saved parameters for layer 21 at /home/utn/luli38se/cv/QuantVGGT/evaluation/outputs/w4a4/a44_local_model_tracker_fixed_e20.pt_sym/qs_frame_parameters_layer_21.pth
2026-09-09 08:10:43 [INFO] my_app: After frame_Layer_21 Memory Stats:
2026-09-09 08:10:43 [INFO] my_app: Allocated: 2153.31 MB
2026-09-09 08:10:43 [INFO] my_app: Reserved/Cached: 2700.00 MB
2026-09-09 08:10:43 [INFO] my_app: Max Allocated: 13552.02 MB
2026-09-09 08:10:43 [INFO] my_app: Max Reserved: 18402.00 MB
2026-09-09 08:10:43 [INFO] my_app: ========= global_Layer_21 =========
2026-09-09 08:10:43 [INFO] my_app: Before global_Layer_21 Memory Stats:
2026-09-09 08:10:43 [INFO] my_app: Allocated: 2099.44 MB
2026-09-09 08:10:43 [INFO] my_app: Reserved/Cached: 2700.00 MB
2026-09-09 08:10:43 [INFO] my_app: Max Allocated: 13552.02 MB
2026-09-09 08:10:43 [INFO] my_app: Max Reserved: 18402.00 MB
2026-09-09 08:10:46 [INFO] my_app: Layer 21 Epoch 0 Start Memory Stats:
2026-09-09 08:10:46 [INFO] my_app: Allocated: 2099.44 MB
2026-09-09 08:10:46 [INFO] my_app: Reserved/Cached: 2700.00 MB
2026-09-09 08:10:46 [INFO] my_app: Max Allocated: 13552.02 MB
2026-09-09 08:10:46 [INFO] my_app: Max Reserved: 18402.00 MB
2026-09-09 08:11:03 [INFO] my_app: layer:[21] , lwc lac iter:[0], lr:[0.00098908] ,time:[16.987399]s, mse: [0.00162479]
2026-09-09 08:11:20 [INFO] my_app: layer:[21] , lwc lac iter:[1], lr:[0.00095682] ,time:[17.024188]s, mse: [0.00137771]
2026-09-09 08:11:37 [INFO] my_app: layer:[21] , lwc lac iter:[2], lr:[0.00090460] ,time:[17.038865]s, mse: [0.00124270]
2026-09-09 08:11:54 [INFO] my_app: layer:[21] , lwc lac iter:[3], lr:[0.00083473] ,time:[17.037598]s, mse: [0.00108868]
2026-09-09 08:12:11 [INFO] my_app: layer:[21] , lwc lac iter:[4], lr:[0.00075025] ,time:[17.039605]s, mse: [0.00098815]
2026-09-09 08:12:28 [INFO] my_app: layer:[21] , lwc lac iter:[5], lr:[0.00065485] ,time:[17.042167]s, mse: [0.00090737]
2026-09-09 08:12:45 [INFO] my_app: layer:[21] , lwc lac iter:[6], lr:[0.00055271] ,time:[17.026182]s, mse: [0.00084099]
2026-09-09 08:13:02 [INFO] my_app: layer:[21] , lwc lac iter:[7], lr:[0.00044829] ,time:[17.036853]s, mse: [0.00081237]
2026-09-09 08:13:20 [INFO] my_app: layer:[21] , lwc lac iter:[8], lr:[0.00034615] ,time:[17.035014]s, mse: [0.00080016]
2026-09-09 08:13:37 [INFO] my_app: layer:[21] , lwc lac iter:[9], lr:[0.00025075] ,time:[17.039500]s, mse: [0.00079288]
2026-09-09 08:13:54 [INFO] my_app: layer:[21] , lwc lac iter:[10], lr:[0.00016627] ,time:[17.034209]s, mse: [0.00078809]
2026-09-09 08:14:11 [INFO] my_app: layer:[21] , lwc lac iter:[11], lr:[0.00009640] ,time:[17.048183]s, mse: [0.00078067]
2026-09-09 08:14:28 [INFO] my_app: layer:[21] , lwc lac iter:[12], lr:[0.00004418] ,time:[17.043398]s, mse: [0.00078130]
2026-09-09 08:14:45 [INFO] my_app: layer:[21] , lwc lac iter:[13], lr:[0.00001192] ,time:[17.032499]s, mse: [0.00077160]
2026-09-09 08:15:02 [INFO] my_app: layer:[21] , lwc lac iter:[14], lr:[0.00000100] ,time:[17.043694]s, mse: [0.00076670]
2026-09-09 08:15:02 [INFO] my_app: saved parameters for layer 21 at /home/utn/luli38se/cv/QuantVGGT/evaluation/outputs/w4a4/a44_local_model_tracker_fixed_e20.pt_sym/qs_global_parameters_layer_21.pth
2026-09-09 08:15:02 [INFO] my_app: After global_Layer_21 Memory Stats:
2026-09-09 08:15:02 [INFO] my_app: Allocated: 2029.12 MB
2026-09-09 08:15:02 [INFO] my_app: Reserved/Cached: 2588.00 MB
2026-09-09 08:15:02 [INFO] my_app: Max Allocated: 13552.02 MB
2026-09-09 08:15:03 [INFO] my_app: Max Reserved: 18402.00 MB
2026-09-09 08:15:03 [INFO] my_app: ========= frame_Layer_22 =========
2026-09-09 08:15:03 [INFO] my_app: Before frame_Layer_22 Memory Stats:
2026-09-09 08:15:03 [INFO] my_app: Allocated: 1975.24 MB
2026-09-09 08:15:03 [INFO] my_app: Reserved/Cached: 2588.00 MB
2026-09-09 08:15:03 [INFO] my_app: Max Allocated: 13552.02 MB
2026-09-09 08:15:03 [INFO] my_app: Max Reserved: 18402.00 MB
2026-09-09 08:15:06 [INFO] my_app: Layer 22 Epoch 0 Start Memory Stats:
2026-09-09 08:15:06 [INFO] my_app: Allocated: 1975.24 MB
2026-09-09 08:15:06 [INFO] my_app: Reserved/Cached: 2588.00 MB
2026-09-09 08:15:06 [INFO] my_app: Max Allocated: 13552.02 MB
2026-09-09 08:15:06 [INFO] my_app: Max Reserved: 18402.00 MB
2026-09-09 08:15:23 [INFO] my_app: layer:[22] , lwc lac iter:[0], lr:[0.00098908] ,time:[16.960625]s, mse: [0.00167644]
2026-09-09 08:15:40 [INFO] my_app: layer:[22] , lwc lac iter:[1], lr:[0.00095682] ,time:[16.996629]s, mse: [0.00142471]
2026-09-09 08:15:57 [INFO] my_app: layer:[22] , lwc lac iter:[2], lr:[0.00090460] ,time:[17.002483]s, mse: [0.00125779]
2026-09-09 08:16:14 [INFO] my_app: layer:[22] , lwc lac iter:[3], lr:[0.00083473] ,time:[17.001978]s, mse: [0.00112738]
2026-09-09 08:16:31 [INFO] my_app: layer:[22] , lwc lac iter:[4], lr:[0.00075025] ,time:[17.020447]s, mse: [0.00101544]
2026-09-09 08:16:48 [INFO] my_app: layer:[22] , lwc lac iter:[5], lr:[0.00065485] ,time:[17.024128]s, mse: [0.00090698]
2026-09-09 08:17:05 [INFO] my_app: layer:[22] , lwc lac iter:[6], lr:[0.00055271] ,time:[17.018994]s, mse: [0.00085650]
2026-09-09 08:17:22 [INFO] my_app: layer:[22] , lwc lac iter:[7], lr:[0.00044829] ,time:[17.005821]s, mse: [0.00081873]
2026-09-09 08:17:39 [INFO] my_app: layer:[22] , lwc lac iter:[8], lr:[0.00034615] ,time:[17.017619]s, mse: [0.00078258]
2026-09-09 08:17:56 [INFO] my_app: layer:[22] , lwc lac iter:[9], lr:[0.00025075] ,time:[17.016507]s, mse: [0.00076945]
2026-09-09 08:18:13 [INFO] my_app: layer:[22] , lwc lac iter:[10], lr:[0.00016627] ,time:[17.029574]s, mse: [0.00075994]
2026-09-09 08:18:30 [INFO] my_app: layer:[22] , lwc lac iter:[11], lr:[0.00009640] ,time:[17.031302]s, mse: [0.00075884]
2026-09-09 08:18:47 [INFO] my_app: layer:[22] , lwc lac iter:[12], lr:[0.00004418] ,time:[17.019578]s, mse: [0.00075758]
2026-09-09 08:19:04 [INFO] my_app: layer:[22] , lwc lac iter:[13], lr:[0.00001192] ,time:[17.016287]s, mse: [0.00075447]
2026-09-09 08:19:21 [INFO] my_app: layer:[22] , lwc lac iter:[14], lr:[0.00000100] ,time:[17.016155]s, mse: [0.00075404]
2026-09-09 08:19:22 [INFO] my_app: saved parameters for layer 22 at /home/utn/luli38se/cv/QuantVGGT/evaluation/outputs/w4a4/a44_local_model_tracker_fixed_e20.pt_sym/qs_frame_parameters_layer_22.pth
2026-09-09 08:19:22 [INFO] my_app: After frame_Layer_22 Memory Stats:
2026-09-09 08:19:22 [INFO] my_app: Allocated: 1904.92 MB
2026-09-09 08:19:22 [INFO] my_app: Reserved/Cached: 2348.00 MB
2026-09-09 08:19:22 [INFO] my_app: Max Allocated: 13552.02 MB
2026-09-09 08:19:22 [INFO] my_app: Max Reserved: 18402.00 MB
2026-09-09 08:19:22 [INFO] my_app: ========= global_Layer_22 =========
2026-09-09 08:19:22 [INFO] my_app: Before global_Layer_22 Memory Stats:
2026-09-09 08:19:22 [INFO] my_app: Allocated: 1851.05 MB
2026-09-09 08:19:22 [INFO] my_app: Reserved/Cached: 2348.00 MB
2026-09-09 08:19:22 [INFO] my_app: Max Allocated: 13552.02 MB
2026-09-09 08:19:22 [INFO] my_app: Max Reserved: 18402.00 MB
2026-09-09 08:19:25 [INFO] my_app: Layer 22 Epoch 0 Start Memory Stats:
2026-09-09 08:19:25 [INFO] my_app: Allocated: 1851.05 MB
2026-09-09 08:19:25 [INFO] my_app: Reserved/Cached: 2348.00 MB
2026-09-09 08:19:25 [INFO] my_app: Max Allocated: 13552.02 MB
2026-09-09 08:19:25 [INFO] my_app: Max Reserved: 18402.00 MB
2026-09-09 08:19:42 [INFO] my_app: layer:[22] , lwc lac iter:[0], lr:[0.00098908] ,time:[17.047199]s, mse: [0.00054416]
2026-09-09 08:19:59 [INFO] my_app: layer:[22] , lwc lac iter:[1], lr:[0.00095682] ,time:[17.080451]s, mse: [0.00048680]
2026-09-09 08:20:16 [INFO] my_app: layer:[22] , lwc lac iter:[2], lr:[0.00090460] ,time:[17.097040]s, mse: [0.00043943]
2026-09-09 08:20:33 [INFO] my_app: layer:[22] , lwc lac iter:[3], lr:[0.00083473] ,time:[17.081062]s, mse: [0.00040280]
2026-09-09 08:20:50 [INFO] my_app: layer:[22] , lwc lac iter:[4], lr:[0.00075025] ,time:[17.061131]s, mse: [0.00036299]
2026-09-09 08:21:08 [INFO] my_app: layer:[22] , lwc lac iter:[5], lr:[0.00065485] ,time:[17.076098]s, mse: [0.00032788]
2026-09-09 08:21:25 [INFO] my_app: layer:[22] , lwc lac iter:[6], lr:[0.00055271] ,time:[17.092948]s, mse: [0.00031278]
2026-09-09 08:21:42 [INFO] my_app: layer:[22] , lwc lac iter:[7], lr:[0.00044829] ,time:[17.082135]s, mse: [0.00029554]
2026-09-09 08:21:59 [INFO] my_app: layer:[22] , lwc lac iter:[8], lr:[0.00034615] ,time:[17.076625]s, mse: [0.00028502]
2026-09-09 08:22:16 [INFO] my_app: layer:[22] , lwc lac iter:[9], lr:[0.00025075] ,time:[17.083830]s, mse: [0.00028976]
2026-09-09 08:22:33 [INFO] my_app: layer:[22] , lwc lac iter:[10], lr:[0.00016627] ,time:[17.100875]s, mse: [0.00028434]
2026-09-09 08:22:50 [INFO] my_app: layer:[22] , lwc lac iter:[11], lr:[0.00009640] ,time:[17.089631]s, mse: [0.00027801]
2026-09-09 08:23:07 [INFO] my_app: layer:[22] , lwc lac iter:[12], lr:[0.00004418] ,time:[17.104678]s, mse: [0.00027375]
2026-09-09 08:23:24 [INFO] my_app: layer:[22] , lwc lac iter:[13], lr:[0.00001192] ,time:[17.105428]s, mse: [0.00027266]
2026-09-09 08:23:41 [INFO] my_app: layer:[22] , lwc lac iter:[14], lr:[0.00000100] ,time:[17.090853]s, mse: [0.00027278]
2026-09-09 08:23:42 [INFO] my_app: saved parameters for layer 22 at /home/utn/luli38se/cv/QuantVGGT/evaluation/outputs/w4a4/a44_local_model_tracker_fixed_e20.pt_sym/qs_global_parameters_layer_22.pth
2026-09-09 08:23:42 [INFO] my_app: After global_Layer_22 Memory Stats:
2026-09-09 08:23:42 [INFO] my_app: Allocated: 1780.73 MB
2026-09-09 08:23:42 [INFO] my_app: Reserved/Cached: 2236.00 MB
2026-09-09 08:23:42 [INFO] my_app: Max Allocated: 13552.02 MB
2026-09-09 08:23:42 [INFO] my_app: Max Reserved: 18402.00 MB
2026-09-09 08:23:42 [INFO] my_app: ========= frame_Layer_23 =========
2026-09-09 08:23:42 [INFO] my_app: Before frame_Layer_23 Memory Stats:
2026-09-09 08:23:42 [INFO] my_app: Allocated: 1726.85 MB
2026-09-09 08:23:42 [INFO] my_app: Reserved/Cached: 2236.00 MB
2026-09-09 08:23:42 [INFO] my_app: Max Allocated: 13552.02 MB
2026-09-09 08:23:42 [INFO] my_app: Max Reserved: 18402.00 MB
2026-09-09 08:23:45 [INFO] my_app: Layer 23 Epoch 0 Start Memory Stats:
2026-09-09 08:23:45 [INFO] my_app: Allocated: 1726.85 MB
2026-09-09 08:23:45 [INFO] my_app: Reserved/Cached: 2236.00 MB
2026-09-09 08:23:45 [INFO] my_app: Max Allocated: 13552.02 MB
2026-09-09 08:23:45 [INFO] my_app: Max Reserved: 18402.00 MB
2026-09-09 08:24:02 [INFO] my_app: layer:[23] , lwc lac iter:[0], lr:[0.00098908] ,time:[17.016941]s, mse: [0.00562130]
2026-09-09 08:24:19 [INFO] my_app: layer:[23] , lwc lac iter:[1], lr:[0.00095682] ,time:[17.063471]s, mse: [0.00478232]
2026-09-09 08:24:37 [INFO] my_app: layer:[23] , lwc lac iter:[2], lr:[0.00090460] ,time:[17.064544]s, mse: [0.00427821]
2026-09-09 08:24:54 [INFO] my_app: layer:[23] , lwc lac iter:[3], lr:[0.00083473] ,time:[17.054327]s, mse: [0.00379764]
2026-09-09 08:25:11 [INFO] my_app: layer:[23] , lwc lac iter:[4], lr:[0.00075025] ,time:[17.062137]s, mse: [0.00338646]
2026-09-09 08:25:28 [INFO] my_app: layer:[23] , lwc lac iter:[5], lr:[0.00065485] ,time:[17.074079]s, mse: [0.00304334]
2026-09-09 08:25:45 [INFO] my_app: layer:[23] , lwc lac iter:[6], lr:[0.00055271] ,time:[17.047194]s, mse: [0.00288431]
2026-09-09 08:26:02 [INFO] my_app: layer:[23] , lwc lac iter:[7], lr:[0.00044829] ,time:[17.059610]s, mse: [0.00282464]
2026-09-09 08:26:19 [INFO] my_app: layer:[23] , lwc lac iter:[8], lr:[0.00034615] ,time:[17.065932]s, mse: [0.00271969]
2026-09-09 08:26:36 [INFO] my_app: layer:[23] , lwc lac iter:[9], lr:[0.00025075] ,time:[17.065055]s, mse: [0.00265967]
2026-09-09 08:26:53 [INFO] my_app: layer:[23] , lwc lac iter:[10], lr:[0.00016627] ,time:[17.066123]s, mse: [0.00262679]
2026-09-09 08:27:10 [INFO] my_app: layer:[23] , lwc lac iter:[11], lr:[0.00009640] ,time:[17.063906]s, mse: [0.00260403]
2026-09-09 08:27:27 [INFO] my_app: layer:[23] , lwc lac iter:[12], lr:[0.00004418] ,time:[17.069149]s, mse: [0.00260898]
2026-09-09 08:27:44 [INFO] my_app: layer:[23] , lwc lac iter:[13], lr:[0.00001192] ,time:[17.064470]s, mse: [0.00260160]
2026-09-09 08:28:01 [INFO] my_app: layer:[23] , lwc lac iter:[14], lr:[0.00000100] ,time:[17.064926]s, mse: [0.00259786]
2026-09-09 08:28:02 [INFO] my_app: saved parameters for layer 23 at /home/utn/luli38se/cv/QuantVGGT/evaluation/outputs/w4a4/a44_local_model_tracker_fixed_e20.pt_sym/qs_frame_parameters_layer_23.pth
2026-09-09 08:28:02 [INFO] my_app: After frame_Layer_23 Memory Stats:
2026-09-09 08:28:02 [INFO] my_app: Allocated: 1656.53 MB
2026-09-09 08:28:02 [INFO] my_app: Reserved/Cached: 1930.00 MB
2026-09-09 08:28:02 [INFO] my_app: Max Allocated: 13552.02 MB
2026-09-09 08:28:02 [INFO] my_app: Max Reserved: 18402.00 MB
2026-09-09 08:28:02 [INFO] my_app: ========= global_Layer_23 =========
2026-09-09 08:28:02 [INFO] my_app: Before global_Layer_23 Memory Stats:
2026-09-09 08:28:02 [INFO] my_app: Allocated: 1602.66 MB
2026-09-09 08:28:02 [INFO] my_app: Reserved/Cached: 1930.00 MB
2026-09-09 08:28:02 [INFO] my_app: Max Allocated: 13552.02 MB
2026-09-09 08:28:02 [INFO] my_app: Max Reserved: 18402.00 MB
2026-09-09 08:28:05 [INFO] my_app: Layer 23 Epoch 0 Start Memory Stats:
2026-09-09 08:28:05 [INFO] my_app: Allocated: 1602.66 MB
2026-09-09 08:28:05 [INFO] my_app: Reserved/Cached: 1930.00 MB
2026-09-09 08:28:05 [INFO] my_app: Max Allocated: 13552.02 MB
2026-09-09 08:28:05 [INFO] my_app: Max Reserved: 18402.00 MB
2026-09-09 08:28:23 [INFO] my_app: layer:[23] , lwc lac iter:[0], lr:[0.00098908] ,time:[17.169436]s, mse: [0.01246451]
2026-09-09 08:28:40 [INFO] my_app: layer:[23] , lwc lac iter:[1], lr:[0.00095682] ,time:[17.209901]s, mse: [0.01074587]
2026-09-09 08:28:57 [INFO] my_app: layer:[23] , lwc lac iter:[2], lr:[0.00090460] ,time:[17.192103]s, mse: [0.00967730]
2026-09-09 08:29:14 [INFO] my_app: layer:[23] , lwc lac iter:[3], lr:[0.00083473] ,time:[17.203574]s, mse: [0.00854724]
2026-09-09 08:29:31 [INFO] my_app: layer:[23] , lwc lac iter:[4], lr:[0.00075025] ,time:[17.219899]s, mse: [0.00740220]
2026-09-09 08:29:49 [INFO] my_app: layer:[23] , lwc lac iter:[5], lr:[0.00065485] ,time:[17.208606]s, mse: [0.00655677]
2026-09-09 08:30:06 [INFO] my_app: layer:[23] , lwc lac iter:[6], lr:[0.00055271] ,time:[17.203421]s, mse: [0.00611716]
2026-09-09 08:30:23 [INFO] my_app: layer:[23] , lwc lac iter:[7], lr:[0.00044829] ,time:[17.193760]s, mse: [0.00590103]
2026-09-09 08:30:40 [INFO] my_app: layer:[23] , lwc lac iter:[8], lr:[0.00034615] ,time:[17.218090]s, mse: [0.00572302]
2026-09-09 08:30:58 [INFO] my_app: layer:[23] , lwc lac iter:[9], lr:[0.00025075] ,time:[17.210150]s, mse: [0.00568856]
2026-09-09 08:31:15 [INFO] my_app: layer:[23] , lwc lac iter:[10], lr:[0.00016627] ,time:[17.214447]s, mse: [0.00559523]
2026-09-09 08:31:32 [INFO] my_app: layer:[23] , lwc lac iter:[11], lr:[0.00009640] ,time:[17.209893]s, mse: [0.00550475]
2026-09-09 08:31:49 [INFO] my_app: layer:[23] , lwc lac iter:[12], lr:[0.00004418] ,time:[17.204047]s, mse: [0.00545921]
2026-09-09 08:32:06 [INFO] my_app: layer:[23] , lwc lac iter:[13], lr:[0.00001192] ,time:[17.209223]s, mse: [0.00544300]
2026-09-09 08:32:24 [INFO] my_app: layer:[23] , lwc lac iter:[14], lr:[0.00000100] ,time:[17.188172]s, mse: [0.00544571]
2026-09-09 08:32:24 [INFO] my_app: saved parameters for layer 23 at /home/utn/luli38se/cv/QuantVGGT/evaluation/outputs/w4a4/a44_local_model_tracker_fixed_e20.pt_sym/qs_global_parameters_layer_23.pth
2026-09-09 08:32:24 [INFO] my_app: After global_Layer_23 Memory Stats:
2026-09-09 08:32:24 [INFO] my_app: Allocated: 1532.66 MB
2026-09-09 08:32:24 [INFO] my_app: Reserved/Cached: 1872.00 MB
2026-09-09 08:32:24 [INFO] my_app: Max Allocated: 13552.02 MB
2026-09-09 08:32:24 [INFO] my_app: Max Reserved: 18402.00 MB
2026-09-09 08:32:24 [INFO] my_app: Final Memory Stats:
2026-09-09 08:32:24 [INFO] my_app: Allocated: 1478.46 MB
2026-09-09 08:32:24 [INFO] my_app: Reserved/Cached: 1818.00 MB
2026-09-09 08:32:24 [INFO] my_app: Max Allocated: 13552.02 MB
2026-09-09 08:32:24 [INFO] my_app: Max Reserved: 18402.00 MB
2026-09-09 08:32:59 [INFO] my_app: saved merged parameters at /home/utn/luli38se/cv/QuantVGGT/evaluation/outputs/w4a4/a44_local_model_tracker_fixed_e20.pt_sym/qs_frame_parameters_total.pth
2026-09-09 08:32:59 [INFO] my_app: saved merged parameters at /home/utn/luli38se/cv/QuantVGGT/evaluation/outputs/w4a4/a44_local_model_tracker_fixed_e20.pt_sym/qs_global_parameters_total.pth
2026-09-09 08:32:59 [INFO] my_app: removed layer parameter file: /home/utn/luli38se/cv/QuantVGGT/evaluation/outputs/w4a4/a44_local_model_tracker_fixed_e20.pt_sym/qs_frame_parameters_layer_0.pth
2026-09-09 08:32:59 [INFO] my_app: removed layer parameter file: /home/utn/luli38se/cv/QuantVGGT/evaluation/outputs/w4a4/a44_local_model_tracker_fixed_e20.pt_sym/qs_global_parameters_layer_0.pth
2026-09-09 08:32:59 [INFO] my_app: removed layer parameter file: /home/utn/luli38se/cv/QuantVGGT/evaluation/outputs/w4a4/a44_local_model_tracker_fixed_e20.pt_sym/qs_frame_parameters_layer_1.pth
2026-09-09 08:32:59 [INFO] my_app: removed layer parameter file: /home/utn/luli38se/cv/QuantVGGT/evaluation/outputs/w4a4/a44_local_model_tracker_fixed_e20.pt_sym/qs_global_parameters_layer_1.pth
2026-09-09 08:32:59 [INFO] my_app: removed layer parameter file: /home/utn/luli38se/cv/QuantVGGT/evaluation/outputs/w4a4/a44_local_model_tracker_fixed_e20.pt_sym/qs_frame_parameters_layer_2.pth
2026-09-09 08:32:59 [INFO] my_app: removed layer parameter file: /home/utn/luli38se/cv/QuantVGGT/evaluation/outputs/w4a4/a44_local_model_tracker_fixed_e20.pt_sym/qs_global_parameters_layer_2.pth
2026-09-09 08:32:59 [INFO] my_app: removed layer parameter file: /home/utn/luli38se/cv/QuantVGGT/evaluation/outputs/w4a4/a44_local_model_tracker_fixed_e20.pt_sym/qs_frame_parameters_layer_3.pth
2026-09-09 08:32:59 [INFO] my_app: removed layer parameter file: /home/utn/luli38se/cv/QuantVGGT/evaluation/outputs/w4a4/a44_local_model_tracker_fixed_e20.pt_sym/qs_global_parameters_layer_3.pth
2026-09-09 08:32:59 [INFO] my_app: removed layer parameter file: /home/utn/luli38se/cv/QuantVGGT/evaluation/outputs/w4a4/a44_local_model_tracker_fixed_e20.pt_sym/qs_frame_parameters_layer_4.pth
2026-09-09 08:32:59 [INFO] my_app: removed layer parameter file: /home/utn/luli38se/cv/QuantVGGT/evaluation/outputs/w4a4/a44_local_model_tracker_fixed_e20.pt_sym/qs_global_parameters_layer_4.pth
2026-09-09 08:32:59 [INFO] my_app: removed layer parameter file: /home/utn/luli38se/cv/QuantVGGT/evaluation/outputs/w4a4/a44_local_model_tracker_fixed_e20.pt_sym/qs_frame_parameters_layer_5.pth
2026-09-09 08:32:59 [INFO] my_app: removed layer parameter file: /home/utn/luli38se/cv/QuantVGGT/evaluation/outputs/w4a4/a44_local_model_tracker_fixed_e20.pt_sym/qs_global_parameters_layer_5.pth
2026-09-09 08:32:59 [INFO] my_app: removed layer parameter file: /home/utn/luli38se/cv/QuantVGGT/evaluation/outputs/w4a4/a44_local_model_tracker_fixed_e20.pt_sym/qs_frame_parameters_layer_6.pth
2026-09-09 08:32:59 [INFO] my_app: removed layer parameter file: /home/utn/luli38se/cv/QuantVGGT/evaluation/outputs/w4a4/a44_local_model_tracker_fixed_e20.pt_sym/qs_global_parameters_layer_6.pth
2026-09-09 08:32:59 [INFO] my_app: removed layer parameter file: /home/utn/luli38se/cv/QuantVGGT/evaluation/outputs/w4a4/a44_local_model_tracker_fixed_e20.pt_sym/qs_frame_parameters_layer_7.pth
2026-09-09 08:32:59 [INFO] my_app: removed layer parameter file: /home/utn/luli38se/cv/QuantVGGT/evaluation/outputs/w4a4/a44_local_model_tracker_fixed_e20.pt_sym/qs_global_parameters_layer_7.pth
2026-09-09 08:32:59 [INFO] my_app: removed layer parameter file: /home/utn/luli38se/cv/QuantVGGT/evaluation/outputs/w4a4/a44_local_model_tracker_fixed_e20.pt_sym/qs_frame_parameters_layer_8.pth
2026-09-09 08:32:59 [INFO] my_app: removed layer parameter file: /home/utn/luli38se/cv/QuantVGGT/evaluation/outputs/w4a4/a44_local_model_tracker_fixed_e20.pt_sym/qs_global_parameters_layer_8.pth
2026-09-09 08:32:59 [INFO] my_app: removed layer parameter file: /home/utn/luli38se/cv/QuantVGGT/evaluation/outputs/w4a4/a44_local_model_tracker_fixed_e20.pt_sym/qs_frame_parameters_layer_9.pth
2026-09-09 08:32:59 [INFO] my_app: removed layer parameter file: /home/utn/luli38se/cv/QuantVGGT/evaluation/outputs/w4a4/a44_local_model_tracker_fixed_e20.pt_sym/qs_global_parameters_layer_9.pth
2026-09-09 08:32:59 [INFO] my_app: removed layer parameter file: /home/utn/luli38se/cv/QuantVGGT/evaluation/outputs/w4a4/a44_local_model_tracker_fixed_e20.pt_sym/qs_frame_parameters_layer_10.pth
2026-09-09 08:32:59 [INFO] my_app: removed layer parameter file: /home/utn/luli38se/cv/QuantVGGT/evaluation/outputs/w4a4/a44_local_model_tracker_fixed_e20.pt_sym/qs_global_parameters_layer_10.pth
2026-09-09 08:33:00 [INFO] my_app: removed layer parameter file: /home/utn/luli38se/cv/QuantVGGT/evaluation/outputs/w4a4/a44_local_model_tracker_fixed_e20.pt_sym/qs_frame_parameters_layer_11.pth
2026-09-09 08:33:00 [INFO] my_app: removed layer parameter file: /home/utn/luli38se/cv/QuantVGGT/evaluation/outputs/w4a4/a44_local_model_tracker_fixed_e20.pt_sym/qs_global_parameters_layer_11.pth
2026-09-09 08:33:00 [INFO] my_app: removed layer parameter file: /home/utn/luli38se/cv/QuantVGGT/evaluation/outputs/w4a4/a44_local_model_tracker_fixed_e20.pt_sym/qs_frame_parameters_layer_12.pth
2026-09-09 08:33:00 [INFO] my_app: removed layer parameter file: /home/utn/luli38se/cv/QuantVGGT/evaluation/outputs/w4a4/a44_local_model_tracker_fixed_e20.pt_sym/qs_global_parameters_layer_12.pth
2026-09-09 08:33:00 [INFO] my_app: removed layer parameter file: /home/utn/luli38se/cv/QuantVGGT/evaluation/outputs/w4a4/a44_local_model_tracker_fixed_e20.pt_sym/qs_frame_parameters_layer_13.pth
2026-09-09 08:33:00 [INFO] my_app: removed layer parameter file: /home/utn/luli38se/cv/QuantVGGT/evaluation/outputs/w4a4/a44_local_model_tracker_fixed_e20.pt_sym/qs_global_parameters_layer_13.pth
2026-09-09 08:33:00 [INFO] my_app: removed layer parameter file: /home/utn/luli38se/cv/QuantVGGT/evaluation/outputs/w4a4/a44_local_model_tracker_fixed_e20.pt_sym/qs_frame_parameters_layer_14.pth
2026-09-09 08:33:00 [INFO] my_app: removed layer parameter file: /home/utn/luli38se/cv/QuantVGGT/evaluation/outputs/w4a4/a44_local_model_tracker_fixed_e20.pt_sym/qs_global_parameters_layer_14.pth
2026-09-09 08:33:00 [INFO] my_app: removed layer parameter file: /home/utn/luli38se/cv/QuantVGGT/evaluation/outputs/w4a4/a44_local_model_tracker_fixed_e20.pt_sym/qs_frame_parameters_layer_15.pth
2026-09-09 08:33:00 [INFO] my_app: removed layer parameter file: /home/utn/luli38se/cv/QuantVGGT/evaluation/outputs/w4a4/a44_local_model_tracker_fixed_e20.pt_sym/qs_global_parameters_layer_15.pth
2026-09-09 08:33:00 [INFO] my_app: removed layer parameter file: /home/utn/luli38se/cv/QuantVGGT/evaluation/outputs/w4a4/a44_local_model_tracker_fixed_e20.pt_sym/qs_frame_parameters_layer_16.pth
2026-09-09 08:33:00 [INFO] my_app: removed layer parameter file: /home/utn/luli38se/cv/QuantVGGT/evaluation/outputs/w4a4/a44_local_model_tracker_fixed_e20.pt_sym/qs_global_parameters_layer_16.pth
2026-09-09 08:33:00 [INFO] my_app: removed layer parameter file: /home/utn/luli38se/cv/QuantVGGT/evaluation/outputs/w4a4/a44_local_model_tracker_fixed_e20.pt_sym/qs_frame_parameters_layer_17.pth
2026-09-09 08:33:00 [INFO] my_app: removed layer parameter file: /home/utn/luli38se/cv/QuantVGGT/evaluation/outputs/w4a4/a44_local_model_tracker_fixed_e20.pt_sym/qs_global_parameters_layer_17.pth
2026-09-09 08:33:00 [INFO] my_app: removed layer parameter file: /home/utn/luli38se/cv/QuantVGGT/evaluation/outputs/w4a4/a44_local_model_tracker_fixed_e20.pt_sym/qs_frame_parameters_layer_18.pth
2026-09-09 08:33:00 [INFO] my_app: removed layer parameter file: /home/utn/luli38se/cv/QuantVGGT/evaluation/outputs/w4a4/a44_local_model_tracker_fixed_e20.pt_sym/qs_global_parameters_layer_18.pth
2026-09-09 08:33:00 [INFO] my_app: removed layer parameter file: /home/utn/luli38se/cv/QuantVGGT/evaluation/outputs/w4a4/a44_local_model_tracker_fixed_e20.pt_sym/qs_frame_parameters_layer_19.pth
2026-09-09 08:33:00 [INFO] my_app: removed layer parameter file: /home/utn/luli38se/cv/QuantVGGT/evaluation/outputs/w4a4/a44_local_model_tracker_fixed_e20.pt_sym/qs_global_parameters_layer_19.pth
2026-09-09 08:33:00 [INFO] my_app: removed layer parameter file: /home/utn/luli38se/cv/QuantVGGT/evaluation/outputs/w4a4/a44_local_model_tracker_fixed_e20.pt_sym/qs_frame_parameters_layer_20.pth
2026-09-09 08:33:00 [INFO] my_app: removed layer parameter file: /home/utn/luli38se/cv/QuantVGGT/evaluation/outputs/w4a4/a44_local_model_tracker_fixed_e20.pt_sym/qs_global_parameters_layer_20.pth
2026-09-09 08:33:00 [INFO] my_app: removed layer parameter file: /home/utn/luli38se/cv/QuantVGGT/evaluation/outputs/w4a4/a44_local_model_tracker_fixed_e20.pt_sym/qs_frame_parameters_layer_21.pth
2026-09-09 08:33:00 [INFO] my_app: removed layer parameter file: /home/utn/luli38se/cv/QuantVGGT/evaluation/outputs/w4a4/a44_local_model_tracker_fixed_e20.pt_sym/qs_global_parameters_layer_21.pth
2026-09-09 08:33:00 [INFO] my_app: removed layer parameter file: /home/utn/luli38se/cv/QuantVGGT/evaluation/outputs/w4a4/a44_local_model_tracker_fixed_e20.pt_sym/qs_frame_parameters_layer_22.pth
2026-09-09 08:33:00 [INFO] my_app: removed layer parameter file: /home/utn/luli38se/cv/QuantVGGT/evaluation/outputs/w4a4/a44_local_model_tracker_fixed_e20.pt_sym/qs_global_parameters_layer_22.pth
2026-09-09 08:33:00 [INFO] my_app: removed layer parameter file: /home/utn/luli38se/cv/QuantVGGT/evaluation/outputs/w4a4/a44_local_model_tracker_fixed_e20.pt_sym/qs_frame_parameters_layer_23.pth
2026-09-09 08:33:00 [INFO] my_app: removed layer parameter file: /home/utn/luli38se/cv/QuantVGGT/evaluation/outputs/w4a4/a44_local_model_tracker_fixed_e20.pt_sym/qs_global_parameters_layer_23.pth
calibration finished in 210.4 min
  wrote /home/utn/luli38se/cv/QuantVGGT/evaluation/outputs/w4a4/a44_local_model_tracker_fixed_e20.pt_sym/qs_frame_parameters_total.pth  (1.78 GiB)
  wrote /home/utn/luli38se/cv/QuantVGGT/evaluation/outputs/w4a4/a44_local_model_tracker_fixed_e20.pt_sym/qs_global_parameters_total.pth  (1.78 GiB)
