device=cuda  torch=2.3.1+cu121
gpu=NVIDIA RTX 4000 Ada Generation  total=19.5 GiB
loading VGGT from /home/utn/luli38se/cv/QuantVGGT/VGGT-1B/model_tracker_fixed_e20.pt ...
  loaded in 6.3s
loading calibration set from /var/tmp/luli38se/quantsplat/models/QuantVGGT/calib_data.pt ...
  42 samples in 0.5s
W-bit=4  A-bit=4
smooth=False  rot=True  LWC=True  LAC=True
epochs=15  nsamples=42  cali_bsz=1
exp_dir=/home/utn/luli38se/cv/QuantVGGT/evaluation/outputs/w4a4/a44_nosmooth_model_tracker_fixed_e20.pt_sym
2026-09-09 11:20:24 [INFO] my_app: Initial Memory Stats:
2026-09-09 11:20:24 [INFO] my_app: Allocated: 8450.37 MB
2026-09-09 11:20:24 [INFO] my_app: Reserved/Cached: 8624.00 MB
2026-09-09 11:20:24 [INFO] my_app: Max Allocated: 8578.33 MB
2026-09-09 11:20:24 [INFO] my_app: Max Reserved: 8624.00 MB
2026-09-09 11:21:07 [INFO] my_app: ========= frame_Layer_0 =========
2026-09-09 11:21:07 [INFO] my_app: Before frame_Layer_0 Memory Stats:
2026-09-09 11:21:07 [INFO] my_app: Allocated: 7336.95 MB
2026-09-09 11:21:07 [INFO] my_app: Reserved/Cached: 7424.00 MB
2026-09-09 11:21:07 [INFO] my_app: Max Allocated: 9119.59 MB
2026-09-09 11:21:07 [INFO] my_app: Max Reserved: 9446.00 MB
2026-09-09 11:21:13 [INFO] my_app: Layer 0 Epoch 0 Start Memory Stats:
2026-09-09 11:21:13 [INFO] my_app: Allocated: 7336.96 MB
2026-09-09 11:21:13 [INFO] my_app: Reserved/Cached: 7424.00 MB
2026-09-09 11:21:13 [INFO] my_app: Max Allocated: 9119.59 MB
2026-09-09 11:21:13 [INFO] my_app: Max Reserved: 9446.00 MB
2026-09-09 11:21:29 [INFO] my_app: layer:[0] , lwc lac iter:[0], lr:[0.00989075] ,time:[16.010366]s, mse: [0.00000793]
2026-09-09 11:21:45 [INFO] my_app: layer:[0] , lwc lac iter:[1], lr:[0.00956777] ,time:[15.953303]s, mse: [0.00000777]
2026-09-09 11:22:01 [INFO] my_app: layer:[0] , lwc lac iter:[2], lr:[0.00904518] ,time:[15.957437]s, mse: [0.00000739]
2026-09-09 11:22:17 [INFO] my_app: layer:[0] , lwc lac iter:[3], lr:[0.00834582] ,time:[15.954429]s, mse: [0.00000697]
2026-09-09 11:22:33 [INFO] my_app: layer:[0] , lwc lac iter:[4], lr:[0.00750025] ,time:[15.949016]s, mse: [0.00000617]
2026-09-09 11:22:49 [INFO] my_app: layer:[0] , lwc lac iter:[5], lr:[0.00654543] ,time:[15.958979]s, mse: [0.00000565]
2026-09-09 11:23:05 [INFO] my_app: layer:[0] , lwc lac iter:[6], lr:[0.00552309] ,time:[15.953322]s, mse: [0.00000555]
2026-09-09 11:23:21 [INFO] my_app: layer:[0] , lwc lac iter:[7], lr:[0.00447791] ,time:[15.977638]s, mse: [0.00000544]
2026-09-09 11:23:37 [INFO] my_app: layer:[0] , lwc lac iter:[8], lr:[0.00345557] ,time:[15.973012]s, mse: [0.00000545]
2026-09-09 11:23:53 [INFO] my_app: layer:[0] , lwc lac iter:[9], lr:[0.00250075] ,time:[15.952433]s, mse: [0.00000538]
2026-09-09 11:24:09 [INFO] my_app: layer:[0] , lwc lac iter:[10], lr:[0.00165518] ,time:[15.991066]s, mse: [0.00000539]
2026-09-09 11:24:25 [INFO] my_app: layer:[0] , lwc lac iter:[11], lr:[0.00095582] ,time:[15.999079]s, mse: [0.00000540]
2026-09-09 11:24:41 [INFO] my_app: layer:[0] , lwc lac iter:[12], lr:[0.00043323] ,time:[15.983721]s, mse: [0.00000538]
2026-09-09 11:24:57 [INFO] my_app: layer:[0] , lwc lac iter:[13], lr:[0.00011025] ,time:[15.989846]s, mse: [0.00000536]
2026-09-09 11:25:13 [INFO] my_app: layer:[0] , lwc lac iter:[14], lr:[0.00000100] ,time:[15.975075]s, mse: [0.00000536]
2026-09-09 11:25:14 [INFO] my_app: saved parameters for layer 0 at /home/utn/luli38se/cv/QuantVGGT/evaluation/outputs/w4a4/a44_nosmooth_model_tracker_fixed_e20.pt_sym/qs_frame_parameters_layer_0.pth
2026-09-09 11:25:14 [INFO] my_app: After frame_Layer_0 Memory Stats:
2026-09-09 11:25:14 [INFO] my_app: Allocated: 7275.10 MB
2026-09-09 11:25:14 [INFO] my_app: Reserved/Cached: 7406.00 MB
2026-09-09 11:25:14 [INFO] my_app: Max Allocated: 10996.90 MB
2026-09-09 11:25:14 [INFO] my_app: Max Reserved: 11654.00 MB
2026-09-09 11:25:14 [INFO] my_app: ========= global_Layer_0 =========
2026-09-09 11:25:14 [INFO] my_app: Before global_Layer_0 Memory Stats:
2026-09-09 11:25:14 [INFO] my_app: Allocated: 7220.95 MB
2026-09-09 11:25:14 [INFO] my_app: Reserved/Cached: 7406.00 MB
2026-09-09 11:25:14 [INFO] my_app: Max Allocated: 10996.90 MB
2026-09-09 11:25:14 [INFO] my_app: Max Reserved: 11654.00 MB
2026-09-09 11:25:17 [INFO] my_app: Layer 0 Epoch 0 Start Memory Stats:
2026-09-09 11:25:17 [INFO] my_app: Allocated: 7220.95 MB
2026-09-09 11:25:17 [INFO] my_app: Reserved/Cached: 7352.00 MB
2026-09-09 11:25:17 [INFO] my_app: Max Allocated: 10996.90 MB
2026-09-09 11:25:17 [INFO] my_app: Max Reserved: 11654.00 MB
2026-09-09 11:25:33 [INFO] my_app: layer:[0] , lwc lac iter:[0], lr:[0.00989075] ,time:[15.944376]s, mse: [0.00000423]
2026-09-09 11:25:49 [INFO] my_app: layer:[0] , lwc lac iter:[1], lr:[0.00956777] ,time:[15.979393]s, mse: [0.00000417]
2026-09-09 11:26:05 [INFO] my_app: layer:[0] , lwc lac iter:[2], lr:[0.00904518] ,time:[15.974974]s, mse: [0.00000403]
2026-09-09 11:26:21 [INFO] my_app: layer:[0] , lwc lac iter:[3], lr:[0.00834582] ,time:[15.988064]s, mse: [0.00000384]
2026-09-09 11:26:37 [INFO] my_app: layer:[0] , lwc lac iter:[4], lr:[0.00750025] ,time:[15.997065]s, mse: [0.00000366]
2026-09-09 11:26:53 [INFO] my_app: layer:[0] , lwc lac iter:[5], lr:[0.00654543] ,time:[15.986726]s, mse: [0.00000346]
2026-09-09 11:27:09 [INFO] my_app: layer:[0] , lwc lac iter:[6], lr:[0.00552309] ,time:[16.003614]s, mse: [0.00000335]
2026-09-09 11:27:25 [INFO] my_app: layer:[0] , lwc lac iter:[7], lr:[0.00447791] ,time:[16.007935]s, mse: [0.00000326]
2026-09-09 11:27:41 [INFO] my_app: layer:[0] , lwc lac iter:[8], lr:[0.00345557] ,time:[15.997043]s, mse: [0.00000323]
2026-09-09 11:27:57 [INFO] my_app: layer:[0] , lwc lac iter:[9], lr:[0.00250075] ,time:[15.989285]s, mse: [0.00000321]
2026-09-09 11:28:13 [INFO] my_app: layer:[0] , lwc lac iter:[10], lr:[0.00165518] ,time:[16.010159]s, mse: [0.00000323]
2026-09-09 11:28:29 [INFO] my_app: layer:[0] , lwc lac iter:[11], lr:[0.00095582] ,time:[16.015745]s, mse: [0.00000322]
2026-09-09 11:28:45 [INFO] my_app: layer:[0] , lwc lac iter:[12], lr:[0.00043323] ,time:[15.979595]s, mse: [0.00000319]
2026-09-09 11:29:01 [INFO] my_app: layer:[0] , lwc lac iter:[13], lr:[0.00011025] ,time:[16.012172]s, mse: [0.00000319]
2026-09-09 11:29:17 [INFO] my_app: layer:[0] , lwc lac iter:[14], lr:[0.00000100] ,time:[16.012783]s, mse: [0.00000319]
2026-09-09 11:29:18 [INFO] my_app: saved parameters for layer 0 at /home/utn/luli38se/cv/QuantVGGT/evaluation/outputs/w4a4/a44_nosmooth_model_tracker_fixed_e20.pt_sym/qs_global_parameters_layer_0.pth
2026-09-09 11:29:18 [INFO] my_app: After global_Layer_0 Memory Stats:
2026-09-09 11:29:18 [INFO] my_app: Allocated: 7150.96 MB
2026-09-09 11:29:18 [INFO] my_app: Reserved/Cached: 7298.00 MB
2026-09-09 11:29:18 [INFO] my_app: Max Allocated: 10996.90 MB
2026-09-09 11:29:18 [INFO] my_app: Max Reserved: 11654.00 MB
2026-09-09 11:29:18 [INFO] my_app: ========= frame_Layer_1 =========
2026-09-09 11:29:18 [INFO] my_app: Before frame_Layer_1 Memory Stats:
2026-09-09 11:29:18 [INFO] my_app: Allocated: 7096.81 MB
2026-09-09 11:29:18 [INFO] my_app: Reserved/Cached: 7298.00 MB
2026-09-09 11:29:18 [INFO] my_app: Max Allocated: 10996.90 MB
2026-09-09 11:29:18 [INFO] my_app: Max Reserved: 11654.00 MB
2026-09-09 11:29:22 [INFO] my_app: Layer 1 Epoch 0 Start Memory Stats:
2026-09-09 11:29:22 [INFO] my_app: Allocated: 7096.81 MB
2026-09-09 11:29:22 [INFO] my_app: Reserved/Cached: 7240.00 MB
2026-09-09 11:29:22 [INFO] my_app: Max Allocated: 10996.90 MB
2026-09-09 11:29:22 [INFO] my_app: Max Reserved: 11654.00 MB
2026-09-09 11:29:38 [INFO] my_app: layer:[1] , lwc lac iter:[0], lr:[0.00989075] ,time:[15.960389]s, mse: [0.00001005]
2026-09-09 11:29:54 [INFO] my_app: layer:[1] , lwc lac iter:[1], lr:[0.00956777] ,time:[15.984415]s, mse: [0.00000996]
2026-09-09 11:30:10 [INFO] my_app: layer:[1] , lwc lac iter:[2], lr:[0.00904518] ,time:[15.983814]s, mse: [0.00000987]
2026-09-09 11:30:26 [INFO] my_app: layer:[1] , lwc lac iter:[3], lr:[0.00834582] ,time:[15.986633]s, mse: [0.00000966]
2026-09-09 11:30:42 [INFO] my_app: layer:[1] , lwc lac iter:[4], lr:[0.00750025] ,time:[16.001111]s, mse: [0.00000922]
2026-09-09 11:30:58 [INFO] my_app: layer:[1] , lwc lac iter:[5], lr:[0.00654543] ,time:[15.997718]s, mse: [0.00000857]
2026-09-09 11:31:14 [INFO] my_app: layer:[1] , lwc lac iter:[6], lr:[0.00552309] ,time:[15.972845]s, mse: [0.00000812]
2026-09-09 11:31:30 [INFO] my_app: layer:[1] , lwc lac iter:[7], lr:[0.00447791] ,time:[15.996568]s, mse: [0.00000788]
2026-09-09 11:31:46 [INFO] my_app: layer:[1] , lwc lac iter:[8], lr:[0.00345557] ,time:[16.019441]s, mse: [0.00000786]
2026-09-09 11:32:01 [INFO] my_app: layer:[1] , lwc lac iter:[9], lr:[0.00250075] ,time:[15.976053]s, mse: [0.00000785]
2026-09-09 11:32:18 [INFO] my_app: layer:[1] , lwc lac iter:[10], lr:[0.00165518] ,time:[16.009741]s, mse: [0.00000784]
2026-09-09 11:32:33 [INFO] my_app: layer:[1] , lwc lac iter:[11], lr:[0.00095582] ,time:[15.992333]s, mse: [0.00000784]
2026-09-09 11:32:50 [INFO] my_app: layer:[1] , lwc lac iter:[12], lr:[0.00043323] ,time:[16.004919]s, mse: [0.00000785]
2026-09-09 11:33:06 [INFO] my_app: layer:[1] , lwc lac iter:[13], lr:[0.00011025] ,time:[15.998111]s, mse: [0.00000784]
2026-09-09 11:33:22 [INFO] my_app: layer:[1] , lwc lac iter:[14], lr:[0.00000100] ,time:[16.018595]s, mse: [0.00000783]
2026-09-09 11:33:22 [INFO] my_app: saved parameters for layer 1 at /home/utn/luli38se/cv/QuantVGGT/evaluation/outputs/w4a4/a44_nosmooth_model_tracker_fixed_e20.pt_sym/qs_frame_parameters_layer_1.pth
2026-09-09 11:33:22 [INFO] my_app: After frame_Layer_1 Memory Stats:
2026-09-09 11:33:22 [INFO] my_app: Allocated: 7026.81 MB
2026-09-09 11:33:22 [INFO] my_app: Reserved/Cached: 7182.00 MB
2026-09-09 11:33:22 [INFO] my_app: Max Allocated: 10996.90 MB
2026-09-09 11:33:22 [INFO] my_app: Max Reserved: 11654.00 MB
2026-09-09 11:33:22 [INFO] my_app: ========= global_Layer_1 =========
2026-09-09 11:33:22 [INFO] my_app: Before global_Layer_1 Memory Stats:
2026-09-09 11:33:22 [INFO] my_app: Allocated: 6972.67 MB
2026-09-09 11:33:22 [INFO] my_app: Reserved/Cached: 7182.00 MB
2026-09-09 11:33:22 [INFO] my_app: Max Allocated: 10996.90 MB
2026-09-09 11:33:22 [INFO] my_app: Max Reserved: 11654.00 MB
2026-09-09 11:33:26 [INFO] my_app: Layer 1 Epoch 0 Start Memory Stats:
2026-09-09 11:33:26 [INFO] my_app: Allocated: 6972.67 MB
2026-09-09 11:33:26 [INFO] my_app: Reserved/Cached: 7128.00 MB
2026-09-09 11:33:26 [INFO] my_app: Max Allocated: 10996.90 MB
2026-09-09 11:33:26 [INFO] my_app: Max Reserved: 11654.00 MB
2026-09-09 11:33:42 [INFO] my_app: layer:[1] , lwc lac iter:[0], lr:[0.00989075] ,time:[15.927363]s, mse: [0.00001350]
2026-09-09 11:33:58 [INFO] my_app: layer:[1] , lwc lac iter:[1], lr:[0.00956777] ,time:[15.952782]s, mse: [0.00001347]
2026-09-09 11:34:14 [INFO] my_app: layer:[1] , lwc lac iter:[2], lr:[0.00904518] ,time:[15.960174]s, mse: [0.00001319]
2026-09-09 11:34:30 [INFO] my_app: layer:[1] , lwc lac iter:[3], lr:[0.00834582] ,time:[15.955904]s, mse: [0.00001258]
2026-09-09 11:34:46 [INFO] my_app: layer:[1] , lwc lac iter:[4], lr:[0.00750025] ,time:[15.955965]s, mse: [0.00001211]
2026-09-09 11:35:02 [INFO] my_app: layer:[1] , lwc lac iter:[5], lr:[0.00654543] ,time:[15.971314]s, mse: [0.00001154]
2026-09-09 11:35:18 [INFO] my_app: layer:[1] , lwc lac iter:[6], lr:[0.00552309] ,time:[15.952515]s, mse: [0.00001132]
2026-09-09 11:35:34 [INFO] my_app: layer:[1] , lwc lac iter:[7], lr:[0.00447791] ,time:[15.983071]s, mse: [0.00001111]
2026-09-09 11:35:50 [INFO] my_app: layer:[1] , lwc lac iter:[8], lr:[0.00345557] ,time:[15.965614]s, mse: [0.00001069]
2026-09-09 11:36:06 [INFO] my_app: layer:[1] , lwc lac iter:[9], lr:[0.00250075] ,time:[15.960589]s, mse: [0.00001069]
2026-09-09 11:36:21 [INFO] my_app: layer:[1] , lwc lac iter:[10], lr:[0.00165518] ,time:[15.952529]s, mse: [0.00001062]
2026-09-09 11:36:37 [INFO] my_app: layer:[1] , lwc lac iter:[11], lr:[0.00095582] ,time:[15.970888]s, mse: [0.00001015]
2026-09-09 11:36:53 [INFO] my_app: layer:[1] , lwc lac iter:[12], lr:[0.00043323] ,time:[15.960489]s, mse: [0.00001006]
2026-09-09 11:37:09 [INFO] my_app: layer:[1] , lwc lac iter:[13], lr:[0.00011025] ,time:[15.951750]s, mse: [0.00001004]
2026-09-09 11:37:25 [INFO] my_app: layer:[1] , lwc lac iter:[14], lr:[0.00000100] ,time:[15.974128]s, mse: [0.00001008]
2026-09-09 11:37:26 [INFO] my_app: saved parameters for layer 1 at /home/utn/luli38se/cv/QuantVGGT/evaluation/outputs/w4a4/a44_nosmooth_model_tracker_fixed_e20.pt_sym/qs_global_parameters_layer_1.pth
2026-09-09 11:37:26 [INFO] my_app: After global_Layer_1 Memory Stats:
2026-09-09 11:37:26 [INFO] my_app: Allocated: 6902.67 MB
2026-09-09 11:37:26 [INFO] my_app: Reserved/Cached: 7072.00 MB
2026-09-09 11:37:26 [INFO] my_app: Max Allocated: 10996.90 MB
2026-09-09 11:37:26 [INFO] my_app: Max Reserved: 11654.00 MB
2026-09-09 11:37:26 [INFO] my_app: ========= frame_Layer_2 =========
2026-09-09 11:37:26 [INFO] my_app: Before frame_Layer_2 Memory Stats:
2026-09-09 11:37:26 [INFO] my_app: Allocated: 6848.53 MB
2026-09-09 11:37:26 [INFO] my_app: Reserved/Cached: 7072.00 MB
2026-09-09 11:37:26 [INFO] my_app: Max Allocated: 10996.90 MB
2026-09-09 11:37:26 [INFO] my_app: Max Reserved: 11654.00 MB
2026-09-09 11:37:30 [INFO] my_app: Layer 2 Epoch 0 Start Memory Stats:
2026-09-09 11:37:30 [INFO] my_app: Allocated: 6848.53 MB
2026-09-09 11:37:30 [INFO] my_app: Reserved/Cached: 7016.00 MB
2026-09-09 11:37:30 [INFO] my_app: Max Allocated: 10996.90 MB
2026-09-09 11:37:30 [INFO] my_app: Max Reserved: 11654.00 MB
2026-09-09 11:37:46 [INFO] my_app: layer:[2] , lwc lac iter:[0], lr:[0.00989075] ,time:[15.945408]s, mse: [0.00002594]
2026-09-09 11:38:02 [INFO] my_app: layer:[2] , lwc lac iter:[1], lr:[0.00956777] ,time:[15.982404]s, mse: [0.00002546]
2026-09-09 11:38:18 [INFO] my_app: layer:[2] , lwc lac iter:[2], lr:[0.00904518] ,time:[15.989315]s, mse: [0.00002481]
2026-09-09 11:38:34 [INFO] my_app: layer:[2] , lwc lac iter:[3], lr:[0.00834582] ,time:[16.002739]s, mse: [0.00002389]
2026-09-09 11:38:50 [INFO] my_app: layer:[2] , lwc lac iter:[4], lr:[0.00750025] ,time:[15.978244]s, mse: [0.00002249]
2026-09-09 11:39:06 [INFO] my_app: layer:[2] , lwc lac iter:[5], lr:[0.00654543] ,time:[16.007484]s, mse: [0.00002110]
2026-09-09 11:39:22 [INFO] my_app: layer:[2] , lwc lac iter:[6], lr:[0.00552309] ,time:[15.995714]s, mse: [0.00002024]
2026-09-09 11:39:38 [INFO] my_app: layer:[2] , lwc lac iter:[7], lr:[0.00447791] ,time:[16.019192]s, mse: [0.00001988]
2026-09-09 11:39:54 [INFO] my_app: layer:[2] , lwc lac iter:[8], lr:[0.00345557] ,time:[16.015512]s, mse: [0.00001972]
2026-09-09 11:40:10 [INFO] my_app: layer:[2] , lwc lac iter:[9], lr:[0.00250075] ,time:[15.989134]s, mse: [0.00001950]
2026-09-09 11:40:26 [INFO] my_app: layer:[2] , lwc lac iter:[10], lr:[0.00165518] ,time:[15.992362]s, mse: [0.00001953]
2026-09-09 11:40:42 [INFO] my_app: layer:[2] , lwc lac iter:[11], lr:[0.00095582] ,time:[15.990749]s, mse: [0.00001960]
2026-09-09 11:40:58 [INFO] my_app: layer:[2] , lwc lac iter:[12], lr:[0.00043323] ,time:[15.999936]s, mse: [0.00001965]
2026-09-09 11:41:14 [INFO] my_app: layer:[2] , lwc lac iter:[13], lr:[0.00011025] ,time:[15.999548]s, mse: [0.00001971]
2026-09-09 11:41:30 [INFO] my_app: layer:[2] , lwc lac iter:[14], lr:[0.00000100] ,time:[15.969383]s, mse: [0.00001971]
2026-09-09 11:41:30 [INFO] my_app: saved parameters for layer 2 at /home/utn/luli38se/cv/QuantVGGT/evaluation/outputs/w4a4/a44_nosmooth_model_tracker_fixed_e20.pt_sym/qs_frame_parameters_layer_2.pth
2026-09-09 11:41:30 [INFO] my_app: After frame_Layer_2 Memory Stats:
2026-09-09 11:41:30 [INFO] my_app: Allocated: 6778.53 MB
2026-09-09 11:41:30 [INFO] my_app: Reserved/Cached: 7022.00 MB
2026-09-09 11:41:30 [INFO] my_app: Max Allocated: 10996.90 MB
2026-09-09 11:41:30 [INFO] my_app: Max Reserved: 11654.00 MB
2026-09-09 11:41:30 [INFO] my_app: ========= global_Layer_2 =========
2026-09-09 11:41:30 [INFO] my_app: Before global_Layer_2 Memory Stats:
2026-09-09 11:41:30 [INFO] my_app: Allocated: 6724.39 MB
2026-09-09 11:41:30 [INFO] my_app: Reserved/Cached: 7022.00 MB
2026-09-09 11:41:30 [INFO] my_app: Max Allocated: 10996.90 MB
2026-09-09 11:41:30 [INFO] my_app: Max Reserved: 11654.00 MB
2026-09-09 11:41:34 [INFO] my_app: Layer 2 Epoch 0 Start Memory Stats:
2026-09-09 11:41:34 [INFO] my_app: Allocated: 6724.39 MB
2026-09-09 11:41:34 [INFO] my_app: Reserved/Cached: 6968.00 MB
2026-09-09 11:41:34 [INFO] my_app: Max Allocated: 10996.90 MB
2026-09-09 11:41:34 [INFO] my_app: Max Reserved: 11654.00 MB
2026-09-09 11:41:50 [INFO] my_app: layer:[2] , lwc lac iter:[0], lr:[0.00989075] ,time:[15.889166]s, mse: [0.00002686]
2026-09-09 11:42:06 [INFO] my_app: layer:[2] , lwc lac iter:[1], lr:[0.00956777] ,time:[15.935585]s, mse: [0.00002652]
2026-09-09 11:42:22 [INFO] my_app: layer:[2] , lwc lac iter:[2], lr:[0.00904518] ,time:[15.905218]s, mse: [0.00002601]
2026-09-09 11:42:38 [INFO] my_app: layer:[2] , lwc lac iter:[3], lr:[0.00834582] ,time:[15.920245]s, mse: [0.00002523]
2026-09-09 11:42:53 [INFO] my_app: layer:[2] , lwc lac iter:[4], lr:[0.00750025] ,time:[15.911650]s, mse: [0.00002370]
2026-09-09 11:43:09 [INFO] my_app: layer:[2] , lwc lac iter:[5], lr:[0.00654543] ,time:[15.920755]s, mse: [0.00002201]
2026-09-09 11:43:25 [INFO] my_app: layer:[2] , lwc lac iter:[6], lr:[0.00552309] ,time:[15.935951]s, mse: [0.00002091]
2026-09-09 11:43:41 [INFO] my_app: layer:[2] , lwc lac iter:[7], lr:[0.00447791] ,time:[15.952183]s, mse: [0.00002051]
2026-09-09 11:43:57 [INFO] my_app: layer:[2] , lwc lac iter:[8], lr:[0.00345557] ,time:[15.937634]s, mse: [0.00002029]
2026-09-09 11:44:13 [INFO] my_app: layer:[2] , lwc lac iter:[9], lr:[0.00250075] ,time:[15.935915]s, mse: [0.00002015]
2026-09-09 11:44:29 [INFO] my_app: layer:[2] , lwc lac iter:[10], lr:[0.00165518] ,time:[15.944174]s, mse: [0.00002016]
2026-09-09 11:44:45 [INFO] my_app: layer:[2] , lwc lac iter:[11], lr:[0.00095582] ,time:[15.936407]s, mse: [0.00002020]
2026-09-09 11:45:01 [INFO] my_app: layer:[2] , lwc lac iter:[12], lr:[0.00043323] ,time:[15.919743]s, mse: [0.00002039]
2026-09-09 11:45:17 [INFO] my_app: layer:[2] , lwc lac iter:[13], lr:[0.00011025] ,time:[15.907160]s, mse: [0.00002049]
2026-09-09 11:45:33 [INFO] my_app: layer:[2] , lwc lac iter:[14], lr:[0.00000100] ,time:[15.947180]s, mse: [0.00002051]
2026-09-09 11:45:34 [INFO] my_app: saved parameters for layer 2 at /home/utn/luli38se/cv/QuantVGGT/evaluation/outputs/w4a4/a44_nosmooth_model_tracker_fixed_e20.pt_sym/qs_global_parameters_layer_2.pth
2026-09-09 11:45:34 [INFO] my_app: After global_Layer_2 Memory Stats:
2026-09-09 11:45:34 [INFO] my_app: Allocated: 6654.39 MB
2026-09-09 11:45:34 [INFO] my_app: Reserved/Cached: 6910.00 MB
2026-09-09 11:45:34 [INFO] my_app: Max Allocated: 10996.90 MB
2026-09-09 11:45:34 [INFO] my_app: Max Reserved: 11654.00 MB
2026-09-09 11:45:34 [INFO] my_app: ========= frame_Layer_3 =========
2026-09-09 11:45:34 [INFO] my_app: Before frame_Layer_3 Memory Stats:
2026-09-09 11:45:34 [INFO] my_app: Allocated: 6600.24 MB
2026-09-09 11:45:34 [INFO] my_app: Reserved/Cached: 6910.00 MB
2026-09-09 11:45:34 [INFO] my_app: Max Allocated: 10996.90 MB
2026-09-09 11:45:34 [INFO] my_app: Max Reserved: 11654.00 MB
2026-09-09 11:45:37 [INFO] my_app: Layer 3 Epoch 0 Start Memory Stats:
2026-09-09 11:45:37 [INFO] my_app: Allocated: 6600.24 MB
2026-09-09 11:45:37 [INFO] my_app: Reserved/Cached: 6856.00 MB
2026-09-09 11:45:37 [INFO] my_app: Max Allocated: 10996.90 MB
2026-09-09 11:45:37 [INFO] my_app: Max Reserved: 11654.00 MB
2026-09-09 11:45:53 [INFO] my_app: layer:[3] , lwc lac iter:[0], lr:[0.00989075] ,time:[15.858036]s, mse: [0.00002497]
2026-09-09 11:46:09 [INFO] my_app: layer:[3] , lwc lac iter:[1], lr:[0.00956777] ,time:[15.901321]s, mse: [0.00002466]
2026-09-09 11:46:25 [INFO] my_app: layer:[3] , lwc lac iter:[2], lr:[0.00904518] ,time:[15.907982]s, mse: [0.00002416]
2026-09-09 11:46:41 [INFO] my_app: layer:[3] , lwc lac iter:[3], lr:[0.00834582] ,time:[15.906624]s, mse: [0.00002337]
2026-09-09 11:46:57 [INFO] my_app: layer:[3] , lwc lac iter:[4], lr:[0.00750025] ,time:[15.931507]s, mse: [0.00002220]
2026-09-09 11:47:13 [INFO] my_app: layer:[3] , lwc lac iter:[5], lr:[0.00654543] ,time:[15.902501]s, mse: [0.00002082]
2026-09-09 11:47:28 [INFO] my_app: layer:[3] , lwc lac iter:[6], lr:[0.00552309] ,time:[15.901152]s, mse: [0.00001964]
2026-09-09 11:47:44 [INFO] my_app: layer:[3] , lwc lac iter:[7], lr:[0.00447791] ,time:[15.895137]s, mse: [0.00001901]
2026-09-09 11:48:00 [INFO] my_app: layer:[3] , lwc lac iter:[8], lr:[0.00345557] ,time:[15.902749]s, mse: [0.00001881]
2026-09-09 11:48:16 [INFO] my_app: layer:[3] , lwc lac iter:[9], lr:[0.00250075] ,time:[15.895764]s, mse: [0.00001879]
2026-09-09 11:48:32 [INFO] my_app: layer:[3] , lwc lac iter:[10], lr:[0.00165518] ,time:[15.916314]s, mse: [0.00001885]
2026-09-09 11:48:48 [INFO] my_app: layer:[3] , lwc lac iter:[11], lr:[0.00095582] ,time:[15.935895]s, mse: [0.00001889]
2026-09-09 11:49:04 [INFO] my_app: layer:[3] , lwc lac iter:[12], lr:[0.00043323] ,time:[15.905631]s, mse: [0.00001885]
2026-09-09 11:49:20 [INFO] my_app: layer:[3] , lwc lac iter:[13], lr:[0.00011025] ,time:[15.915095]s, mse: [0.00001885]
2026-09-09 11:49:36 [INFO] my_app: layer:[3] , lwc lac iter:[14], lr:[0.00000100] ,time:[15.932776]s, mse: [0.00001884]
2026-09-09 11:49:36 [INFO] my_app: saved parameters for layer 3 at /home/utn/luli38se/cv/QuantVGGT/evaluation/outputs/w4a4/a44_nosmooth_model_tracker_fixed_e20.pt_sym/qs_frame_parameters_layer_3.pth
2026-09-09 11:49:36 [INFO] my_app: After frame_Layer_3 Memory Stats:
2026-09-09 11:49:36 [INFO] my_app: Allocated: 6530.25 MB
2026-09-09 11:49:36 [INFO] my_app: Reserved/Cached: 6800.00 MB
2026-09-09 11:49:36 [INFO] my_app: Max Allocated: 10996.90 MB
2026-09-09 11:49:36 [INFO] my_app: Max Reserved: 11654.00 MB
2026-09-09 11:49:37 [INFO] my_app: ========= global_Layer_3 =========
2026-09-09 11:49:37 [INFO] my_app: Before global_Layer_3 Memory Stats:
2026-09-09 11:49:37 [INFO] my_app: Allocated: 6476.10 MB
2026-09-09 11:49:37 [INFO] my_app: Reserved/Cached: 6800.00 MB
2026-09-09 11:49:37 [INFO] my_app: Max Allocated: 10996.90 MB
2026-09-09 11:49:37 [INFO] my_app: Max Reserved: 11654.00 MB
2026-09-09 11:49:40 [INFO] my_app: Layer 3 Epoch 0 Start Memory Stats:
2026-09-09 11:49:40 [INFO] my_app: Allocated: 6476.10 MB
2026-09-09 11:49:40 [INFO] my_app: Reserved/Cached: 6744.00 MB
2026-09-09 11:49:40 [INFO] my_app: Max Allocated: 10996.90 MB
2026-09-09 11:49:40 [INFO] my_app: Max Reserved: 11654.00 MB
2026-09-09 11:49:56 [INFO] my_app: layer:[3] , lwc lac iter:[0], lr:[0.00989075] ,time:[15.829634]s, mse: [0.00002719]
2026-09-09 11:50:12 [INFO] my_app: layer:[3] , lwc lac iter:[1], lr:[0.00956777] ,time:[15.876097]s, mse: [0.00002680]
2026-09-09 11:50:28 [INFO] my_app: layer:[3] , lwc lac iter:[2], lr:[0.00904518] ,time:[15.861838]s, mse: [0.00002629]
2026-09-09 11:50:43 [INFO] my_app: layer:[3] , lwc lac iter:[3], lr:[0.00834582] ,time:[15.868388]s, mse: [0.00002541]
2026-09-09 11:50:59 [INFO] my_app: layer:[3] , lwc lac iter:[4], lr:[0.00750025] ,time:[15.860413]s, mse: [0.00002396]
2026-09-09 11:51:15 [INFO] my_app: layer:[3] , lwc lac iter:[5], lr:[0.00654543] ,time:[15.859118]s, mse: [0.00002240]
2026-09-09 11:51:31 [INFO] my_app: layer:[3] , lwc lac iter:[6], lr:[0.00552309] ,time:[15.868460]s, mse: [0.00002126]
2026-09-09 11:51:47 [INFO] my_app: layer:[3] , lwc lac iter:[7], lr:[0.00447791] ,time:[15.878444]s, mse: [0.00002085]
2026-09-09 11:52:03 [INFO] my_app: layer:[3] , lwc lac iter:[8], lr:[0.00345557] ,time:[15.882967]s, mse: [0.00002069]
2026-09-09 11:52:19 [INFO] my_app: layer:[3] , lwc lac iter:[9], lr:[0.00250075] ,time:[15.868427]s, mse: [0.00002052]
2026-09-09 11:52:35 [INFO] my_app: layer:[3] , lwc lac iter:[10], lr:[0.00165518] ,time:[15.886105]s, mse: [0.00002049]
2026-09-09 11:52:50 [INFO] my_app: layer:[3] , lwc lac iter:[11], lr:[0.00095582] ,time:[15.875030]s, mse: [0.00002050]
2026-09-09 11:53:06 [INFO] my_app: layer:[3] , lwc lac iter:[12], lr:[0.00043323] ,time:[15.865761]s, mse: [0.00002047]
2026-09-09 11:53:22 [INFO] my_app: layer:[3] , lwc lac iter:[13], lr:[0.00011025] ,time:[15.889098]s, mse: [0.00002049]
2026-09-09 11:53:38 [INFO] my_app: layer:[3] , lwc lac iter:[14], lr:[0.00000100] ,time:[15.887124]s, mse: [0.00002049]
2026-09-09 11:53:39 [INFO] my_app: saved parameters for layer 3 at /home/utn/luli38se/cv/QuantVGGT/evaluation/outputs/w4a4/a44_nosmooth_model_tracker_fixed_e20.pt_sym/qs_global_parameters_layer_3.pth
2026-09-09 11:53:39 [INFO] my_app: After global_Layer_3 Memory Stats:
2026-09-09 11:53:39 [INFO] my_app: Allocated: 6406.11 MB
2026-09-09 11:53:39 [INFO] my_app: Reserved/Cached: 6688.00 MB
2026-09-09 11:53:39 [INFO] my_app: Max Allocated: 10996.90 MB
2026-09-09 11:53:39 [INFO] my_app: Max Reserved: 11654.00 MB
2026-09-09 11:53:39 [INFO] my_app: ========= frame_Layer_4 =========
2026-09-09 11:53:39 [INFO] my_app: Before frame_Layer_4 Memory Stats:
2026-09-09 11:53:39 [INFO] my_app: Allocated: 6351.96 MB
2026-09-09 11:53:39 [INFO] my_app: Reserved/Cached: 6688.00 MB
2026-09-09 11:53:39 [INFO] my_app: Max Allocated: 10996.90 MB
2026-09-09 11:53:39 [INFO] my_app: Max Reserved: 11654.00 MB
2026-09-09 11:53:42 [INFO] my_app: Layer 4 Epoch 0 Start Memory Stats:
2026-09-09 11:53:42 [INFO] my_app: Allocated: 6351.96 MB
2026-09-09 11:53:42 [INFO] my_app: Reserved/Cached: 6632.00 MB
2026-09-09 11:53:42 [INFO] my_app: Max Allocated: 10996.90 MB
2026-09-09 11:53:42 [INFO] my_app: Max Reserved: 11654.00 MB
2026-09-09 11:53:58 [INFO] my_app: layer:[4] , lwc lac iter:[0], lr:[0.00989075] ,time:[15.788689]s, mse: [0.00002280]
2026-09-09 11:54:14 [INFO] my_app: layer:[4] , lwc lac iter:[1], lr:[0.00956777] ,time:[15.821530]s, mse: [0.00002216]
2026-09-09 11:54:30 [INFO] my_app: layer:[4] , lwc lac iter:[2], lr:[0.00904518] ,time:[15.846083]s, mse: [0.00002165]
2026-09-09 11:54:46 [INFO] my_app: layer:[4] , lwc lac iter:[3], lr:[0.00834582] ,time:[15.851077]s, mse: [0.00002021]
2026-09-09 11:55:01 [INFO] my_app: layer:[4] , lwc lac iter:[4], lr:[0.00750025] ,time:[15.841221]s, mse: [0.00001883]
2026-09-09 11:55:17 [INFO] my_app: layer:[4] , lwc lac iter:[5], lr:[0.00654543] ,time:[15.856625]s, mse: [0.00001704]
2026-09-09 11:55:33 [INFO] my_app: layer:[4] , lwc lac iter:[6], lr:[0.00552309] ,time:[15.841268]s, mse: [0.00001616]
2026-09-09 11:55:49 [INFO] my_app: layer:[4] , lwc lac iter:[7], lr:[0.00447791] ,time:[15.853735]s, mse: [0.00001593]
2026-09-09 11:56:05 [INFO] my_app: layer:[4] , lwc lac iter:[8], lr:[0.00345557] ,time:[15.855655]s, mse: [0.00001587]
2026-09-09 11:56:21 [INFO] my_app: layer:[4] , lwc lac iter:[9], lr:[0.00250075] ,time:[15.866167]s, mse: [0.00001586]
2026-09-09 11:56:37 [INFO] my_app: layer:[4] , lwc lac iter:[10], lr:[0.00165518] ,time:[15.860529]s, mse: [0.00001586]
2026-09-09 11:56:53 [INFO] my_app: layer:[4] , lwc lac iter:[11], lr:[0.00095582] ,time:[15.873565]s, mse: [0.00001584]
2026-09-09 11:57:08 [INFO] my_app: layer:[4] , lwc lac iter:[12], lr:[0.00043323] ,time:[15.845660]s, mse: [0.00001581]
2026-09-09 11:57:24 [INFO] my_app: layer:[4] , lwc lac iter:[13], lr:[0.00011025] ,time:[15.847319]s, mse: [0.00001583]
2026-09-09 11:57:40 [INFO] my_app: layer:[4] , lwc lac iter:[14], lr:[0.00000100] ,time:[15.855489]s, mse: [0.00001584]
2026-09-09 11:57:41 [INFO] my_app: saved parameters for layer 4 at /home/utn/luli38se/cv/QuantVGGT/evaluation/outputs/w4a4/a44_nosmooth_model_tracker_fixed_e20.pt_sym/qs_frame_parameters_layer_4.pth
2026-09-09 11:57:41 [INFO] my_app: After frame_Layer_4 Memory Stats:
2026-09-09 11:57:41 [INFO] my_app: Allocated: 6281.97 MB
2026-09-09 11:57:41 [INFO] my_app: Reserved/Cached: 6574.00 MB
2026-09-09 11:57:41 [INFO] my_app: Max Allocated: 10996.90 MB
2026-09-09 11:57:41 [INFO] my_app: Max Reserved: 11654.00 MB
2026-09-09 11:57:41 [INFO] my_app: ========= global_Layer_4 =========
2026-09-09 11:57:41 [INFO] my_app: Before global_Layer_4 Memory Stats:
2026-09-09 11:57:41 [INFO] my_app: Allocated: 6227.82 MB
2026-09-09 11:57:41 [INFO] my_app: Reserved/Cached: 6574.00 MB
2026-09-09 11:57:41 [INFO] my_app: Max Allocated: 10996.90 MB
2026-09-09 11:57:41 [INFO] my_app: Max Reserved: 11654.00 MB
2026-09-09 11:57:44 [INFO] my_app: Layer 4 Epoch 0 Start Memory Stats:
2026-09-09 11:57:44 [INFO] my_app: Allocated: 6227.82 MB
2026-09-09 11:57:44 [INFO] my_app: Reserved/Cached: 6520.00 MB
2026-09-09 11:57:44 [INFO] my_app: Max Allocated: 10996.90 MB
2026-09-09 11:57:44 [INFO] my_app: Max Reserved: 11654.00 MB
2026-09-09 11:58:00 [INFO] my_app: layer:[4] , lwc lac iter:[0], lr:[0.00989075] ,time:[15.791812]s, mse: [0.00002352]
2026-09-09 11:58:16 [INFO] my_app: layer:[4] , lwc lac iter:[1], lr:[0.00956777] ,time:[15.815294]s, mse: [0.00002324]
2026-09-09 11:58:32 [INFO] my_app: layer:[4] , lwc lac iter:[2], lr:[0.00904518] ,time:[15.832380]s, mse: [0.00002287]
2026-09-09 11:58:48 [INFO] my_app: layer:[4] , lwc lac iter:[3], lr:[0.00834582] ,time:[15.840217]s, mse: [0.00002208]
2026-09-09 11:59:03 [INFO] my_app: layer:[4] , lwc lac iter:[4], lr:[0.00750025] ,time:[15.851394]s, mse: [0.00002010]
2026-09-09 11:59:19 [INFO] my_app: layer:[4] , lwc lac iter:[5], lr:[0.00654543] ,time:[15.848637]s, mse: [0.00001888]
2026-09-09 11:59:35 [INFO] my_app: layer:[4] , lwc lac iter:[6], lr:[0.00552309] ,time:[15.846989]s, mse: [0.00001790]
2026-09-09 11:59:51 [INFO] my_app: layer:[4] , lwc lac iter:[7], lr:[0.00447791] ,time:[15.840429]s, mse: [0.00001752]
2026-09-09 12:00:07 [INFO] my_app: layer:[4] , lwc lac iter:[8], lr:[0.00345557] ,time:[15.845576]s, mse: [0.00001717]
2026-09-09 12:00:23 [INFO] my_app: layer:[4] , lwc lac iter:[9], lr:[0.00250075] ,time:[15.865381]s, mse: [0.00001715]
2026-09-09 12:00:39 [INFO] my_app: layer:[4] , lwc lac iter:[10], lr:[0.00165518] ,time:[15.845391]s, mse: [0.00001716]
2026-09-09 12:00:54 [INFO] my_app: layer:[4] , lwc lac iter:[11], lr:[0.00095582] ,time:[15.842262]s, mse: [0.00001693]
2026-09-09 12:01:10 [INFO] my_app: layer:[4] , lwc lac iter:[12], lr:[0.00043323] ,time:[15.845104]s, mse: [0.00001686]
2026-09-09 12:01:26 [INFO] my_app: layer:[4] , lwc lac iter:[13], lr:[0.00011025] ,time:[15.867597]s, mse: [0.00001691]
2026-09-09 12:01:42 [INFO] my_app: layer:[4] , lwc lac iter:[14], lr:[0.00000100] ,time:[15.883410]s, mse: [0.00001695]
2026-09-09 12:01:43 [INFO] my_app: saved parameters for layer 4 at /home/utn/luli38se/cv/QuantVGGT/evaluation/outputs/w4a4/a44_nosmooth_model_tracker_fixed_e20.pt_sym/qs_global_parameters_layer_4.pth
2026-09-09 12:01:43 [INFO] my_app: After global_Layer_4 Memory Stats:
2026-09-09 12:01:43 [INFO] my_app: Allocated: 6157.83 MB
2026-09-09 12:01:43 [INFO] my_app: Reserved/Cached: 6526.00 MB
2026-09-09 12:01:43 [INFO] my_app: Max Allocated: 10996.90 MB
2026-09-09 12:01:43 [INFO] my_app: Max Reserved: 11654.00 MB
2026-09-09 12:01:43 [INFO] my_app: ========= frame_Layer_5 =========
2026-09-09 12:01:43 [INFO] my_app: Before frame_Layer_5 Memory Stats:
2026-09-09 12:01:43 [INFO] my_app: Allocated: 6103.68 MB
2026-09-09 12:01:43 [INFO] my_app: Reserved/Cached: 6526.00 MB
2026-09-09 12:01:43 [INFO] my_app: Max Allocated: 10996.90 MB
2026-09-09 12:01:43 [INFO] my_app: Max Reserved: 11654.00 MB
2026-09-09 12:01:46 [INFO] my_app: Layer 5 Epoch 0 Start Memory Stats:
2026-09-09 12:01:46 [INFO] my_app: Allocated: 6103.68 MB
2026-09-09 12:01:46 [INFO] my_app: Reserved/Cached: 6472.00 MB
2026-09-09 12:01:46 [INFO] my_app: Max Allocated: 10996.90 MB
2026-09-09 12:01:46 [INFO] my_app: Max Reserved: 11654.00 MB
2026-09-09 12:02:02 [INFO] my_app: layer:[5] , lwc lac iter:[0], lr:[0.00989075] ,time:[15.781527]s, mse: [0.00003665]
2026-09-09 12:02:18 [INFO] my_app: layer:[5] , lwc lac iter:[1], lr:[0.00956777] ,time:[15.815807]s, mse: [0.00003621]
2026-09-09 12:02:34 [INFO] my_app: layer:[5] , lwc lac iter:[2], lr:[0.00904518] ,time:[15.793551]s, mse: [0.00003550]
2026-09-09 12:02:49 [INFO] my_app: layer:[5] , lwc lac iter:[3], lr:[0.00834582] ,time:[15.821551]s, mse: [0.00003426]
2026-09-09 12:03:05 [INFO] my_app: layer:[5] , lwc lac iter:[4], lr:[0.00750025] ,time:[15.809244]s, mse: [0.00003243]
2026-09-09 12:03:21 [INFO] my_app: layer:[5] , lwc lac iter:[5], lr:[0.00654543] ,time:[15.831394]s, mse: [0.00003034]
2026-09-09 12:03:37 [INFO] my_app: layer:[5] , lwc lac iter:[6], lr:[0.00552309] ,time:[15.818516]s, mse: [0.00002886]
2026-09-09 12:03:53 [INFO] my_app: layer:[5] , lwc lac iter:[7], lr:[0.00447791] ,time:[15.830441]s, mse: [0.00002825]
2026-09-09 12:04:09 [INFO] my_app: layer:[5] , lwc lac iter:[8], lr:[0.00345557] ,time:[15.819095]s, mse: [0.00002805]
2026-09-09 12:04:24 [INFO] my_app: layer:[5] , lwc lac iter:[9], lr:[0.00250075] ,time:[15.816399]s, mse: [0.00002802]
2026-09-09 12:04:40 [INFO] my_app: layer:[5] , lwc lac iter:[10], lr:[0.00165518] ,time:[15.808482]s, mse: [0.00002800]
2026-09-09 12:04:56 [INFO] my_app: layer:[5] , lwc lac iter:[11], lr:[0.00095582] ,time:[15.825341]s, mse: [0.00002798]
2026-09-09 12:05:12 [INFO] my_app: layer:[5] , lwc lac iter:[12], lr:[0.00043323] ,time:[15.828544]s, mse: [0.00002799]
2026-09-09 12:05:28 [INFO] my_app: layer:[5] , lwc lac iter:[13], lr:[0.00011025] ,time:[15.825422]s, mse: [0.00002799]
2026-09-09 12:05:43 [INFO] my_app: layer:[5] , lwc lac iter:[14], lr:[0.00000100] ,time:[15.816250]s, mse: [0.00002799]
2026-09-09 12:05:44 [INFO] my_app: saved parameters for layer 5 at /home/utn/luli38se/cv/QuantVGGT/evaluation/outputs/w4a4/a44_nosmooth_model_tracker_fixed_e20.pt_sym/qs_frame_parameters_layer_5.pth
2026-09-09 12:05:44 [INFO] my_app: After frame_Layer_5 Memory Stats:
2026-09-09 12:05:44 [INFO] my_app: Allocated: 6033.69 MB
2026-09-09 12:05:44 [INFO] my_app: Reserved/Cached: 6414.00 MB
2026-09-09 12:05:44 [INFO] my_app: Max Allocated: 10996.90 MB
2026-09-09 12:05:44 [INFO] my_app: Max Reserved: 11654.00 MB
2026-09-09 12:05:44 [INFO] my_app: ========= global_Layer_5 =========
2026-09-09 12:05:44 [INFO] my_app: Before global_Layer_5 Memory Stats:
2026-09-09 12:05:44 [INFO] my_app: Allocated: 5979.54 MB
2026-09-09 12:05:44 [INFO] my_app: Reserved/Cached: 6414.00 MB
2026-09-09 12:05:44 [INFO] my_app: Max Allocated: 10996.90 MB
2026-09-09 12:05:44 [INFO] my_app: Max Reserved: 11654.00 MB
2026-09-09 12:05:48 [INFO] my_app: Layer 5 Epoch 0 Start Memory Stats:
2026-09-09 12:05:48 [INFO] my_app: Allocated: 5979.54 MB
2026-09-09 12:05:48 [INFO] my_app: Reserved/Cached: 6360.00 MB
2026-09-09 12:05:48 [INFO] my_app: Max Allocated: 10996.90 MB
2026-09-09 12:05:48 [INFO] my_app: Max Reserved: 11654.00 MB
2026-09-09 12:06:03 [INFO] my_app: layer:[5] , lwc lac iter:[0], lr:[0.00989075] ,time:[15.775823]s, mse: [0.00003454]
2026-09-09 12:06:19 [INFO] my_app: layer:[5] , lwc lac iter:[1], lr:[0.00956777] ,time:[15.802894]s, mse: [0.00003406]
2026-09-09 12:06:35 [INFO] my_app: layer:[5] , lwc lac iter:[2], lr:[0.00904518] ,time:[15.799238]s, mse: [0.00003330]
2026-09-09 12:06:51 [INFO] my_app: layer:[5] , lwc lac iter:[3], lr:[0.00834582] ,time:[15.815510]s, mse: [0.00003220]
2026-09-09 12:07:07 [INFO] my_app: layer:[5] , lwc lac iter:[4], lr:[0.00750025] ,time:[15.826750]s, mse: [0.00003054]
2026-09-09 12:07:23 [INFO] my_app: layer:[5] , lwc lac iter:[5], lr:[0.00654543] ,time:[15.815724]s, mse: [0.00002863]
2026-09-09 12:07:38 [INFO] my_app: layer:[5] , lwc lac iter:[6], lr:[0.00552309] ,time:[15.841442]s, mse: [0.00002719]
2026-09-09 12:07:54 [INFO] my_app: layer:[5] , lwc lac iter:[7], lr:[0.00447791] ,time:[15.815983]s, mse: [0.00002658]
2026-09-09 12:08:10 [INFO] my_app: layer:[5] , lwc lac iter:[8], lr:[0.00345557] ,time:[15.817385]s, mse: [0.00002643]
2026-09-09 12:08:26 [INFO] my_app: layer:[5] , lwc lac iter:[9], lr:[0.00250075] ,time:[15.826002]s, mse: [0.00002638]
2026-09-09 12:08:42 [INFO] my_app: layer:[5] , lwc lac iter:[10], lr:[0.00165518] ,time:[15.820969]s, mse: [0.00002633]
2026-09-09 12:08:57 [INFO] my_app: layer:[5] , lwc lac iter:[11], lr:[0.00095582] ,time:[15.824509]s, mse: [0.00002630]
2026-09-09 12:09:13 [INFO] my_app: layer:[5] , lwc lac iter:[12], lr:[0.00043323] ,time:[15.830734]s, mse: [0.00002629]
2026-09-09 12:09:29 [INFO] my_app: layer:[5] , lwc lac iter:[13], lr:[0.00011025] ,time:[15.847994]s, mse: [0.00002629]
2026-09-09 12:09:45 [INFO] my_app: layer:[5] , lwc lac iter:[14], lr:[0.00000100] ,time:[15.824314]s, mse: [0.00002629]
2026-09-09 12:09:46 [INFO] my_app: saved parameters for layer 5 at /home/utn/luli38se/cv/QuantVGGT/evaluation/outputs/w4a4/a44_nosmooth_model_tracker_fixed_e20.pt_sym/qs_global_parameters_layer_5.pth
2026-09-09 12:09:46 [INFO] my_app: After global_Layer_5 Memory Stats:
2026-09-09 12:09:46 [INFO] my_app: Allocated: 5909.55 MB
2026-09-09 12:09:46 [INFO] my_app: Reserved/Cached: 6302.00 MB
2026-09-09 12:09:46 [INFO] my_app: Max Allocated: 10996.90 MB
2026-09-09 12:09:46 [INFO] my_app: Max Reserved: 11654.00 MB
2026-09-09 12:09:46 [INFO] my_app: ========= frame_Layer_6 =========
2026-09-09 12:09:46 [INFO] my_app: Before frame_Layer_6 Memory Stats:
2026-09-09 12:09:46 [INFO] my_app: Allocated: 5855.40 MB
2026-09-09 12:09:46 [INFO] my_app: Reserved/Cached: 6302.00 MB
2026-09-09 12:09:46 [INFO] my_app: Max Allocated: 10996.90 MB
2026-09-09 12:09:46 [INFO] my_app: Max Reserved: 11654.00 MB
2026-09-09 12:09:49 [INFO] my_app: Layer 6 Epoch 0 Start Memory Stats:
2026-09-09 12:09:49 [INFO] my_app: Allocated: 5855.40 MB
2026-09-09 12:09:49 [INFO] my_app: Reserved/Cached: 6248.00 MB
2026-09-09 12:09:49 [INFO] my_app: Max Allocated: 10996.90 MB
2026-09-09 12:09:49 [INFO] my_app: Max Reserved: 11654.00 MB
2026-09-09 12:10:05 [INFO] my_app: layer:[6] , lwc lac iter:[0], lr:[0.00989075] ,time:[15.793424]s, mse: [0.00003317]
2026-09-09 12:10:21 [INFO] my_app: layer:[6] , lwc lac iter:[1], lr:[0.00956777] ,time:[15.829369]s, mse: [0.00003267]
2026-09-09 12:10:37 [INFO] my_app: layer:[6] , lwc lac iter:[2], lr:[0.00904518] ,time:[15.809851]s, mse: [0.00003191]
2026-09-09 12:10:52 [INFO] my_app: layer:[6] , lwc lac iter:[3], lr:[0.00834582] ,time:[15.832419]s, mse: [0.00003080]
2026-09-09 12:11:08 [INFO] my_app: layer:[6] , lwc lac iter:[4], lr:[0.00750025] ,time:[15.824630]s, mse: [0.00002914]
2026-09-09 12:11:24 [INFO] my_app: layer:[6] , lwc lac iter:[5], lr:[0.00654543] ,time:[15.835721]s, mse: [0.00002723]
2026-09-09 12:11:40 [INFO] my_app: layer:[6] , lwc lac iter:[6], lr:[0.00552309] ,time:[15.800036]s, mse: [0.00002589]
2026-09-09 12:11:56 [INFO] my_app: layer:[6] , lwc lac iter:[7], lr:[0.00447791] ,time:[15.835908]s, mse: [0.00002536]
2026-09-09 12:12:12 [INFO] my_app: layer:[6] , lwc lac iter:[8], lr:[0.00345557] ,time:[15.834485]s, mse: [0.00002519]
2026-09-09 12:12:27 [INFO] my_app: layer:[6] , lwc lac iter:[9], lr:[0.00250075] ,time:[15.842747]s, mse: [0.00002508]
2026-09-09 12:12:43 [INFO] my_app: layer:[6] , lwc lac iter:[10], lr:[0.00165518] ,time:[15.833329]s, mse: [0.00002506]
2026-09-09 12:12:59 [INFO] my_app: layer:[6] , lwc lac iter:[11], lr:[0.00095582] ,time:[15.823184]s, mse: [0.00002504]
2026-09-09 12:13:15 [INFO] my_app: layer:[6] , lwc lac iter:[12], lr:[0.00043323] ,time:[15.823406]s, mse: [0.00002502]
2026-09-09 12:13:31 [INFO] my_app: layer:[6] , lwc lac iter:[13], lr:[0.00011025] ,time:[15.835828]s, mse: [0.00002501]
2026-09-09 12:13:47 [INFO] my_app: layer:[6] , lwc lac iter:[14], lr:[0.00000100] ,time:[15.825205]s, mse: [0.00002501]
2026-09-09 12:13:47 [INFO] my_app: saved parameters for layer 6 at /home/utn/luli38se/cv/QuantVGGT/evaluation/outputs/w4a4/a44_nosmooth_model_tracker_fixed_e20.pt_sym/qs_frame_parameters_layer_6.pth
2026-09-09 12:13:47 [INFO] my_app: After frame_Layer_6 Memory Stats:
2026-09-09 12:13:47 [INFO] my_app: Allocated: 5785.41 MB
2026-09-09 12:13:47 [INFO] my_app: Reserved/Cached: 6190.00 MB
2026-09-09 12:13:47 [INFO] my_app: Max Allocated: 10996.90 MB
2026-09-09 12:13:47 [INFO] my_app: Max Reserved: 11654.00 MB
2026-09-09 12:13:47 [INFO] my_app: ========= global_Layer_6 =========
2026-09-09 12:13:47 [INFO] my_app: Before global_Layer_6 Memory Stats:
2026-09-09 12:13:47 [INFO] my_app: Allocated: 5731.26 MB
2026-09-09 12:13:47 [INFO] my_app: Reserved/Cached: 6190.00 MB
2026-09-09 12:13:47 [INFO] my_app: Max Allocated: 10996.90 MB
2026-09-09 12:13:47 [INFO] my_app: Max Reserved: 11654.00 MB
2026-09-09 12:13:51 [INFO] my_app: Layer 6 Epoch 0 Start Memory Stats:
2026-09-09 12:13:51 [INFO] my_app: Allocated: 5731.26 MB
2026-09-09 12:13:51 [INFO] my_app: Reserved/Cached: 6136.00 MB
2026-09-09 12:13:51 [INFO] my_app: Max Allocated: 10996.90 MB
2026-09-09 12:13:51 [INFO] my_app: Max Reserved: 11654.00 MB
2026-09-09 12:14:07 [INFO] my_app: layer:[6] , lwc lac iter:[0], lr:[0.00989075] ,time:[15.764178]s, mse: [0.00003669]
2026-09-09 12:14:22 [INFO] my_app: layer:[6] , lwc lac iter:[1], lr:[0.00956777] ,time:[15.805447]s, mse: [0.00003616]
2026-09-09 12:14:38 [INFO] my_app: layer:[6] , lwc lac iter:[2], lr:[0.00904518] ,time:[15.816565]s, mse: [0.00003542]
2026-09-09 12:14:54 [INFO] my_app: layer:[6] , lwc lac iter:[3], lr:[0.00834582] ,time:[15.821881]s, mse: [0.00003425]
2026-09-09 12:15:10 [INFO] my_app: layer:[6] , lwc lac iter:[4], lr:[0.00750025] ,time:[15.815070]s, mse: [0.00003252]
2026-09-09 12:15:26 [INFO] my_app: layer:[6] , lwc lac iter:[5], lr:[0.00654543] ,time:[15.835565]s, mse: [0.00003059]
2026-09-09 12:15:41 [INFO] my_app: layer:[6] , lwc lac iter:[6], lr:[0.00552309] ,time:[15.815110]s, mse: [0.00002920]
2026-09-09 12:15:57 [INFO] my_app: layer:[6] , lwc lac iter:[7], lr:[0.00447791] ,time:[15.843152]s, mse: [0.00002856]
2026-09-09 12:16:13 [INFO] my_app: layer:[6] , lwc lac iter:[8], lr:[0.00345557] ,time:[15.833797]s, mse: [0.00002843]
2026-09-09 12:16:29 [INFO] my_app: layer:[6] , lwc lac iter:[9], lr:[0.00250075] ,time:[15.817060]s, mse: [0.00002840]
2026-09-09 12:16:45 [INFO] my_app: layer:[6] , lwc lac iter:[10], lr:[0.00165518] ,time:[15.815219]s, mse: [0.00002835]
2026-09-09 12:17:01 [INFO] my_app: layer:[6] , lwc lac iter:[11], lr:[0.00095582] ,time:[15.816978]s, mse: [0.00002834]
2026-09-09 12:17:16 [INFO] my_app: layer:[6] , lwc lac iter:[12], lr:[0.00043323] ,time:[15.826436]s, mse: [0.00002834]
2026-09-09 12:17:32 [INFO] my_app: layer:[6] , lwc lac iter:[13], lr:[0.00011025] ,time:[15.818865]s, mse: [0.00002832]
2026-09-09 12:17:48 [INFO] my_app: layer:[6] , lwc lac iter:[14], lr:[0.00000100] ,time:[15.819645]s, mse: [0.00002832]
2026-09-09 12:17:49 [INFO] my_app: saved parameters for layer 6 at /home/utn/luli38se/cv/QuantVGGT/evaluation/outputs/w4a4/a44_nosmooth_model_tracker_fixed_e20.pt_sym/qs_global_parameters_layer_6.pth
2026-09-09 12:17:49 [INFO] my_app: After global_Layer_6 Memory Stats:
2026-09-09 12:17:49 [INFO] my_app: Allocated: 5661.27 MB
2026-09-09 12:17:49 [INFO] my_app: Reserved/Cached: 6078.00 MB
2026-09-09 12:17:49 [INFO] my_app: Max Allocated: 10996.90 MB
2026-09-09 12:17:49 [INFO] my_app: Max Reserved: 11654.00 MB
2026-09-09 12:17:49 [INFO] my_app: ========= frame_Layer_7 =========
2026-09-09 12:17:49 [INFO] my_app: Before frame_Layer_7 Memory Stats:
2026-09-09 12:17:49 [INFO] my_app: Allocated: 5607.12 MB
2026-09-09 12:17:49 [INFO] my_app: Reserved/Cached: 6078.00 MB
2026-09-09 12:17:49 [INFO] my_app: Max Allocated: 10996.90 MB
2026-09-09 12:17:49 [INFO] my_app: Max Reserved: 11654.00 MB
2026-09-09 12:17:52 [INFO] my_app: Layer 7 Epoch 0 Start Memory Stats:
2026-09-09 12:17:52 [INFO] my_app: Allocated: 5607.12 MB
2026-09-09 12:17:52 [INFO] my_app: Reserved/Cached: 6024.00 MB
2026-09-09 12:17:52 [INFO] my_app: Max Allocated: 10996.90 MB
2026-09-09 12:17:52 [INFO] my_app: Max Reserved: 11654.00 MB
2026-09-09 12:18:08 [INFO] my_app: layer:[7] , lwc lac iter:[0], lr:[0.00989075] ,time:[15.750217]s, mse: [0.00003864]
2026-09-09 12:18:24 [INFO] my_app: layer:[7] , lwc lac iter:[1], lr:[0.00956777] ,time:[15.782172]s, mse: [0.00003809]
2026-09-09 12:18:40 [INFO] my_app: layer:[7] , lwc lac iter:[2], lr:[0.00904518] ,time:[15.780577]s, mse: [0.00003725]
2026-09-09 12:18:55 [INFO] my_app: layer:[7] , lwc lac iter:[3], lr:[0.00834582] ,time:[15.794683]s, mse: [0.00003598]
2026-09-09 12:19:11 [INFO] my_app: layer:[7] , lwc lac iter:[4], lr:[0.00750025] ,time:[15.796060]s, mse: [0.00003403]
2026-09-09 12:19:27 [INFO] my_app: layer:[7] , lwc lac iter:[5], lr:[0.00654543] ,time:[15.785278]s, mse: [0.00003189]
2026-09-09 12:19:43 [INFO] my_app: layer:[7] , lwc lac iter:[6], lr:[0.00552309] ,time:[15.791492]s, mse: [0.00003036]
2026-09-09 12:19:58 [INFO] my_app: layer:[7] , lwc lac iter:[7], lr:[0.00447791] ,time:[15.804723]s, mse: [0.00002974]
2026-09-09 12:20:14 [INFO] my_app: layer:[7] , lwc lac iter:[8], lr:[0.00345557] ,time:[15.780200]s, mse: [0.00002953]
2026-09-09 12:20:30 [INFO] my_app: layer:[7] , lwc lac iter:[9], lr:[0.00250075] ,time:[15.808206]s, mse: [0.00002943]
2026-09-09 12:20:46 [INFO] my_app: layer:[7] , lwc lac iter:[10], lr:[0.00165518] ,time:[15.793548]s, mse: [0.00002940]
2026-09-09 12:21:02 [INFO] my_app: layer:[7] , lwc lac iter:[11], lr:[0.00095582] ,time:[15.796129]s, mse: [0.00002939]
2026-09-09 12:21:17 [INFO] my_app: layer:[7] , lwc lac iter:[12], lr:[0.00043323] ,time:[15.780625]s, mse: [0.00002938]
2026-09-09 12:21:33 [INFO] my_app: layer:[7] , lwc lac iter:[13], lr:[0.00011025] ,time:[15.794613]s, mse: [0.00002937]
2026-09-09 12:21:49 [INFO] my_app: layer:[7] , lwc lac iter:[14], lr:[0.00000100] ,time:[15.809555]s, mse: [0.00002937]
2026-09-09 12:21:50 [INFO] my_app: saved parameters for layer 7 at /home/utn/luli38se/cv/QuantVGGT/evaluation/outputs/w4a4/a44_nosmooth_model_tracker_fixed_e20.pt_sym/qs_frame_parameters_layer_7.pth
2026-09-09 12:21:50 [INFO] my_app: After frame_Layer_7 Memory Stats:
2026-09-09 12:21:50 [INFO] my_app: Allocated: 5537.13 MB
2026-09-09 12:21:50 [INFO] my_app: Reserved/Cached: 6010.00 MB
2026-09-09 12:21:50 [INFO] my_app: Max Allocated: 10996.90 MB
2026-09-09 12:21:50 [INFO] my_app: Max Reserved: 11654.00 MB
2026-09-09 12:21:50 [INFO] my_app: ========= global_Layer_7 =========
2026-09-09 12:21:50 [INFO] my_app: Before global_Layer_7 Memory Stats:
2026-09-09 12:21:50 [INFO] my_app: Allocated: 5482.98 MB
2026-09-09 12:21:50 [INFO] my_app: Reserved/Cached: 6010.00 MB
2026-09-09 12:21:50 [INFO] my_app: Max Allocated: 10996.90 MB
2026-09-09 12:21:50 [INFO] my_app: Max Reserved: 11654.00 MB
2026-09-09 12:21:53 [INFO] my_app: Layer 7 Epoch 0 Start Memory Stats:
2026-09-09 12:21:53 [INFO] my_app: Allocated: 5482.98 MB
2026-09-09 12:21:53 [INFO] my_app: Reserved/Cached: 5956.00 MB
2026-09-09 12:21:53 [INFO] my_app: Max Allocated: 10996.90 MB
2026-09-09 12:21:53 [INFO] my_app: Max Reserved: 11654.00 MB
2026-09-09 12:22:09 [INFO] my_app: layer:[7] , lwc lac iter:[0], lr:[0.00989075] ,time:[15.706618]s, mse: [0.00004657]
2026-09-09 12:22:25 [INFO] my_app: layer:[7] , lwc lac iter:[1], lr:[0.00956777] ,time:[15.752888]s, mse: [0.00004596]
2026-09-09 12:22:40 [INFO] my_app: layer:[7] , lwc lac iter:[2], lr:[0.00904518] ,time:[15.743812]s, mse: [0.00004506]
2026-09-09 12:22:56 [INFO] my_app: layer:[7] , lwc lac iter:[3], lr:[0.00834582] ,time:[15.766569]s, mse: [0.00004351]
2026-09-09 12:23:12 [INFO] my_app: layer:[7] , lwc lac iter:[4], lr:[0.00750025] ,time:[15.753021]s, mse: [0.00004113]
2026-09-09 12:23:28 [INFO] my_app: layer:[7] , lwc lac iter:[5], lr:[0.00654543] ,time:[15.768698]s, mse: [0.00003844]
2026-09-09 12:23:44 [INFO] my_app: layer:[7] , lwc lac iter:[6], lr:[0.00552309] ,time:[15.753734]s, mse: [0.00003657]
2026-09-09 12:23:59 [INFO] my_app: layer:[7] , lwc lac iter:[7], lr:[0.00447791] ,time:[15.788919]s, mse: [0.00003589]
2026-09-09 12:24:15 [INFO] my_app: layer:[7] , lwc lac iter:[8], lr:[0.00345557] ,time:[15.764287]s, mse: [0.00003569]
2026-09-09 12:24:31 [INFO] my_app: layer:[7] , lwc lac iter:[9], lr:[0.00250075] ,time:[15.766261]s, mse: [0.00003563]
2026-09-09 12:24:47 [INFO] my_app: layer:[7] , lwc lac iter:[10], lr:[0.00165518] ,time:[15.760238]s, mse: [0.00003560]
2026-09-09 12:25:02 [INFO] my_app: layer:[7] , lwc lac iter:[11], lr:[0.00095582] ,time:[15.781486]s, mse: [0.00003560]
2026-09-09 12:25:18 [INFO] my_app: layer:[7] , lwc lac iter:[12], lr:[0.00043323] ,time:[15.781138]s, mse: [0.00003559]
2026-09-09 12:25:34 [INFO] my_app: layer:[7] , lwc lac iter:[13], lr:[0.00011025] ,time:[15.771875]s, mse: [0.00003559]
2026-09-09 12:25:50 [INFO] my_app: layer:[7] , lwc lac iter:[14], lr:[0.00000100] ,time:[15.766535]s, mse: [0.00003560]
2026-09-09 12:25:50 [INFO] my_app: saved parameters for layer 7 at /home/utn/luli38se/cv/QuantVGGT/evaluation/outputs/w4a4/a44_nosmooth_model_tracker_fixed_e20.pt_sym/qs_global_parameters_layer_7.pth
2026-09-09 12:25:50 [INFO] my_app: After global_Layer_7 Memory Stats:
2026-09-09 12:25:50 [INFO] my_app: Allocated: 5412.66 MB
2026-09-09 12:25:50 [INFO] my_app: Reserved/Cached: 5844.00 MB
2026-09-09 12:25:50 [INFO] my_app: Max Allocated: 10996.90 MB
2026-09-09 12:25:50 [INFO] my_app: Max Reserved: 11654.00 MB
2026-09-09 12:25:50 [INFO] my_app: ========= frame_Layer_8 =========
2026-09-09 12:25:50 [INFO] my_app: Before frame_Layer_8 Memory Stats:
2026-09-09 12:25:50 [INFO] my_app: Allocated: 5358.84 MB
2026-09-09 12:25:50 [INFO] my_app: Reserved/Cached: 5844.00 MB
2026-09-09 12:25:50 [INFO] my_app: Max Allocated: 10996.90 MB
2026-09-09 12:25:50 [INFO] my_app: Max Reserved: 11654.00 MB
2026-09-09 12:25:54 [INFO] my_app: Layer 8 Epoch 0 Start Memory Stats:
2026-09-09 12:25:54 [INFO] my_app: Allocated: 5358.84 MB
2026-09-09 12:25:54 [INFO] my_app: Reserved/Cached: 5844.00 MB
2026-09-09 12:25:54 [INFO] my_app: Max Allocated: 10996.90 MB
2026-09-09 12:25:54 [INFO] my_app: Max Reserved: 11654.00 MB
2026-09-09 12:26:10 [INFO] my_app: layer:[8] , lwc lac iter:[0], lr:[0.00989075] ,time:[15.693463]s, mse: [0.00003665]
2026-09-09 12:26:25 [INFO] my_app: layer:[8] , lwc lac iter:[1], lr:[0.00956777] ,time:[15.732805]s, mse: [0.00003619]
2026-09-09 12:26:41 [INFO] my_app: layer:[8] , lwc lac iter:[2], lr:[0.00904518] ,time:[15.746498]s, mse: [0.00003534]
2026-09-09 12:26:57 [INFO] my_app: layer:[8] , lwc lac iter:[3], lr:[0.00834582] ,time:[15.770422]s, mse: [0.00003407]
2026-09-09 12:27:13 [INFO] my_app: layer:[8] , lwc lac iter:[4], lr:[0.00750025] ,time:[15.761785]s, mse: [0.00003206]
2026-09-09 12:27:28 [INFO] my_app: layer:[8] , lwc lac iter:[5], lr:[0.00654543] ,time:[15.773495]s, mse: [0.00002984]
2026-09-09 12:27:44 [INFO] my_app: layer:[8] , lwc lac iter:[6], lr:[0.00552309] ,time:[15.755070]s, mse: [0.00002827]
2026-09-09 12:28:00 [INFO] my_app: layer:[8] , lwc lac iter:[7], lr:[0.00447791] ,time:[15.777834]s, mse: [0.00002767]
2026-09-09 12:28:16 [INFO] my_app: layer:[8] , lwc lac iter:[8], lr:[0.00345557] ,time:[15.748384]s, mse: [0.00002754]
2026-09-09 12:28:31 [INFO] my_app: layer:[8] , lwc lac iter:[9], lr:[0.00250075] ,time:[15.773509]s, mse: [0.00002756]
2026-09-09 12:28:47 [INFO] my_app: layer:[8] , lwc lac iter:[10], lr:[0.00165518] ,time:[15.767257]s, mse: [0.00002749]
2026-09-09 12:29:03 [INFO] my_app: layer:[8] , lwc lac iter:[11], lr:[0.00095582] ,time:[15.770586]s, mse: [0.00002748]
2026-09-09 12:29:19 [INFO] my_app: layer:[8] , lwc lac iter:[12], lr:[0.00043323] ,time:[15.773092]s, mse: [0.00002750]
2026-09-09 12:29:34 [INFO] my_app: layer:[8] , lwc lac iter:[13], lr:[0.00011025] ,time:[15.765009]s, mse: [0.00002751]
2026-09-09 12:29:50 [INFO] my_app: layer:[8] , lwc lac iter:[14], lr:[0.00000100] ,time:[15.782036]s, mse: [0.00002750]
2026-09-09 12:29:51 [INFO] my_app: saved parameters for layer 8 at /home/utn/luli38se/cv/QuantVGGT/evaluation/outputs/w4a4/a44_nosmooth_model_tracker_fixed_e20.pt_sym/qs_frame_parameters_layer_8.pth
2026-09-09 12:29:51 [INFO] my_app: After frame_Layer_8 Memory Stats:
2026-09-09 12:29:51 [INFO] my_app: Allocated: 5288.52 MB
2026-09-09 12:29:51 [INFO] my_app: Reserved/Cached: 5732.00 MB
2026-09-09 12:29:51 [INFO] my_app: Max Allocated: 10996.90 MB
2026-09-09 12:29:51 [INFO] my_app: Max Reserved: 11654.00 MB
2026-09-09 12:29:51 [INFO] my_app: ========= global_Layer_8 =========
2026-09-09 12:29:51 [INFO] my_app: Before global_Layer_8 Memory Stats:
2026-09-09 12:29:51 [INFO] my_app: Allocated: 5234.70 MB
2026-09-09 12:29:51 [INFO] my_app: Reserved/Cached: 5732.00 MB
2026-09-09 12:29:51 [INFO] my_app: Max Allocated: 10996.90 MB
2026-09-09 12:29:51 [INFO] my_app: Max Reserved: 11654.00 MB
2026-09-09 12:29:54 [INFO] my_app: Layer 8 Epoch 0 Start Memory Stats:
2026-09-09 12:29:54 [INFO] my_app: Allocated: 5234.70 MB
2026-09-09 12:29:54 [INFO] my_app: Reserved/Cached: 5732.00 MB
2026-09-09 12:29:54 [INFO] my_app: Max Allocated: 10996.90 MB
2026-09-09 12:29:54 [INFO] my_app: Max Reserved: 11654.00 MB
2026-09-09 12:30:10 [INFO] my_app: layer:[8] , lwc lac iter:[0], lr:[0.00989075] ,time:[15.696851]s, mse: [0.00003701]
2026-09-09 12:30:26 [INFO] my_app: layer:[8] , lwc lac iter:[1], lr:[0.00956777] ,time:[15.730266]s, mse: [0.00003651]
2026-09-09 12:30:42 [INFO] my_app: layer:[8] , lwc lac iter:[2], lr:[0.00904518] ,time:[15.750593]s, mse: [0.00003569]
2026-09-09 12:30:57 [INFO] my_app: layer:[8] , lwc lac iter:[3], lr:[0.00834582] ,time:[15.756928]s, mse: [0.00003439]
2026-09-09 12:31:13 [INFO] my_app: layer:[8] , lwc lac iter:[4], lr:[0.00750025] ,time:[15.771209]s, mse: [0.00003251]
2026-09-09 12:31:29 [INFO] my_app: layer:[8] , lwc lac iter:[5], lr:[0.00654543] ,time:[15.746561]s, mse: [0.00003044]
2026-09-09 12:31:45 [INFO] my_app: layer:[8] , lwc lac iter:[6], lr:[0.00552309] ,time:[15.762399]s, mse: [0.00002893]
2026-09-09 12:32:00 [INFO] my_app: layer:[8] , lwc lac iter:[7], lr:[0.00447791] ,time:[15.765664]s, mse: [0.00002834]
2026-09-09 12:32:16 [INFO] my_app: layer:[8] , lwc lac iter:[8], lr:[0.00345557] ,time:[15.744545]s, mse: [0.00002817]
2026-09-09 12:32:32 [INFO] my_app: layer:[8] , lwc lac iter:[9], lr:[0.00250075] ,time:[15.751345]s, mse: [0.00002813]
2026-09-09 12:32:48 [INFO] my_app: layer:[8] , lwc lac iter:[10], lr:[0.00165518] ,time:[15.775729]s, mse: [0.00002810]
2026-09-09 12:33:03 [INFO] my_app: layer:[8] , lwc lac iter:[11], lr:[0.00095582] ,time:[15.772672]s, mse: [0.00002808]
2026-09-09 12:33:19 [INFO] my_app: layer:[8] , lwc lac iter:[12], lr:[0.00043323] ,time:[15.763931]s, mse: [0.00002808]
2026-09-09 12:33:35 [INFO] my_app: layer:[8] , lwc lac iter:[13], lr:[0.00011025] ,time:[15.774041]s, mse: [0.00002806]
2026-09-09 12:33:51 [INFO] my_app: layer:[8] , lwc lac iter:[14], lr:[0.00000100] ,time:[15.746497]s, mse: [0.00002807]
2026-09-09 12:33:51 [INFO] my_app: saved parameters for layer 8 at /home/utn/luli38se/cv/QuantVGGT/evaluation/outputs/w4a4/a44_nosmooth_model_tracker_fixed_e20.pt_sym/qs_global_parameters_layer_8.pth
2026-09-09 12:33:51 [INFO] my_app: After global_Layer_8 Memory Stats:
2026-09-09 12:33:51 [INFO] my_app: Allocated: 5164.38 MB
2026-09-09 12:33:51 [INFO] my_app: Reserved/Cached: 5620.00 MB
2026-09-09 12:33:51 [INFO] my_app: Max Allocated: 10996.90 MB
2026-09-09 12:33:51 [INFO] my_app: Max Reserved: 11654.00 MB
2026-09-09 12:33:51 [INFO] my_app: ========= frame_Layer_9 =========
2026-09-09 12:33:51 [INFO] my_app: Before frame_Layer_9 Memory Stats:
2026-09-09 12:33:51 [INFO] my_app: Allocated: 5110.56 MB
2026-09-09 12:33:51 [INFO] my_app: Reserved/Cached: 5620.00 MB
2026-09-09 12:33:51 [INFO] my_app: Max Allocated: 10996.90 MB
2026-09-09 12:33:51 [INFO] my_app: Max Reserved: 11654.00 MB
2026-09-09 12:33:55 [INFO] my_app: Layer 9 Epoch 0 Start Memory Stats:
2026-09-09 12:33:55 [INFO] my_app: Allocated: 5110.56 MB
2026-09-09 12:33:55 [INFO] my_app: Reserved/Cached: 5620.00 MB
2026-09-09 12:33:55 [INFO] my_app: Max Allocated: 10996.90 MB
2026-09-09 12:33:55 [INFO] my_app: Max Reserved: 11654.00 MB
2026-09-09 12:34:10 [INFO] my_app: layer:[9] , lwc lac iter:[0], lr:[0.00989075] ,time:[15.695534]s, mse: [0.00003881]
2026-09-09 12:34:26 [INFO] my_app: layer:[9] , lwc lac iter:[1], lr:[0.00956777] ,time:[15.728649]s, mse: [0.00003827]
2026-09-09 12:34:42 [INFO] my_app: layer:[9] , lwc lac iter:[2], lr:[0.00904518] ,time:[15.726462]s, mse: [0.00003743]
2026-09-09 12:34:58 [INFO] my_app: layer:[9] , lwc lac iter:[3], lr:[0.00834582] ,time:[15.738946]s, mse: [0.00003612]
2026-09-09 12:35:13 [INFO] my_app: layer:[9] , lwc lac iter:[4], lr:[0.00750025] ,time:[15.725850]s, mse: [0.00003418]
2026-09-09 12:35:29 [INFO] my_app: layer:[9] , lwc lac iter:[5], lr:[0.00654543] ,time:[15.747036]s, mse: [0.00003197]
2026-09-09 12:35:45 [INFO] my_app: layer:[9] , lwc lac iter:[6], lr:[0.00552309] ,time:[15.745479]s, mse: [0.00003039]
2026-09-09 12:36:01 [INFO] my_app: layer:[9] , lwc lac iter:[7], lr:[0.00447791] ,time:[15.747193]s, mse: [0.00002973]
2026-09-09 12:36:16 [INFO] my_app: layer:[9] , lwc lac iter:[8], lr:[0.00345557] ,time:[15.743871]s, mse: [0.00002958]
2026-09-09 12:36:32 [INFO] my_app: layer:[9] , lwc lac iter:[9], lr:[0.00250075] ,time:[15.752847]s, mse: [0.00002947]
2026-09-09 12:36:48 [INFO] my_app: layer:[9] , lwc lac iter:[10], lr:[0.00165518] ,time:[15.749587]s, mse: [0.00002944]
2026-09-09 12:37:04 [INFO] my_app: layer:[9] , lwc lac iter:[11], lr:[0.00095582] ,time:[15.758588]s, mse: [0.00002944]
2026-09-09 12:37:19 [INFO] my_app: layer:[9] , lwc lac iter:[12], lr:[0.00043323] ,time:[15.738176]s, mse: [0.00002945]
2026-09-09 12:37:35 [INFO] my_app: layer:[9] , lwc lac iter:[13], lr:[0.00011025] ,time:[15.762863]s, mse: [0.00002943]
2026-09-09 12:37:51 [INFO] my_app: layer:[9] , lwc lac iter:[14], lr:[0.00000100] ,time:[15.741586]s, mse: [0.00002943]
2026-09-09 12:37:52 [INFO] my_app: saved parameters for layer 9 at /home/utn/luli38se/cv/QuantVGGT/evaluation/outputs/w4a4/a44_nosmooth_model_tracker_fixed_e20.pt_sym/qs_frame_parameters_layer_9.pth
2026-09-09 12:37:52 [INFO] my_app: After frame_Layer_9 Memory Stats:
2026-09-09 12:37:52 [INFO] my_app: Allocated: 5040.24 MB
2026-09-09 12:37:52 [INFO] my_app: Reserved/Cached: 5506.00 MB
2026-09-09 12:37:52 [INFO] my_app: Max Allocated: 10996.90 MB
2026-09-09 12:37:52 [INFO] my_app: Max Reserved: 11654.00 MB
2026-09-09 12:37:52 [INFO] my_app: ========= global_Layer_9 =========
2026-09-09 12:37:52 [INFO] my_app: Before global_Layer_9 Memory Stats:
2026-09-09 12:37:52 [INFO] my_app: Allocated: 4986.42 MB
2026-09-09 12:37:52 [INFO] my_app: Reserved/Cached: 5506.00 MB
2026-09-09 12:37:52 [INFO] my_app: Max Allocated: 10996.90 MB
2026-09-09 12:37:52 [INFO] my_app: Max Reserved: 11654.00 MB
2026-09-09 12:37:55 [INFO] my_app: Layer 9 Epoch 0 Start Memory Stats:
2026-09-09 12:37:55 [INFO] my_app: Allocated: 4986.42 MB
2026-09-09 12:37:55 [INFO] my_app: Reserved/Cached: 5506.00 MB
2026-09-09 12:37:55 [INFO] my_app: Max Allocated: 10996.90 MB
2026-09-09 12:37:55 [INFO] my_app: Max Reserved: 11654.00 MB
2026-09-09 12:38:11 [INFO] my_app: layer:[9] , lwc lac iter:[0], lr:[0.00989075] ,time:[15.671805]s, mse: [0.00005239]
2026-09-09 12:38:26 [INFO] my_app: layer:[9] , lwc lac iter:[1], lr:[0.00956777] ,time:[15.710847]s, mse: [0.00005168]
2026-09-09 12:38:42 [INFO] my_app: layer:[9] , lwc lac iter:[2], lr:[0.00904518] ,time:[15.707991]s, mse: [0.00005049]
2026-09-09 12:38:58 [INFO] my_app: layer:[9] , lwc lac iter:[3], lr:[0.00834582] ,time:[15.695719]s, mse: [0.00004865]
2026-09-09 12:39:13 [INFO] my_app: layer:[9] , lwc lac iter:[4], lr:[0.00750025] ,time:[15.683697]s, mse: [0.00004589]
2026-09-09 12:39:29 [INFO] my_app: layer:[9] , lwc lac iter:[5], lr:[0.00654543] ,time:[15.724435]s, mse: [0.00004301]
2026-09-09 12:39:45 [INFO] my_app: layer:[9] , lwc lac iter:[6], lr:[0.00552309] ,time:[15.727214]s, mse: [0.00004130]
2026-09-09 12:40:01 [INFO] my_app: layer:[9] , lwc lac iter:[7], lr:[0.00447791] ,time:[15.738593]s, mse: [0.00004086]
2026-09-09 12:40:16 [INFO] my_app: layer:[9] , lwc lac iter:[8], lr:[0.00345557] ,time:[15.708986]s, mse: [0.00004080]
2026-09-09 12:40:32 [INFO] my_app: layer:[9] , lwc lac iter:[9], lr:[0.00250075] ,time:[15.712459]s, mse: [0.00004074]
2026-09-09 12:40:48 [INFO] my_app: layer:[9] , lwc lac iter:[10], lr:[0.00165518] ,time:[15.702335]s, mse: [0.00004058]
2026-09-09 12:41:03 [INFO] my_app: layer:[9] , lwc lac iter:[11], lr:[0.00095582] ,time:[15.732872]s, mse: [0.00004055]
2026-09-09 12:41:19 [INFO] my_app: layer:[9] , lwc lac iter:[12], lr:[0.00043323] ,time:[15.718223]s, mse: [0.00004048]
2026-09-09 12:41:35 [INFO] my_app: layer:[9] , lwc lac iter:[13], lr:[0.00011025] ,time:[15.708214]s, mse: [0.00004047]
2026-09-09 12:41:51 [INFO] my_app: layer:[9] , lwc lac iter:[14], lr:[0.00000100] ,time:[15.726994]s, mse: [0.00004046]
2026-09-09 12:41:51 [INFO] my_app: saved parameters for layer 9 at /home/utn/luli38se/cv/QuantVGGT/evaluation/outputs/w4a4/a44_nosmooth_model_tracker_fixed_e20.pt_sym/qs_global_parameters_layer_9.pth
2026-09-09 12:41:51 [INFO] my_app: After global_Layer_9 Memory Stats:
2026-09-09 12:41:51 [INFO] my_app: Allocated: 4916.10 MB
2026-09-09 12:41:51 [INFO] my_app: Reserved/Cached: 5394.00 MB
2026-09-09 12:41:51 [INFO] my_app: Max Allocated: 10996.90 MB
2026-09-09 12:41:51 [INFO] my_app: Max Reserved: 11654.00 MB
2026-09-09 12:41:51 [INFO] my_app: ========= frame_Layer_10 =========
2026-09-09 12:41:51 [INFO] my_app: Before frame_Layer_10 Memory Stats:
2026-09-09 12:41:51 [INFO] my_app: Allocated: 4862.28 MB
2026-09-09 12:41:51 [INFO] my_app: Reserved/Cached: 5394.00 MB
2026-09-09 12:41:51 [INFO] my_app: Max Allocated: 10996.90 MB
2026-09-09 12:41:51 [INFO] my_app: Max Reserved: 11654.00 MB
2026-09-09 12:41:55 [INFO] my_app: Layer 10 Epoch 0 Start Memory Stats:
2026-09-09 12:41:55 [INFO] my_app: Allocated: 4862.28 MB
2026-09-09 12:41:55 [INFO] my_app: Reserved/Cached: 5394.00 MB
2026-09-09 12:41:55 [INFO] my_app: Max Allocated: 10996.90 MB
2026-09-09 12:41:55 [INFO] my_app: Max Reserved: 11654.00 MB
2026-09-09 12:42:10 [INFO] my_app: layer:[10] , lwc lac iter:[0], lr:[0.00989075] ,time:[15.699096]s, mse: [0.00005856]
2026-09-09 12:42:26 [INFO] my_app: layer:[10] , lwc lac iter:[1], lr:[0.00956777] ,time:[15.710325]s, mse: [0.00005763]
2026-09-09 12:42:42 [INFO] my_app: layer:[10] , lwc lac iter:[2], lr:[0.00904518] ,time:[15.723627]s, mse: [0.00005630]
2026-09-09 12:42:58 [INFO] my_app: layer:[10] , lwc lac iter:[3], lr:[0.00834582] ,time:[15.747706]s, mse: [0.00005416]
2026-09-09 12:43:13 [INFO] my_app: layer:[10] , lwc lac iter:[4], lr:[0.00750025] ,time:[15.728557]s, mse: [0.00005097]
2026-09-09 12:43:29 [INFO] my_app: layer:[10] , lwc lac iter:[5], lr:[0.00654543] ,time:[15.743722]s, mse: [0.00004761]
2026-09-09 12:43:45 [INFO] my_app: layer:[10] , lwc lac iter:[6], lr:[0.00552309] ,time:[15.740834]s, mse: [0.00004544]
2026-09-09 12:44:01 [INFO] my_app: layer:[10] , lwc lac iter:[7], lr:[0.00447791] ,time:[15.723983]s, mse: [0.00004470]
2026-09-09 12:44:16 [INFO] my_app: layer:[10] , lwc lac iter:[8], lr:[0.00345557] ,time:[15.733764]s, mse: [0.00004463]
2026-09-09 12:44:32 [INFO] my_app: layer:[10] , lwc lac iter:[9], lr:[0.00250075] ,time:[15.731681]s, mse: [0.00004465]
2026-09-09 12:44:48 [INFO] my_app: layer:[10] , lwc lac iter:[10], lr:[0.00165518] ,time:[15.736984]s, mse: [0.00004451]
2026-09-09 12:45:04 [INFO] my_app: layer:[10] , lwc lac iter:[11], lr:[0.00095582] ,time:[15.743677]s, mse: [0.00004442]
2026-09-09 12:45:19 [INFO] my_app: layer:[10] , lwc lac iter:[12], lr:[0.00043323] ,time:[15.747784]s, mse: [0.00004438]
2026-09-09 12:45:35 [INFO] my_app: layer:[10] , lwc lac iter:[13], lr:[0.00011025] ,time:[15.742926]s, mse: [0.00004437]
2026-09-09 12:45:51 [INFO] my_app: layer:[10] , lwc lac iter:[14], lr:[0.00000100] ,time:[15.718327]s, mse: [0.00004437]
2026-09-09 12:45:51 [INFO] my_app: saved parameters for layer 10 at /home/utn/luli38se/cv/QuantVGGT/evaluation/outputs/w4a4/a44_nosmooth_model_tracker_fixed_e20.pt_sym/qs_frame_parameters_layer_10.pth
2026-09-09 12:45:51 [INFO] my_app: After frame_Layer_10 Memory Stats:
2026-09-09 12:45:51 [INFO] my_app: Allocated: 4791.96 MB
2026-09-09 12:45:51 [INFO] my_app: Reserved/Cached: 5282.00 MB
2026-09-09 12:45:51 [INFO] my_app: Max Allocated: 10996.90 MB
2026-09-09 12:45:51 [INFO] my_app: Max Reserved: 11654.00 MB
2026-09-09 12:45:52 [INFO] my_app: ========= global_Layer_10 =========
2026-09-09 12:45:52 [INFO] my_app: Before global_Layer_10 Memory Stats:
2026-09-09 12:45:52 [INFO] my_app: Allocated: 4738.14 MB
2026-09-09 12:45:52 [INFO] my_app: Reserved/Cached: 5282.00 MB
2026-09-09 12:45:52 [INFO] my_app: Max Allocated: 10996.90 MB
2026-09-09 12:45:52 [INFO] my_app: Max Reserved: 11654.00 MB
2026-09-09 12:45:55 [INFO] my_app: Layer 10 Epoch 0 Start Memory Stats:
2026-09-09 12:45:55 [INFO] my_app: Allocated: 4738.14 MB
2026-09-09 12:45:55 [INFO] my_app: Reserved/Cached: 5282.00 MB
2026-09-09 12:45:55 [INFO] my_app: Max Allocated: 10996.90 MB
2026-09-09 12:45:55 [INFO] my_app: Max Reserved: 11654.00 MB
2026-09-09 12:46:10 [INFO] my_app: layer:[10] , lwc lac iter:[0], lr:[0.00989075] ,time:[15.731499]s, mse: [0.00007766]
2026-09-09 12:46:26 [INFO] my_app: layer:[10] , lwc lac iter:[1], lr:[0.00956777] ,time:[15.723551]s, mse: [0.00007646]
2026-09-09 12:46:42 [INFO] my_app: layer:[10] , lwc lac iter:[2], lr:[0.00904518] ,time:[15.703676]s, mse: [0.00007451]
2026-09-09 12:46:58 [INFO] my_app: layer:[10] , lwc lac iter:[3], lr:[0.00834582] ,time:[15.742153]s, mse: [0.00007167]
2026-09-09 12:47:13 [INFO] my_app: layer:[10] , lwc lac iter:[4], lr:[0.00750025] ,time:[15.741325]s, mse: [0.00006744]
2026-09-09 12:47:29 [INFO] my_app: layer:[10] , lwc lac iter:[5], lr:[0.00654543] ,time:[15.736709]s, mse: [0.00006299]
2026-09-09 12:47:45 [INFO] my_app: layer:[10] , lwc lac iter:[6], lr:[0.00552309] ,time:[15.730423]s, mse: [0.00006065]
2026-09-09 12:48:01 [INFO] my_app: layer:[10] , lwc lac iter:[7], lr:[0.00447791] ,time:[15.754096]s, mse: [0.00006018]
2026-09-09 12:48:16 [INFO] my_app: layer:[10] , lwc lac iter:[8], lr:[0.00345557] ,time:[15.765972]s, mse: [0.00005994]
2026-09-09 12:48:32 [INFO] my_app: layer:[10] , lwc lac iter:[9], lr:[0.00250075] ,time:[15.776281]s, mse: [0.00005989]
2026-09-09 12:48:48 [INFO] my_app: layer:[10] , lwc lac iter:[10], lr:[0.00165518] ,time:[15.774164]s, mse: [0.00005987]
2026-09-09 12:49:04 [INFO] my_app: layer:[10] , lwc lac iter:[11], lr:[0.00095582] ,time:[15.778164]s, mse: [0.00005982]
2026-09-09 12:49:19 [INFO] my_app: layer:[10] , lwc lac iter:[12], lr:[0.00043323] ,time:[15.758800]s, mse: [0.00005978]
2026-09-09 12:49:35 [INFO] my_app: layer:[10] , lwc lac iter:[13], lr:[0.00011025] ,time:[15.767045]s, mse: [0.00005977]
2026-09-09 12:49:51 [INFO] my_app: layer:[10] , lwc lac iter:[14], lr:[0.00000100] ,time:[15.744534]s, mse: [0.00005977]
2026-09-09 12:49:52 [INFO] my_app: saved parameters for layer 10 at /home/utn/luli38se/cv/QuantVGGT/evaluation/outputs/w4a4/a44_nosmooth_model_tracker_fixed_e20.pt_sym/qs_global_parameters_layer_10.pth
2026-09-09 12:49:52 [INFO] my_app: After global_Layer_10 Memory Stats:
2026-09-09 12:49:52 [INFO] my_app: Allocated: 4667.81 MB
2026-09-09 12:49:52 [INFO] my_app: Reserved/Cached: 5234.00 MB
2026-09-09 12:49:52 [INFO] my_app: Max Allocated: 10996.90 MB
2026-09-09 12:49:52 [INFO] my_app: Max Reserved: 11654.00 MB
2026-09-09 12:49:52 [INFO] my_app: ========= frame_Layer_11 =========
2026-09-09 12:49:52 [INFO] my_app: Before frame_Layer_11 Memory Stats:
2026-09-09 12:49:52 [INFO] my_app: Allocated: 4613.99 MB
2026-09-09 12:49:52 [INFO] my_app: Reserved/Cached: 5234.00 MB
2026-09-09 12:49:52 [INFO] my_app: Max Allocated: 10996.90 MB
2026-09-09 12:49:52 [INFO] my_app: Max Reserved: 11654.00 MB
2026-09-09 12:49:55 [INFO] my_app: Layer 11 Epoch 0 Start Memory Stats:
2026-09-09 12:49:55 [INFO] my_app: Allocated: 4613.99 MB
2026-09-09 12:49:55 [INFO] my_app: Reserved/Cached: 5234.00 MB
2026-09-09 12:49:55 [INFO] my_app: Max Allocated: 10996.90 MB
2026-09-09 12:49:55 [INFO] my_app: Max Reserved: 11654.00 MB
2026-09-09 12:50:11 [INFO] my_app: layer:[11] , lwc lac iter:[0], lr:[0.00989075] ,time:[15.655577]s, mse: [0.00009755]
2026-09-09 12:50:26 [INFO] my_app: layer:[11] , lwc lac iter:[1], lr:[0.00956777] ,time:[15.692644]s, mse: [0.00009512]
2026-09-09 12:50:42 [INFO] my_app: layer:[11] , lwc lac iter:[2], lr:[0.00904518] ,time:[15.683305]s, mse: [0.00009246]
2026-09-09 12:50:58 [INFO] my_app: layer:[11] , lwc lac iter:[3], lr:[0.00834582] ,time:[15.670246]s, mse: [0.00008844]
2026-09-09 12:51:13 [INFO] my_app: layer:[11] , lwc lac iter:[4], lr:[0.00750025] ,time:[15.675558]s, mse: [0.00008253]
2026-09-09 12:51:29 [INFO] my_app: layer:[11] , lwc lac iter:[5], lr:[0.00654543] ,time:[15.677519]s, mse: [0.00007614]
2026-09-09 12:51:45 [INFO] my_app: layer:[11] , lwc lac iter:[6], lr:[0.00552309] ,time:[15.662526]s, mse: [0.00007296]
2026-09-09 12:52:00 [INFO] my_app: layer:[11] , lwc lac iter:[7], lr:[0.00447791] ,time:[15.684931]s, mse: [0.00007255]
2026-09-09 12:52:16 [INFO] my_app: layer:[11] , lwc lac iter:[8], lr:[0.00345557] ,time:[15.656595]s, mse: [0.00007237]
2026-09-09 12:52:32 [INFO] my_app: layer:[11] , lwc lac iter:[9], lr:[0.00250075] ,time:[15.676511]s, mse: [0.00007194]
2026-09-09 12:52:47 [INFO] my_app: layer:[11] , lwc lac iter:[10], lr:[0.00165518] ,time:[15.685375]s, mse: [0.00007202]
2026-09-09 12:53:03 [INFO] my_app: layer:[11] , lwc lac iter:[11], lr:[0.00095582] ,time:[15.686301]s, mse: [0.00007175]
2026-09-09 12:53:19 [INFO] my_app: layer:[11] , lwc lac iter:[12], lr:[0.00043323] ,time:[15.666468]s, mse: [0.00007165]
2026-09-09 12:53:34 [INFO] my_app: layer:[11] , lwc lac iter:[13], lr:[0.00011025] ,time:[15.662001]s, mse: [0.00007162]
2026-09-09 12:53:50 [INFO] my_app: layer:[11] , lwc lac iter:[14], lr:[0.00000100] ,time:[15.691341]s, mse: [0.00007165]
2026-09-09 12:53:51 [INFO] my_app: saved parameters for layer 11 at /home/utn/luli38se/cv/QuantVGGT/evaluation/outputs/w4a4/a44_nosmooth_model_tracker_fixed_e20.pt_sym/qs_frame_parameters_layer_11.pth
2026-09-09 12:53:51 [INFO] my_app: After frame_Layer_11 Memory Stats:
2026-09-09 12:53:51 [INFO] my_app: Allocated: 4543.67 MB
2026-09-09 12:53:51 [INFO] my_app: Reserved/Cached: 5122.00 MB
2026-09-09 12:53:51 [INFO] my_app: Max Allocated: 10996.90 MB
2026-09-09 12:53:51 [INFO] my_app: Max Reserved: 11654.00 MB
2026-09-09 12:53:51 [INFO] my_app: ========= global_Layer_11 =========
2026-09-09 12:53:51 [INFO] my_app: Before global_Layer_11 Memory Stats:
2026-09-09 12:53:51 [INFO] my_app: Allocated: 4489.85 MB
2026-09-09 12:53:51 [INFO] my_app: Reserved/Cached: 5122.00 MB
2026-09-09 12:53:51 [INFO] my_app: Max Allocated: 10996.90 MB
2026-09-09 12:53:51 [INFO] my_app: Max Reserved: 11654.00 MB
2026-09-09 12:53:54 [INFO] my_app: Layer 11 Epoch 0 Start Memory Stats:
2026-09-09 12:53:54 [INFO] my_app: Allocated: 4489.85 MB
2026-09-09 12:53:54 [INFO] my_app: Reserved/Cached: 5122.00 MB
2026-09-09 12:53:54 [INFO] my_app: Max Allocated: 10996.90 MB
2026-09-09 12:53:54 [INFO] my_app: Max Reserved: 11654.00 MB
2026-09-09 12:54:10 [INFO] my_app: layer:[11] , lwc lac iter:[0], lr:[0.00989075] ,time:[15.668755]s, mse: [0.00023123]
2026-09-09 12:54:26 [INFO] my_app: layer:[11] , lwc lac iter:[1], lr:[0.00956777] ,time:[15.692540]s, mse: [0.00022585]
2026-09-09 12:54:41 [INFO] my_app: layer:[11] , lwc lac iter:[2], lr:[0.00904518] ,time:[15.677651]s, mse: [0.00021979]
2026-09-09 12:54:57 [INFO] my_app: layer:[11] , lwc lac iter:[3], lr:[0.00834582] ,time:[15.679200]s, mse: [0.00020779]
2026-09-09 12:55:13 [INFO] my_app: layer:[11] , lwc lac iter:[4], lr:[0.00750025] ,time:[15.700410]s, mse: [0.00019152]
2026-09-09 12:55:28 [INFO] my_app: layer:[11] , lwc lac iter:[5], lr:[0.00654543] ,time:[15.706818]s, mse: [0.00017845]
2026-09-09 12:55:44 [INFO] my_app: layer:[11] , lwc lac iter:[6], lr:[0.00552309] ,time:[15.696516]s, mse: [0.00017181]
2026-09-09 12:56:00 [INFO] my_app: layer:[11] , lwc lac iter:[7], lr:[0.00447791] ,time:[15.685597]s, mse: [0.00016988]
2026-09-09 12:56:15 [INFO] my_app: layer:[11] , lwc lac iter:[8], lr:[0.00345557] ,time:[15.676178]s, mse: [0.00016876]
2026-09-09 12:56:31 [INFO] my_app: layer:[11] , lwc lac iter:[9], lr:[0.00250075] ,time:[15.678429]s, mse: [0.00016751]
2026-09-09 12:56:47 [INFO] my_app: layer:[11] , lwc lac iter:[10], lr:[0.00165518] ,time:[15.713101]s, mse: [0.00016656]
2026-09-09 12:57:02 [INFO] my_app: layer:[11] , lwc lac iter:[11], lr:[0.00095582] ,time:[15.694373]s, mse: [0.00016590]
2026-09-09 12:57:18 [INFO] my_app: layer:[11] , lwc lac iter:[12], lr:[0.00043323] ,time:[15.684099]s, mse: [0.00016537]
2026-09-09 12:57:34 [INFO] my_app: layer:[11] , lwc lac iter:[13], lr:[0.00011025] ,time:[15.701793]s, mse: [0.00016505]
2026-09-09 12:57:50 [INFO] my_app: layer:[11] , lwc lac iter:[14], lr:[0.00000100] ,time:[15.673044]s, mse: [0.00016507]
2026-09-09 12:57:50 [INFO] my_app: saved parameters for layer 11 at /home/utn/luli38se/cv/QuantVGGT/evaluation/outputs/w4a4/a44_nosmooth_model_tracker_fixed_e20.pt_sym/qs_global_parameters_layer_11.pth
2026-09-09 12:57:50 [INFO] my_app: After global_Layer_11 Memory Stats:
2026-09-09 12:57:50 [INFO] my_app: Allocated: 4419.53 MB
2026-09-09 12:57:50 [INFO] my_app: Reserved/Cached: 5010.00 MB
2026-09-09 12:57:50 [INFO] my_app: Max Allocated: 10996.90 MB
2026-09-09 12:57:50 [INFO] my_app: Max Reserved: 11654.00 MB
2026-09-09 12:57:50 [INFO] my_app: ========= frame_Layer_12 =========
2026-09-09 12:57:50 [INFO] my_app: Before frame_Layer_12 Memory Stats:
2026-09-09 12:57:50 [INFO] my_app: Allocated: 4365.71 MB
2026-09-09 12:57:50 [INFO] my_app: Reserved/Cached: 5010.00 MB
2026-09-09 12:57:50 [INFO] my_app: Max Allocated: 10996.90 MB
2026-09-09 12:57:50 [INFO] my_app: Max Reserved: 11654.00 MB
2026-09-09 12:57:54 [INFO] my_app: Layer 12 Epoch 0 Start Memory Stats:
2026-09-09 12:57:54 [INFO] my_app: Allocated: 4365.71 MB
2026-09-09 12:57:54 [INFO] my_app: Reserved/Cached: 5010.00 MB
2026-09-09 12:57:54 [INFO] my_app: Max Allocated: 10996.90 MB
2026-09-09 12:57:54 [INFO] my_app: Max Reserved: 11654.00 MB
2026-09-09 12:58:09 [INFO] my_app: layer:[12] , lwc lac iter:[0], lr:[0.00989075] ,time:[15.634928]s, mse: [0.00021748]
2026-09-09 12:58:25 [INFO] my_app: layer:[12] , lwc lac iter:[1], lr:[0.00956777] ,time:[15.669554]s, mse: [0.00021290]
2026-09-09 12:58:41 [INFO] my_app: layer:[12] , lwc lac iter:[2], lr:[0.00904518] ,time:[15.675548]s, mse: [0.00020572]
2026-09-09 12:58:56 [INFO] my_app: layer:[12] , lwc lac iter:[3], lr:[0.00834582] ,time:[15.680167]s, mse: [0.00019460]
2026-09-09 12:59:12 [INFO] my_app: layer:[12] , lwc lac iter:[4], lr:[0.00750025] ,time:[15.641144]s, mse: [0.00017843]
2026-09-09 12:59:28 [INFO] my_app: layer:[12] , lwc lac iter:[5], lr:[0.00654543] ,time:[15.656444]s, mse: [0.00016521]
2026-09-09 12:59:43 [INFO] my_app: layer:[12] , lwc lac iter:[6], lr:[0.00552309] ,time:[15.681839]s, mse: [0.00015862]
2026-09-09 12:59:59 [INFO] my_app: layer:[12] , lwc lac iter:[7], lr:[0.00447791] ,time:[15.664009]s, mse: [0.00015555]
2026-09-09 13:00:15 [INFO] my_app: layer:[12] , lwc lac iter:[8], lr:[0.00345557] ,time:[15.666003]s, mse: [0.00015456]
2026-09-09 13:00:30 [INFO] my_app: layer:[12] , lwc lac iter:[9], lr:[0.00250075] ,time:[15.648836]s, mse: [0.00015351]
2026-09-09 13:00:46 [INFO] my_app: layer:[12] , lwc lac iter:[10], lr:[0.00165518] ,time:[15.647967]s, mse: [0.00015221]
2026-09-09 13:01:02 [INFO] my_app: layer:[12] , lwc lac iter:[11], lr:[0.00095582] ,time:[15.668621]s, mse: [0.00015225]
2026-09-09 13:01:17 [INFO] my_app: layer:[12] , lwc lac iter:[12], lr:[0.00043323] ,time:[15.658005]s, mse: [0.00015264]
2026-09-09 13:01:33 [INFO] my_app: layer:[12] , lwc lac iter:[13], lr:[0.00011025] ,time:[15.673010]s, mse: [0.00015244]
2026-09-09 13:01:49 [INFO] my_app: layer:[12] , lwc lac iter:[14], lr:[0.00000100] ,time:[15.658611]s, mse: [0.00015248]
2026-09-09 13:01:49 [INFO] my_app: saved parameters for layer 12 at /home/utn/luli38se/cv/QuantVGGT/evaluation/outputs/w4a4/a44_nosmooth_model_tracker_fixed_e20.pt_sym/qs_frame_parameters_layer_12.pth
2026-09-09 13:01:49 [INFO] my_app: After frame_Layer_12 Memory Stats:
2026-09-09 13:01:49 [INFO] my_app: Allocated: 4295.39 MB
2026-09-09 13:01:49 [INFO] my_app: Reserved/Cached: 4834.00 MB
2026-09-09 13:01:49 [INFO] my_app: Max Allocated: 10996.90 MB
2026-09-09 13:01:49 [INFO] my_app: Max Reserved: 11654.00 MB
2026-09-09 13:01:49 [INFO] my_app: ========= global_Layer_12 =========
2026-09-09 13:01:49 [INFO] my_app: Before global_Layer_12 Memory Stats:
2026-09-09 13:01:49 [INFO] my_app: Allocated: 4241.57 MB
2026-09-09 13:01:49 [INFO] my_app: Reserved/Cached: 4834.00 MB
2026-09-09 13:01:49 [INFO] my_app: Max Allocated: 10996.90 MB
2026-09-09 13:01:49 [INFO] my_app: Max Reserved: 11654.00 MB
2026-09-09 13:01:53 [INFO] my_app: Layer 12 Epoch 0 Start Memory Stats:
2026-09-09 13:01:53 [INFO] my_app: Allocated: 4241.57 MB
2026-09-09 13:01:53 [INFO] my_app: Reserved/Cached: 4834.00 MB
2026-09-09 13:01:53 [INFO] my_app: Max Allocated: 10996.90 MB
2026-09-09 13:01:53 [INFO] my_app: Max Reserved: 11654.00 MB
2026-09-09 13:02:08 [INFO] my_app: layer:[12] , lwc lac iter:[0], lr:[0.00989075] ,time:[15.659026]s, mse: [0.00033988]
2026-09-09 13:02:24 [INFO] my_app: layer:[12] , lwc lac iter:[1], lr:[0.00956777] ,time:[15.689712]s, mse: [0.00033114]
2026-09-09 13:02:40 [INFO] my_app: layer:[12] , lwc lac iter:[2], lr:[0.00904518] ,time:[15.677071]s, mse: [0.00031816]
2026-09-09 13:02:55 [INFO] my_app: layer:[12] , lwc lac iter:[3], lr:[0.00834582] ,time:[15.675732]s, mse: [0.00029984]
2026-09-09 13:03:11 [INFO] my_app: layer:[12] , lwc lac iter:[4], lr:[0.00750025] ,time:[15.710003]s, mse: [0.00027737]
2026-09-09 13:03:27 [INFO] my_app: layer:[12] , lwc lac iter:[5], lr:[0.00654543] ,time:[15.679544]s, mse: [0.00025574]
2026-09-09 13:03:42 [INFO] my_app: layer:[12] , lwc lac iter:[6], lr:[0.00552309] ,time:[15.711487]s, mse: [0.00024418]
2026-09-09 13:03:58 [INFO] my_app: layer:[12] , lwc lac iter:[7], lr:[0.00447791] ,time:[15.706156]s, mse: [0.00023809]
2026-09-09 13:04:14 [INFO] my_app: layer:[12] , lwc lac iter:[8], lr:[0.00345557] ,time:[15.696148]s, mse: [0.00023501]
2026-09-09 13:04:29 [INFO] my_app: layer:[12] , lwc lac iter:[9], lr:[0.00250075] ,time:[15.691290]s, mse: [0.00023242]
2026-09-09 13:04:45 [INFO] my_app: layer:[12] , lwc lac iter:[10], lr:[0.00165518] ,time:[15.704546]s, mse: [0.00023068]
2026-09-09 13:05:01 [INFO] my_app: layer:[12] , lwc lac iter:[11], lr:[0.00095582] ,time:[15.703470]s, mse: [0.00023003]
2026-09-09 13:05:17 [INFO] my_app: layer:[12] , lwc lac iter:[12], lr:[0.00043323] ,time:[15.731797]s, mse: [0.00022936]
2026-09-09 13:05:32 [INFO] my_app: layer:[12] , lwc lac iter:[13], lr:[0.00011025] ,time:[15.719401]s, mse: [0.00022890]
2026-09-09 13:05:48 [INFO] my_app: layer:[12] , lwc lac iter:[14], lr:[0.00000100] ,time:[15.694056]s, mse: [0.00022877]
2026-09-09 13:05:49 [INFO] my_app: saved parameters for layer 12 at /home/utn/luli38se/cv/QuantVGGT/evaluation/outputs/w4a4/a44_nosmooth_model_tracker_fixed_e20.pt_sym/qs_global_parameters_layer_12.pth
2026-09-09 13:05:49 [INFO] my_app: After global_Layer_12 Memory Stats:
2026-09-09 13:05:49 [INFO] my_app: Allocated: 4171.25 MB
2026-09-09 13:05:49 [INFO] my_app: Reserved/Cached: 4722.00 MB
2026-09-09 13:05:49 [INFO] my_app: Max Allocated: 10996.90 MB
2026-09-09 13:05:49 [INFO] my_app: Max Reserved: 11654.00 MB
2026-09-09 13:05:49 [INFO] my_app: ========= frame_Layer_13 =========
2026-09-09 13:05:49 [INFO] my_app: Before frame_Layer_13 Memory Stats:
2026-09-09 13:05:49 [INFO] my_app: Allocated: 4117.43 MB
2026-09-09 13:05:49 [INFO] my_app: Reserved/Cached: 4722.00 MB
2026-09-09 13:05:49 [INFO] my_app: Max Allocated: 10996.90 MB
2026-09-09 13:05:49 [INFO] my_app: Max Reserved: 11654.00 MB
2026-09-09 13:05:52 [INFO] my_app: Layer 13 Epoch 0 Start Memory Stats:
2026-09-09 13:05:52 [INFO] my_app: Allocated: 4117.43 MB
2026-09-09 13:05:52 [INFO] my_app: Reserved/Cached: 4722.00 MB
2026-09-09 13:05:52 [INFO] my_app: Max Allocated: 10996.90 MB
2026-09-09 13:05:52 [INFO] my_app: Max Reserved: 11654.00 MB
2026-09-09 13:06:08 [INFO] my_app: layer:[13] , lwc lac iter:[0], lr:[0.00989075] ,time:[15.664874]s, mse: [0.00044683]
2026-09-09 13:06:23 [INFO] my_app: layer:[13] , lwc lac iter:[1], lr:[0.00956777] ,time:[15.673234]s, mse: [0.00043344]
2026-09-09 13:06:39 [INFO] my_app: layer:[13] , lwc lac iter:[2], lr:[0.00904518] ,time:[15.701510]s, mse: [0.00041001]
2026-09-09 13:06:55 [INFO] my_app: layer:[13] , lwc lac iter:[3], lr:[0.00834582] ,time:[15.688796]s, mse: [0.00038075]
2026-09-09 13:07:11 [INFO] my_app: layer:[13] , lwc lac iter:[4], lr:[0.00750025] ,time:[15.727864]s, mse: [0.00034501]
2026-09-09 13:07:26 [INFO] my_app: layer:[13] , lwc lac iter:[5], lr:[0.00654543] ,time:[15.709124]s, mse: [0.00031377]
2026-09-09 13:07:42 [INFO] my_app: layer:[13] , lwc lac iter:[6], lr:[0.00552309] ,time:[15.699310]s, mse: [0.00029658]
2026-09-09 13:07:58 [INFO] my_app: layer:[13] , lwc lac iter:[7], lr:[0.00447791] ,time:[15.692243]s, mse: [0.00028905]
2026-09-09 13:08:13 [INFO] my_app: layer:[13] , lwc lac iter:[8], lr:[0.00345557] ,time:[15.714512]s, mse: [0.00028199]
2026-09-09 13:08:29 [INFO] my_app: layer:[13] , lwc lac iter:[9], lr:[0.00250075] ,time:[15.708823]s, mse: [0.00027889]
2026-09-09 13:08:45 [INFO] my_app: layer:[13] , lwc lac iter:[10], lr:[0.00165518] ,time:[15.697436]s, mse: [0.00027761]
2026-09-09 13:09:00 [INFO] my_app: layer:[13] , lwc lac iter:[11], lr:[0.00095582] ,time:[15.713456]s, mse: [0.00027751]
2026-09-09 13:09:16 [INFO] my_app: layer:[13] , lwc lac iter:[12], lr:[0.00043323] ,time:[15.701286]s, mse: [0.00027591]
2026-09-09 13:09:32 [INFO] my_app: layer:[13] , lwc lac iter:[13], lr:[0.00011025] ,time:[15.722187]s, mse: [0.00027543]
2026-09-09 13:09:48 [INFO] my_app: layer:[13] , lwc lac iter:[14], lr:[0.00000100] ,time:[15.701037]s, mse: [0.00027538]
2026-09-09 13:09:48 [INFO] my_app: saved parameters for layer 13 at /home/utn/luli38se/cv/QuantVGGT/evaluation/outputs/w4a4/a44_nosmooth_model_tracker_fixed_e20.pt_sym/qs_frame_parameters_layer_13.pth
2026-09-09 13:09:48 [INFO] my_app: After frame_Layer_13 Memory Stats:
2026-09-09 13:09:48 [INFO] my_app: Allocated: 4047.11 MB
2026-09-09 13:09:48 [INFO] my_app: Reserved/Cached: 4610.00 MB
2026-09-09 13:09:48 [INFO] my_app: Max Allocated: 10996.90 MB
2026-09-09 13:09:48 [INFO] my_app: Max Reserved: 11654.00 MB
2026-09-09 13:09:48 [INFO] my_app: ========= global_Layer_13 =========
2026-09-09 13:09:48 [INFO] my_app: Before global_Layer_13 Memory Stats:
2026-09-09 13:09:48 [INFO] my_app: Allocated: 3993.29 MB
2026-09-09 13:09:48 [INFO] my_app: Reserved/Cached: 4610.00 MB
2026-09-09 13:09:48 [INFO] my_app: Max Allocated: 10996.90 MB
2026-09-09 13:09:48 [INFO] my_app: Max Reserved: 11654.00 MB
2026-09-09 13:09:52 [INFO] my_app: Layer 13 Epoch 0 Start Memory Stats:
2026-09-09 13:09:52 [INFO] my_app: Allocated: 3993.29 MB
2026-09-09 13:09:52 [INFO] my_app: Reserved/Cached: 4610.00 MB
2026-09-09 13:09:52 [INFO] my_app: Max Allocated: 10996.90 MB
2026-09-09 13:09:52 [INFO] my_app: Max Reserved: 11654.00 MB
2026-09-09 13:10:07 [INFO] my_app: layer:[13] , lwc lac iter:[0], lr:[0.00989075] ,time:[15.670967]s, mse: [0.00075825]
2026-09-09 13:10:23 [INFO] my_app: layer:[13] , lwc lac iter:[1], lr:[0.00956777] ,time:[15.682089]s, mse: [0.00072769]
2026-09-09 13:10:39 [INFO] my_app: layer:[13] , lwc lac iter:[2], lr:[0.00904518] ,time:[15.688851]s, mse: [0.00069079]
2026-09-09 13:10:54 [INFO] my_app: layer:[13] , lwc lac iter:[3], lr:[0.00834582] ,time:[15.705693]s, mse: [0.00063925]
2026-09-09 13:11:10 [INFO] my_app: layer:[13] , lwc lac iter:[4], lr:[0.00750025] ,time:[15.718943]s, mse: [0.00057606]
2026-09-09 13:11:26 [INFO] my_app: layer:[13] , lwc lac iter:[5], lr:[0.00654543] ,time:[15.695939]s, mse: [0.00052952]
2026-09-09 13:11:41 [INFO] my_app: layer:[13] , lwc lac iter:[6], lr:[0.00552309] ,time:[15.716202]s, mse: [0.00050769]
2026-09-09 13:11:57 [INFO] my_app: layer:[13] , lwc lac iter:[7], lr:[0.00447791] ,time:[15.710591]s, mse: [0.00049633]
2026-09-09 13:12:13 [INFO] my_app: layer:[13] , lwc lac iter:[8], lr:[0.00345557] ,time:[15.732837]s, mse: [0.00049228]
2026-09-09 13:12:29 [INFO] my_app: layer:[13] , lwc lac iter:[9], lr:[0.00250075] ,time:[15.711788]s, mse: [0.00048659]
2026-09-09 13:12:44 [INFO] my_app: layer:[13] , lwc lac iter:[10], lr:[0.00165518] ,time:[15.708878]s, mse: [0.00048307]
2026-09-09 13:13:00 [INFO] my_app: layer:[13] , lwc lac iter:[11], lr:[0.00095582] ,time:[15.697149]s, mse: [0.00048337]
2026-09-09 13:13:16 [INFO] my_app: layer:[13] , lwc lac iter:[12], lr:[0.00043323] ,time:[15.697787]s, mse: [0.00048341]
2026-09-09 13:13:31 [INFO] my_app: layer:[13] , lwc lac iter:[13], lr:[0.00011025] ,time:[15.715620]s, mse: [0.00048316]
2026-09-09 13:13:47 [INFO] my_app: layer:[13] , lwc lac iter:[14], lr:[0.00000100] ,time:[15.705110]s, mse: [0.00048298]
2026-09-09 13:13:48 [INFO] my_app: saved parameters for layer 13 at /home/utn/luli38se/cv/QuantVGGT/evaluation/outputs/w4a4/a44_nosmooth_model_tracker_fixed_e20.pt_sym/qs_global_parameters_layer_13.pth
2026-09-09 13:13:48 [INFO] my_app: After global_Layer_13 Memory Stats:
2026-09-09 13:13:48 [INFO] my_app: Allocated: 3922.97 MB
2026-09-09 13:13:48 [INFO] my_app: Reserved/Cached: 4498.00 MB
2026-09-09 13:13:48 [INFO] my_app: Max Allocated: 10996.90 MB
2026-09-09 13:13:48 [INFO] my_app: Max Reserved: 11654.00 MB
2026-09-09 13:13:48 [INFO] my_app: ========= frame_Layer_14 =========
2026-09-09 13:13:48 [INFO] my_app: Before frame_Layer_14 Memory Stats:
2026-09-09 13:13:48 [INFO] my_app: Allocated: 3869.15 MB
2026-09-09 13:13:48 [INFO] my_app: Reserved/Cached: 4498.00 MB
2026-09-09 13:13:48 [INFO] my_app: Max Allocated: 10996.90 MB
2026-09-09 13:13:48 [INFO] my_app: Max Reserved: 11654.00 MB
2026-09-09 13:13:51 [INFO] my_app: Layer 14 Epoch 0 Start Memory Stats:
2026-09-09 13:13:51 [INFO] my_app: Allocated: 3869.15 MB
2026-09-09 13:13:51 [INFO] my_app: Reserved/Cached: 4498.00 MB
2026-09-09 13:13:51 [INFO] my_app: Max Allocated: 10996.90 MB
2026-09-09 13:13:51 [INFO] my_app: Max Reserved: 11654.00 MB
2026-09-09 13:14:07 [INFO] my_app: layer:[14] , lwc lac iter:[0], lr:[0.00989075] ,time:[15.670012]s, mse: [0.00046745]
2026-09-09 13:14:23 [INFO] my_app: layer:[14] , lwc lac iter:[1], lr:[0.00956777] ,time:[15.670721]s, mse: [0.00044870]
2026-09-09 13:14:38 [INFO] my_app: layer:[14] , lwc lac iter:[2], lr:[0.00904518] ,time:[15.681636]s, mse: [0.00041910]
2026-09-09 13:14:54 [INFO] my_app: layer:[14] , lwc lac iter:[3], lr:[0.00834582] ,time:[15.675822]s, mse: [0.00038946]
2026-09-09 13:15:10 [INFO] my_app: layer:[14] , lwc lac iter:[4], lr:[0.00750025] ,time:[15.700020]s, mse: [0.00035436]
2026-09-09 13:15:25 [INFO] my_app: layer:[14] , lwc lac iter:[5], lr:[0.00654543] ,time:[15.699691]s, mse: [0.00032602]
2026-09-09 13:15:41 [INFO] my_app: layer:[14] , lwc lac iter:[6], lr:[0.00552309] ,time:[15.682759]s, mse: [0.00031160]
2026-09-09 13:15:57 [INFO] my_app: layer:[14] , lwc lac iter:[7], lr:[0.00447791] ,time:[15.704364]s, mse: [0.00030542]
2026-09-09 13:16:12 [INFO] my_app: layer:[14] , lwc lac iter:[8], lr:[0.00345557] ,time:[15.682285]s, mse: [0.00030132]
2026-09-09 13:16:28 [INFO] my_app: layer:[14] , lwc lac iter:[9], lr:[0.00250075] ,time:[15.677576]s, mse: [0.00029845]
2026-09-09 13:16:44 [INFO] my_app: layer:[14] , lwc lac iter:[10], lr:[0.00165518] ,time:[15.683171]s, mse: [0.00029714]
2026-09-09 13:16:59 [INFO] my_app: layer:[14] , lwc lac iter:[11], lr:[0.00095582] ,time:[15.707248]s, mse: [0.00029526]
2026-09-09 13:17:15 [INFO] my_app: layer:[14] , lwc lac iter:[12], lr:[0.00043323] ,time:[15.677008]s, mse: [0.00029377]
2026-09-09 13:17:31 [INFO] my_app: layer:[14] , lwc lac iter:[13], lr:[0.00011025] ,time:[15.698739]s, mse: [0.00029332]
2026-09-09 13:17:47 [INFO] my_app: layer:[14] , lwc lac iter:[14], lr:[0.00000100] ,time:[15.699551]s, mse: [0.00029322]
2026-09-09 13:17:47 [INFO] my_app: saved parameters for layer 14 at /home/utn/luli38se/cv/QuantVGGT/evaluation/outputs/w4a4/a44_nosmooth_model_tracker_fixed_e20.pt_sym/qs_frame_parameters_layer_14.pth
2026-09-09 13:17:47 [INFO] my_app: After frame_Layer_14 Memory Stats:
2026-09-09 13:17:47 [INFO] my_app: Allocated: 3798.83 MB
2026-09-09 13:17:47 [INFO] my_app: Reserved/Cached: 4386.00 MB
2026-09-09 13:17:47 [INFO] my_app: Max Allocated: 10996.90 MB
2026-09-09 13:17:47 [INFO] my_app: Max Reserved: 11654.00 MB
2026-09-09 13:17:47 [INFO] my_app: ========= global_Layer_14 =========
2026-09-09 13:17:47 [INFO] my_app: Before global_Layer_14 Memory Stats:
2026-09-09 13:17:47 [INFO] my_app: Allocated: 3745.01 MB
2026-09-09 13:17:47 [INFO] my_app: Reserved/Cached: 4386.00 MB
2026-09-09 13:17:47 [INFO] my_app: Max Allocated: 10996.90 MB
2026-09-09 13:17:47 [INFO] my_app: Max Reserved: 11654.00 MB
2026-09-09 13:17:51 [INFO] my_app: Layer 14 Epoch 0 Start Memory Stats:
2026-09-09 13:17:51 [INFO] my_app: Allocated: 3745.01 MB
2026-09-09 13:17:51 [INFO] my_app: Reserved/Cached: 4386.00 MB
2026-09-09 13:17:51 [INFO] my_app: Max Allocated: 10996.90 MB
2026-09-09 13:17:51 [INFO] my_app: Max Reserved: 11654.00 MB
2026-09-09 13:18:06 [INFO] my_app: layer:[14] , lwc lac iter:[0], lr:[0.00989075] ,time:[15.627396]s, mse: [0.00131059]
2026-09-09 13:18:22 [INFO] my_app: layer:[14] , lwc lac iter:[1], lr:[0.00956777] ,time:[15.618685]s, mse: [0.00126253]
2026-09-09 13:18:37 [INFO] my_app: layer:[14] , lwc lac iter:[2], lr:[0.00904518] ,time:[15.658209]s, mse: [0.00119422]
2026-09-09 13:18:53 [INFO] my_app: layer:[14] , lwc lac iter:[3], lr:[0.00834582] ,time:[15.660970]s, mse: [0.00108769]
2026-09-09 13:19:09 [INFO] my_app: layer:[14] , lwc lac iter:[4], lr:[0.00750025] ,time:[15.658738]s, mse: [0.00097767]
2026-09-09 13:19:24 [INFO] my_app: layer:[14] , lwc lac iter:[5], lr:[0.00654543] ,time:[15.648849]s, mse: [0.00089676]
2026-09-09 13:19:40 [INFO] my_app: layer:[14] , lwc lac iter:[6], lr:[0.00552309] ,time:[15.662829]s, mse: [0.00086106]
2026-09-09 13:19:56 [INFO] my_app: layer:[14] , lwc lac iter:[7], lr:[0.00447791] ,time:[15.686830]s, mse: [0.00084568]
2026-09-09 13:20:11 [INFO] my_app: layer:[14] , lwc lac iter:[8], lr:[0.00345557] ,time:[15.676506]s, mse: [0.00083459]
2026-09-09 13:20:27 [INFO] my_app: layer:[14] , lwc lac iter:[9], lr:[0.00250075] ,time:[15.667602]s, mse: [0.00082446]
2026-09-09 13:20:43 [INFO] my_app: layer:[14] , lwc lac iter:[10], lr:[0.00165518] ,time:[15.692806]s, mse: [0.00081826]
2026-09-09 13:20:59 [INFO] my_app: layer:[14] , lwc lac iter:[11], lr:[0.00095582] ,time:[15.674984]s, mse: [0.00081614]
2026-09-09 13:21:14 [INFO] my_app: layer:[14] , lwc lac iter:[12], lr:[0.00043323] ,time:[15.672869]s, mse: [0.00081525]
2026-09-09 13:21:30 [INFO] my_app: layer:[14] , lwc lac iter:[13], lr:[0.00011025] ,time:[15.667451]s, mse: [0.00081555]
2026-09-09 13:21:46 [INFO] my_app: layer:[14] , lwc lac iter:[14], lr:[0.00000100] ,time:[15.672416]s, mse: [0.00081485]
2026-09-09 13:21:46 [INFO] my_app: saved parameters for layer 14 at /home/utn/luli38se/cv/QuantVGGT/evaluation/outputs/w4a4/a44_nosmooth_model_tracker_fixed_e20.pt_sym/qs_global_parameters_layer_14.pth
2026-09-09 13:21:46 [INFO] my_app: After global_Layer_14 Memory Stats:
2026-09-09 13:21:46 [INFO] my_app: Allocated: 3674.69 MB
2026-09-09 13:21:46 [INFO] my_app: Reserved/Cached: 4274.00 MB
2026-09-09 13:21:46 [INFO] my_app: Max Allocated: 10996.90 MB
2026-09-09 13:21:46 [INFO] my_app: Max Reserved: 11654.00 MB
2026-09-09 13:21:46 [INFO] my_app: ========= frame_Layer_15 =========
2026-09-09 13:21:46 [INFO] my_app: Before frame_Layer_15 Memory Stats:
2026-09-09 13:21:46 [INFO] my_app: Allocated: 3620.87 MB
2026-09-09 13:21:46 [INFO] my_app: Reserved/Cached: 4274.00 MB
2026-09-09 13:21:46 [INFO] my_app: Max Allocated: 10996.90 MB
2026-09-09 13:21:46 [INFO] my_app: Max Reserved: 11654.00 MB
2026-09-09 13:21:50 [INFO] my_app: Layer 15 Epoch 0 Start Memory Stats:
2026-09-09 13:21:50 [INFO] my_app: Allocated: 3620.87 MB
2026-09-09 13:21:50 [INFO] my_app: Reserved/Cached: 4274.00 MB
2026-09-09 13:21:50 [INFO] my_app: Max Allocated: 10996.90 MB
2026-09-09 13:21:50 [INFO] my_app: Max Reserved: 11654.00 MB
2026-09-09 13:22:05 [INFO] my_app: layer:[15] , lwc lac iter:[0], lr:[0.00989075] ,time:[15.596920]s, mse: [0.00086151]
2026-09-09 13:22:21 [INFO] my_app: layer:[15] , lwc lac iter:[1], lr:[0.00956777] ,time:[15.623153]s, mse: [0.00083290]
2026-09-09 13:22:36 [INFO] my_app: layer:[15] , lwc lac iter:[2], lr:[0.00904518] ,time:[15.625600]s, mse: [0.00077810]
2026-09-09 13:22:52 [INFO] my_app: layer:[15] , lwc lac iter:[3], lr:[0.00834582] ,time:[15.627236]s, mse: [0.00072338]
2026-09-09 13:23:08 [INFO] my_app: layer:[15] , lwc lac iter:[4], lr:[0.00750025] ,time:[15.631635]s, mse: [0.00065014]
2026-09-09 13:23:23 [INFO] my_app: layer:[15] , lwc lac iter:[5], lr:[0.00654543] ,time:[15.674551]s, mse: [0.00059557]
2026-09-09 13:23:39 [INFO] my_app: layer:[15] , lwc lac iter:[6], lr:[0.00552309] ,time:[15.659665]s, mse: [0.00056112]
2026-09-09 13:23:55 [INFO] my_app: layer:[15] , lwc lac iter:[7], lr:[0.00447791] ,time:[15.639739]s, mse: [0.00054739]
2026-09-09 13:24:10 [INFO] my_app: layer:[15] , lwc lac iter:[8], lr:[0.00345557] ,time:[15.650055]s, mse: [0.00054179]
2026-09-09 13:24:26 [INFO] my_app: layer:[15] , lwc lac iter:[9], lr:[0.00250075] ,time:[15.626349]s, mse: [0.00054200]
2026-09-09 13:24:42 [INFO] my_app: layer:[15] , lwc lac iter:[10], lr:[0.00165518] ,time:[15.640657]s, mse: [0.00054084]
2026-09-09 13:24:57 [INFO] my_app: layer:[15] , lwc lac iter:[11], lr:[0.00095582] ,time:[15.631484]s, mse: [0.00053584]
2026-09-09 13:25:13 [INFO] my_app: layer:[15] , lwc lac iter:[12], lr:[0.00043323] ,time:[15.629707]s, mse: [0.00053490]
2026-09-09 13:25:28 [INFO] my_app: layer:[15] , lwc lac iter:[13], lr:[0.00011025] ,time:[15.631025]s, mse: [0.00053403]
2026-09-09 13:25:44 [INFO] my_app: layer:[15] , lwc lac iter:[14], lr:[0.00000100] ,time:[15.664916]s, mse: [0.00053415]
2026-09-09 13:25:45 [INFO] my_app: saved parameters for layer 15 at /home/utn/luli38se/cv/QuantVGGT/evaluation/outputs/w4a4/a44_nosmooth_model_tracker_fixed_e20.pt_sym/qs_frame_parameters_layer_15.pth
2026-09-09 13:25:45 [INFO] my_app: After frame_Layer_15 Memory Stats:
2026-09-09 13:25:45 [INFO] my_app: Allocated: 3550.55 MB
2026-09-09 13:25:45 [INFO] my_app: Reserved/Cached: 4162.00 MB
2026-09-09 13:25:45 [INFO] my_app: Max Allocated: 10996.90 MB
2026-09-09 13:25:45 [INFO] my_app: Max Reserved: 11654.00 MB
2026-09-09 13:25:45 [INFO] my_app: ========= global_Layer_15 =========
2026-09-09 13:25:45 [INFO] my_app: Before global_Layer_15 Memory Stats:
2026-09-09 13:25:45 [INFO] my_app: Allocated: 3496.73 MB
2026-09-09 13:25:45 [INFO] my_app: Reserved/Cached: 4162.00 MB
2026-09-09 13:25:45 [INFO] my_app: Max Allocated: 10996.90 MB
2026-09-09 13:25:45 [INFO] my_app: Max Reserved: 11654.00 MB
2026-09-09 13:25:48 [INFO] my_app: Layer 15 Epoch 0 Start Memory Stats:
2026-09-09 13:25:48 [INFO] my_app: Allocated: 3496.73 MB
2026-09-09 13:25:48 [INFO] my_app: Reserved/Cached: 4162.00 MB
2026-09-09 13:25:48 [INFO] my_app: Max Allocated: 10996.90 MB
2026-09-09 13:25:48 [INFO] my_app: Max Reserved: 11654.00 MB
2026-09-09 13:26:04 [INFO] my_app: layer:[15] , lwc lac iter:[0], lr:[0.00989075] ,time:[15.596233]s, mse: [0.00106144]
2026-09-09 13:26:19 [INFO] my_app: layer:[15] , lwc lac iter:[1], lr:[0.00956777] ,time:[15.588867]s, mse: [0.00103163]
2026-09-09 13:26:35 [INFO] my_app: layer:[15] , lwc lac iter:[2], lr:[0.00904518] ,time:[15.608563]s, mse: [0.00098296]
2026-09-09 13:26:51 [INFO] my_app: layer:[15] , lwc lac iter:[3], lr:[0.00834582] ,time:[15.616680]s, mse: [0.00090915]
2026-09-09 13:27:06 [INFO] my_app: layer:[15] , lwc lac iter:[4], lr:[0.00750025] ,time:[15.627391]s, mse: [0.00082449]
2026-09-09 13:27:22 [INFO] my_app: layer:[15] , lwc lac iter:[5], lr:[0.00654543] ,time:[15.648739]s, mse: [0.00075367]
2026-09-09 13:27:37 [INFO] my_app: layer:[15] , lwc lac iter:[6], lr:[0.00552309] ,time:[15.613849]s, mse: [0.00071788]
2026-09-09 13:27:53 [INFO] my_app: layer:[15] , lwc lac iter:[7], lr:[0.00447791] ,time:[15.629906]s, mse: [0.00069680]
2026-09-09 13:28:09 [INFO] my_app: layer:[15] , lwc lac iter:[8], lr:[0.00345557] ,time:[15.649157]s, mse: [0.00068809]
2026-09-09 13:28:24 [INFO] my_app: layer:[15] , lwc lac iter:[9], lr:[0.00250075] ,time:[15.642883]s, mse: [0.00068107]
2026-09-09 13:28:40 [INFO] my_app: layer:[15] , lwc lac iter:[10], lr:[0.00165518] ,time:[15.624041]s, mse: [0.00067437]
2026-09-09 13:28:56 [INFO] my_app: layer:[15] , lwc lac iter:[11], lr:[0.00095582] ,time:[15.608775]s, mse: [0.00067195]
2026-09-09 13:29:11 [INFO] my_app: layer:[15] , lwc lac iter:[12], lr:[0.00043323] ,time:[15.631937]s, mse: [0.00066939]
2026-09-09 13:29:27 [INFO] my_app: layer:[15] , lwc lac iter:[13], lr:[0.00011025] ,time:[15.651635]s, mse: [0.00066852]
2026-09-09 13:29:43 [INFO] my_app: layer:[15] , lwc lac iter:[14], lr:[0.00000100] ,time:[15.615067]s, mse: [0.00066796]
2026-09-09 13:29:43 [INFO] my_app: saved parameters for layer 15 at /home/utn/luli38se/cv/QuantVGGT/evaluation/outputs/w4a4/a44_nosmooth_model_tracker_fixed_e20.pt_sym/qs_global_parameters_layer_15.pth
2026-09-09 13:29:43 [INFO] my_app: After global_Layer_15 Memory Stats:
2026-09-09 13:29:43 [INFO] my_app: Allocated: 3426.41 MB
2026-09-09 13:29:43 [INFO] my_app: Reserved/Cached: 3986.00 MB
2026-09-09 13:29:43 [INFO] my_app: Max Allocated: 10996.90 MB
2026-09-09 13:29:43 [INFO] my_app: Max Reserved: 11654.00 MB
2026-09-09 13:29:43 [INFO] my_app: ========= frame_Layer_16 =========
2026-09-09 13:29:43 [INFO] my_app: Before frame_Layer_16 Memory Stats:
2026-09-09 13:29:43 [INFO] my_app: Allocated: 3372.59 MB
2026-09-09 13:29:43 [INFO] my_app: Reserved/Cached: 3986.00 MB
2026-09-09 13:29:43 [INFO] my_app: Max Allocated: 10996.90 MB
2026-09-09 13:29:43 [INFO] my_app: Max Reserved: 11654.00 MB
2026-09-09 13:29:47 [INFO] my_app: Layer 16 Epoch 0 Start Memory Stats:
2026-09-09 13:29:47 [INFO] my_app: Allocated: 3372.59 MB
2026-09-09 13:29:47 [INFO] my_app: Reserved/Cached: 3986.00 MB
2026-09-09 13:29:47 [INFO] my_app: Max Allocated: 10996.90 MB
2026-09-09 13:29:47 [INFO] my_app: Max Reserved: 11654.00 MB
2026-09-09 13:30:02 [INFO] my_app: layer:[16] , lwc lac iter:[0], lr:[0.00989075] ,time:[15.640435]s, mse: [0.00080291]
2026-09-09 13:30:18 [INFO] my_app: layer:[16] , lwc lac iter:[1], lr:[0.00956777] ,time:[15.663847]s, mse: [0.00077486]
2026-09-09 13:30:34 [INFO] my_app: layer:[16] , lwc lac iter:[2], lr:[0.00904518] ,time:[15.664251]s, mse: [0.00073668]
2026-09-09 13:30:49 [INFO] my_app: layer:[16] , lwc lac iter:[3], lr:[0.00834582] ,time:[15.661967]s, mse: [0.00068094]
2026-09-09 13:31:05 [INFO] my_app: layer:[16] , lwc lac iter:[4], lr:[0.00750025] ,time:[15.665699]s, mse: [0.00061489]
2026-09-09 13:31:21 [INFO] my_app: layer:[16] , lwc lac iter:[5], lr:[0.00654543] ,time:[15.680796]s, mse: [0.00055559]
2026-09-09 13:31:36 [INFO] my_app: layer:[16] , lwc lac iter:[6], lr:[0.00552309] ,time:[15.674008]s, mse: [0.00051964]
2026-09-09 13:31:52 [INFO] my_app: layer:[16] , lwc lac iter:[7], lr:[0.00447791] ,time:[15.673239]s, mse: [0.00050471]
2026-09-09 13:32:08 [INFO] my_app: layer:[16] , lwc lac iter:[8], lr:[0.00345557] ,time:[15.683701]s, mse: [0.00050382]
2026-09-09 13:32:23 [INFO] my_app: layer:[16] , lwc lac iter:[9], lr:[0.00250075] ,time:[15.662211]s, mse: [0.00049881]
2026-09-09 13:32:39 [INFO] my_app: layer:[16] , lwc lac iter:[10], lr:[0.00165518] ,time:[15.682734]s, mse: [0.00049544]
2026-09-09 13:32:55 [INFO] my_app: layer:[16] , lwc lac iter:[11], lr:[0.00095582] ,time:[15.680509]s, mse: [0.00049449]
2026-09-09 13:33:10 [INFO] my_app: layer:[16] , lwc lac iter:[12], lr:[0.00043323] ,time:[15.675119]s, mse: [0.00049288]
2026-09-09 13:33:26 [INFO] my_app: layer:[16] , lwc lac iter:[13], lr:[0.00011025] ,time:[15.666617]s, mse: [0.00049149]
2026-09-09 13:33:42 [INFO] my_app: layer:[16] , lwc lac iter:[14], lr:[0.00000100] ,time:[15.659800]s, mse: [0.00049168]
2026-09-09 13:33:42 [INFO] my_app: saved parameters for layer 16 at /home/utn/luli38se/cv/QuantVGGT/evaluation/outputs/w4a4/a44_nosmooth_model_tracker_fixed_e20.pt_sym/qs_frame_parameters_layer_16.pth
2026-09-09 13:33:42 [INFO] my_app: After frame_Layer_16 Memory Stats:
2026-09-09 13:33:42 [INFO] my_app: Allocated: 3302.27 MB
2026-09-09 13:33:42 [INFO] my_app: Reserved/Cached: 3874.00 MB
2026-09-09 13:33:42 [INFO] my_app: Max Allocated: 10996.90 MB
2026-09-09 13:33:42 [INFO] my_app: Max Reserved: 11654.00 MB
2026-09-09 13:33:42 [INFO] my_app: ========= global_Layer_16 =========
2026-09-09 13:33:42 [INFO] my_app: Before global_Layer_16 Memory Stats:
2026-09-09 13:33:42 [INFO] my_app: Allocated: 3248.45 MB
2026-09-09 13:33:42 [INFO] my_app: Reserved/Cached: 3874.00 MB
2026-09-09 13:33:42 [INFO] my_app: Max Allocated: 10996.90 MB
2026-09-09 13:33:42 [INFO] my_app: Max Reserved: 11654.00 MB
2026-09-09 13:33:46 [INFO] my_app: Layer 16 Epoch 0 Start Memory Stats:
2026-09-09 13:33:46 [INFO] my_app: Allocated: 3248.45 MB
2026-09-09 13:33:46 [INFO] my_app: Reserved/Cached: 3874.00 MB
2026-09-09 13:33:46 [INFO] my_app: Max Allocated: 10996.90 MB
2026-09-09 13:33:46 [INFO] my_app: Max Reserved: 11654.00 MB
2026-09-09 13:34:01 [INFO] my_app: layer:[16] , lwc lac iter:[0], lr:[0.00989075] ,time:[15.652393]s, mse: [0.00106011]
2026-09-09 13:34:17 [INFO] my_app: layer:[16] , lwc lac iter:[1], lr:[0.00956777] ,time:[15.691355]s, mse: [0.00101676]
2026-09-09 13:34:33 [INFO] my_app: layer:[16] , lwc lac iter:[2], lr:[0.00904518] ,time:[15.674488]s, mse: [0.00097728]
2026-09-09 13:34:48 [INFO] my_app: layer:[16] , lwc lac iter:[3], lr:[0.00834582] ,time:[15.677585]s, mse: [0.00091824]
2026-09-09 13:35:04 [INFO] my_app: layer:[16] , lwc lac iter:[4], lr:[0.00750025] ,time:[15.671062]s, mse: [0.00083274]
2026-09-09 13:35:20 [INFO] my_app: layer:[16] , lwc lac iter:[5], lr:[0.00654543] ,time:[15.707510]s, mse: [0.00075388]
2026-09-09 13:35:35 [INFO] my_app: layer:[16] , lwc lac iter:[6], lr:[0.00552309] ,time:[15.695871]s, mse: [0.00070791]
2026-09-09 13:35:51 [INFO] my_app: layer:[16] , lwc lac iter:[7], lr:[0.00447791] ,time:[15.704279]s, mse: [0.00068412]
2026-09-09 13:36:07 [INFO] my_app: layer:[16] , lwc lac iter:[8], lr:[0.00345557] ,time:[15.686614]s, mse: [0.00066827]
2026-09-09 13:36:22 [INFO] my_app: layer:[16] , lwc lac iter:[9], lr:[0.00250075] ,time:[15.675268]s, mse: [0.00066021]
2026-09-09 13:36:38 [INFO] my_app: layer:[16] , lwc lac iter:[10], lr:[0.00165518] ,time:[15.677121]s, mse: [0.00065499]
2026-09-09 13:36:54 [INFO] my_app: layer:[16] , lwc lac iter:[11], lr:[0.00095582] ,time:[15.663292]s, mse: [0.00065267]
2026-09-09 13:37:10 [INFO] my_app: layer:[16] , lwc lac iter:[12], lr:[0.00043323] ,time:[15.684947]s, mse: [0.00065117]
2026-09-09 13:37:25 [INFO] my_app: layer:[16] , lwc lac iter:[13], lr:[0.00011025] ,time:[15.675334]s, mse: [0.00065028]
2026-09-09 13:37:41 [INFO] my_app: layer:[16] , lwc lac iter:[14], lr:[0.00000100] ,time:[15.674706]s, mse: [0.00064987]
2026-09-09 13:37:42 [INFO] my_app: saved parameters for layer 16 at /home/utn/luli38se/cv/QuantVGGT/evaluation/outputs/w4a4/a44_nosmooth_model_tracker_fixed_e20.pt_sym/qs_global_parameters_layer_16.pth
2026-09-09 13:37:42 [INFO] my_app: After global_Layer_16 Memory Stats:
2026-09-09 13:37:42 [INFO] my_app: Allocated: 3178.13 MB
2026-09-09 13:37:42 [INFO] my_app: Reserved/Cached: 3762.00 MB
2026-09-09 13:37:42 [INFO] my_app: Max Allocated: 10996.90 MB
2026-09-09 13:37:42 [INFO] my_app: Max Reserved: 11654.00 MB
2026-09-09 13:37:42 [INFO] my_app: ========= frame_Layer_17 =========
2026-09-09 13:37:42 [INFO] my_app: Before frame_Layer_17 Memory Stats:
2026-09-09 13:37:42 [INFO] my_app: Allocated: 3124.31 MB
2026-09-09 13:37:42 [INFO] my_app: Reserved/Cached: 3762.00 MB
2026-09-09 13:37:42 [INFO] my_app: Max Allocated: 10996.90 MB
2026-09-09 13:37:42 [INFO] my_app: Max Reserved: 11654.00 MB
2026-09-09 13:37:45 [INFO] my_app: Layer 17 Epoch 0 Start Memory Stats:
2026-09-09 13:37:45 [INFO] my_app: Allocated: 3124.31 MB
2026-09-09 13:37:45 [INFO] my_app: Reserved/Cached: 3762.00 MB
2026-09-09 13:37:45 [INFO] my_app: Max Allocated: 10996.90 MB
2026-09-09 13:37:45 [INFO] my_app: Max Reserved: 11654.00 MB
2026-09-09 13:38:01 [INFO] my_app: layer:[17] , lwc lac iter:[0], lr:[0.00989075] ,time:[15.634202]s, mse: [0.00079232]
2026-09-09 13:38:16 [INFO] my_app: layer:[17] , lwc lac iter:[1], lr:[0.00956777] ,time:[15.660667]s, mse: [0.00076352]
2026-09-09 13:38:32 [INFO] my_app: layer:[17] , lwc lac iter:[2], lr:[0.00904518] ,time:[15.654342]s, mse: [0.00072196]
2026-09-09 13:38:48 [INFO] my_app: layer:[17] , lwc lac iter:[3], lr:[0.00834582] ,time:[15.670233]s, mse: [0.00067606]
2026-09-09 13:39:03 [INFO] my_app: layer:[17] , lwc lac iter:[4], lr:[0.00750025] ,time:[15.676818]s, mse: [0.00061856]
2026-09-09 13:39:19 [INFO] my_app: layer:[17] , lwc lac iter:[5], lr:[0.00654543] ,time:[15.682750]s, mse: [0.00056361]
2026-09-09 13:39:35 [INFO] my_app: layer:[17] , lwc lac iter:[6], lr:[0.00552309] ,time:[15.681503]s, mse: [0.00052413]
2026-09-09 13:39:50 [INFO] my_app: layer:[17] , lwc lac iter:[7], lr:[0.00447791] ,time:[15.678058]s, mse: [0.00050654]
2026-09-09 13:40:06 [INFO] my_app: layer:[17] , lwc lac iter:[8], lr:[0.00345557] ,time:[15.676275]s, mse: [0.00050025]
2026-09-09 13:40:22 [INFO] my_app: layer:[17] , lwc lac iter:[9], lr:[0.00250075] ,time:[15.690654]s, mse: [0.00049958]
2026-09-09 13:40:37 [INFO] my_app: layer:[17] , lwc lac iter:[10], lr:[0.00165518] ,time:[15.665890]s, mse: [0.00049622]
2026-09-09 13:40:53 [INFO] my_app: layer:[17] , lwc lac iter:[11], lr:[0.00095582] ,time:[15.673199]s, mse: [0.00049412]
2026-09-09 13:41:09 [INFO] my_app: layer:[17] , lwc lac iter:[12], lr:[0.00043323] ,time:[15.675904]s, mse: [0.00049184]
2026-09-09 13:41:24 [INFO] my_app: layer:[17] , lwc lac iter:[13], lr:[0.00011025] ,time:[15.675005]s, mse: [0.00049100]
2026-09-09 13:41:40 [INFO] my_app: layer:[17] , lwc lac iter:[14], lr:[0.00000100] ,time:[15.673892]s, mse: [0.00049105]
2026-09-09 13:41:41 [INFO] my_app: saved parameters for layer 17 at /home/utn/luli38se/cv/QuantVGGT/evaluation/outputs/w4a4/a44_nosmooth_model_tracker_fixed_e20.pt_sym/qs_frame_parameters_layer_17.pth
2026-09-09 13:41:41 [INFO] my_app: After frame_Layer_17 Memory Stats:
2026-09-09 13:41:41 [INFO] my_app: Allocated: 3053.99 MB
2026-09-09 13:41:41 [INFO] my_app: Reserved/Cached: 3522.00 MB
2026-09-09 13:41:41 [INFO] my_app: Max Allocated: 10996.90 MB
2026-09-09 13:41:41 [INFO] my_app: Max Reserved: 11654.00 MB
2026-09-09 13:41:41 [INFO] my_app: ========= global_Layer_17 =========
2026-09-09 13:41:41 [INFO] my_app: Before global_Layer_17 Memory Stats:
2026-09-09 13:41:41 [INFO] my_app: Allocated: 3000.17 MB
2026-09-09 13:41:41 [INFO] my_app: Reserved/Cached: 3522.00 MB
2026-09-09 13:41:41 [INFO] my_app: Max Allocated: 10996.90 MB
2026-09-09 13:41:41 [INFO] my_app: Max Reserved: 11654.00 MB
2026-09-09 13:41:44 [INFO] my_app: Layer 17 Epoch 0 Start Memory Stats:
2026-09-09 13:41:44 [INFO] my_app: Allocated: 3000.17 MB
2026-09-09 13:41:44 [INFO] my_app: Reserved/Cached: 3522.00 MB
2026-09-09 13:41:44 [INFO] my_app: Max Allocated: 10996.90 MB
2026-09-09 13:41:44 [INFO] my_app: Max Reserved: 11654.00 MB
2026-09-09 13:42:00 [INFO] my_app: layer:[17] , lwc lac iter:[0], lr:[0.00989075] ,time:[15.713022]s, mse: [0.00079743]
2026-09-09 13:42:15 [INFO] my_app: layer:[17] , lwc lac iter:[1], lr:[0.00956777] ,time:[15.741955]s, mse: [0.00077606]
2026-09-09 13:42:31 [INFO] my_app: layer:[17] , lwc lac iter:[2], lr:[0.00904518] ,time:[15.716145]s, mse: [0.00073971]
2026-09-09 13:42:47 [INFO] my_app: layer:[17] , lwc lac iter:[3], lr:[0.00834582] ,time:[15.739470]s, mse: [0.00068422]
2026-09-09 13:43:03 [INFO] my_app: layer:[17] , lwc lac iter:[4], lr:[0.00750025] ,time:[15.725016]s, mse: [0.00062123]
2026-09-09 13:43:18 [INFO] my_app: layer:[17] , lwc lac iter:[5], lr:[0.00654543] ,time:[15.730714]s, mse: [0.00056997]
2026-09-09 13:43:34 [INFO] my_app: layer:[17] , lwc lac iter:[6], lr:[0.00552309] ,time:[15.744624]s, mse: [0.00053639]
2026-09-09 13:43:50 [INFO] my_app: layer:[17] , lwc lac iter:[7], lr:[0.00447791] ,time:[15.729757]s, mse: [0.00050959]
2026-09-09 13:44:06 [INFO] my_app: layer:[17] , lwc lac iter:[8], lr:[0.00345557] ,time:[15.732032]s, mse: [0.00050255]
2026-09-09 13:44:21 [INFO] my_app: layer:[17] , lwc lac iter:[9], lr:[0.00250075] ,time:[15.771198]s, mse: [0.00049990]
2026-09-09 13:44:37 [INFO] my_app: layer:[17] , lwc lac iter:[10], lr:[0.00165518] ,time:[15.754391]s, mse: [0.00049893]
2026-09-09 13:44:53 [INFO] my_app: layer:[17] , lwc lac iter:[11], lr:[0.00095582] ,time:[15.750512]s, mse: [0.00049515]
2026-09-09 13:45:09 [INFO] my_app: layer:[17] , lwc lac iter:[12], lr:[0.00043323] ,time:[15.751317]s, mse: [0.00049319]
2026-09-09 13:45:24 [INFO] my_app: layer:[17] , lwc lac iter:[13], lr:[0.00011025] ,time:[15.727113]s, mse: [0.00049350]
2026-09-09 13:45:40 [INFO] my_app: layer:[17] , lwc lac iter:[14], lr:[0.00000100] ,time:[15.743235]s, mse: [0.00049358]
2026-09-09 13:45:41 [INFO] my_app: saved parameters for layer 17 at /home/utn/luli38se/cv/QuantVGGT/evaluation/outputs/w4a4/a44_nosmooth_model_tracker_fixed_e20.pt_sym/qs_global_parameters_layer_17.pth
2026-09-09 13:45:41 [INFO] my_app: After global_Layer_17 Memory Stats:
2026-09-09 13:45:41 [INFO] my_app: Allocated: 2929.85 MB
2026-09-09 13:45:41 [INFO] my_app: Reserved/Cached: 3410.00 MB
2026-09-09 13:45:41 [INFO] my_app: Max Allocated: 10996.90 MB
2026-09-09 13:45:41 [INFO] my_app: Max Reserved: 11654.00 MB
2026-09-09 13:45:41 [INFO] my_app: ========= frame_Layer_18 =========
2026-09-09 13:45:41 [INFO] my_app: Before frame_Layer_18 Memory Stats:
2026-09-09 13:45:41 [INFO] my_app: Allocated: 2876.03 MB
2026-09-09 13:45:41 [INFO] my_app: Reserved/Cached: 3410.00 MB
2026-09-09 13:45:41 [INFO] my_app: Max Allocated: 10996.90 MB
2026-09-09 13:45:41 [INFO] my_app: Max Reserved: 11654.00 MB
2026-09-09 13:45:44 [INFO] my_app: Layer 18 Epoch 0 Start Memory Stats:
2026-09-09 13:45:44 [INFO] my_app: Allocated: 2876.03 MB
2026-09-09 13:45:44 [INFO] my_app: Reserved/Cached: 3410.00 MB
2026-09-09 13:45:44 [INFO] my_app: Max Allocated: 10996.90 MB
2026-09-09 13:45:44 [INFO] my_app: Max Reserved: 11654.00 MB
2026-09-09 13:46:00 [INFO] my_app: layer:[18] , lwc lac iter:[0], lr:[0.00989075] ,time:[15.664345]s, mse: [0.00030927]
2026-09-09 13:46:16 [INFO] my_app: layer:[18] , lwc lac iter:[1], lr:[0.00956777] ,time:[15.713134]s, mse: [0.00030384]
2026-09-09 13:46:31 [INFO] my_app: layer:[18] , lwc lac iter:[2], lr:[0.00904518] ,time:[15.686019]s, mse: [0.00028689]
2026-09-09 13:46:47 [INFO] my_app: layer:[18] , lwc lac iter:[3], lr:[0.00834582] ,time:[15.719384]s, mse: [0.00026702]
2026-09-09 13:47:03 [INFO] my_app: layer:[18] , lwc lac iter:[4], lr:[0.00750025] ,time:[15.688754]s, mse: [0.00025071]
2026-09-09 13:47:18 [INFO] my_app: layer:[18] , lwc lac iter:[5], lr:[0.00654543] ,time:[15.734897]s, mse: [0.00023864]
2026-09-09 13:47:34 [INFO] my_app: layer:[18] , lwc lac iter:[6], lr:[0.00552309] ,time:[15.700277]s, mse: [0.00023003]
2026-09-09 13:47:50 [INFO] my_app: layer:[18] , lwc lac iter:[7], lr:[0.00447791] ,time:[15.717755]s, mse: [0.00022322]
2026-09-09 13:48:06 [INFO] my_app: layer:[18] , lwc lac iter:[8], lr:[0.00345557] ,time:[15.713332]s, mse: [0.00021950]
2026-09-09 13:48:21 [INFO] my_app: layer:[18] , lwc lac iter:[9], lr:[0.00250075] ,time:[15.720463]s, mse: [0.00021633]
2026-09-09 13:48:37 [INFO] my_app: layer:[18] , lwc lac iter:[10], lr:[0.00165518] ,time:[15.710520]s, mse: [0.00021280]
2026-09-09 13:48:53 [INFO] my_app: layer:[18] , lwc lac iter:[11], lr:[0.00095582] ,time:[15.723845]s, mse: [0.00021159]
2026-09-09 13:49:08 [INFO] my_app: layer:[18] , lwc lac iter:[12], lr:[0.00043323] ,time:[15.722564]s, mse: [0.00021062]
2026-09-09 13:49:24 [INFO] my_app: layer:[18] , lwc lac iter:[13], lr:[0.00011025] ,time:[15.705565]s, mse: [0.00021004]
2026-09-09 13:49:40 [INFO] my_app: layer:[18] , lwc lac iter:[14], lr:[0.00000100] ,time:[15.708214]s, mse: [0.00020983]
2026-09-09 13:49:41 [INFO] my_app: saved parameters for layer 18 at /home/utn/luli38se/cv/QuantVGGT/evaluation/outputs/w4a4/a44_nosmooth_model_tracker_fixed_e20.pt_sym/qs_frame_parameters_layer_18.pth
2026-09-09 13:49:41 [INFO] my_app: After frame_Layer_18 Memory Stats:
2026-09-09 13:49:41 [INFO] my_app: Allocated: 2805.71 MB
2026-09-09 13:49:41 [INFO] my_app: Reserved/Cached: 3362.00 MB
2026-09-09 13:49:41 [INFO] my_app: Max Allocated: 10996.90 MB
2026-09-09 13:49:41 [INFO] my_app: Max Reserved: 11654.00 MB
2026-09-09 13:49:41 [INFO] my_app: ========= global_Layer_18 =========
2026-09-09 13:49:41 [INFO] my_app: Before global_Layer_18 Memory Stats:
2026-09-09 13:49:41 [INFO] my_app: Allocated: 2751.89 MB
2026-09-09 13:49:41 [INFO] my_app: Reserved/Cached: 3362.00 MB
2026-09-09 13:49:41 [INFO] my_app: Max Allocated: 10996.90 MB
2026-09-09 13:49:41 [INFO] my_app: Max Reserved: 11654.00 MB
2026-09-09 13:49:44 [INFO] my_app: Layer 18 Epoch 0 Start Memory Stats:
2026-09-09 13:49:44 [INFO] my_app: Allocated: 2751.89 MB
2026-09-09 13:49:44 [INFO] my_app: Reserved/Cached: 3362.00 MB
2026-09-09 13:49:44 [INFO] my_app: Max Allocated: 10996.90 MB
2026-09-09 13:49:44 [INFO] my_app: Max Reserved: 11654.00 MB
2026-09-09 13:49:59 [INFO] my_app: layer:[18] , lwc lac iter:[0], lr:[0.00989075] ,time:[15.609320]s, mse: [0.00026742]
2026-09-09 13:50:15 [INFO] my_app: layer:[18] , lwc lac iter:[1], lr:[0.00956777] ,time:[15.667160]s, mse: [0.00020057]
2026-09-09 13:50:31 [INFO] my_app: layer:[18] , lwc lac iter:[2], lr:[0.00904518] ,time:[15.647338]s, mse: [0.00018066]
2026-09-09 13:50:46 [INFO] my_app: layer:[18] , lwc lac iter:[3], lr:[0.00834582] ,time:[15.649080]s, mse: [0.00016777]
2026-09-09 13:51:02 [INFO] my_app: layer:[18] , lwc lac iter:[4], lr:[0.00750025] ,time:[15.676092]s, mse: [0.00017562]
2026-09-09 13:51:18 [INFO] my_app: layer:[18] , lwc lac iter:[5], lr:[0.00654543] ,time:[15.669320]s, mse: [0.00015986]
2026-09-09 13:51:33 [INFO] my_app: layer:[18] , lwc lac iter:[6], lr:[0.00552309] ,time:[15.675868]s, mse: [0.00015056]
2026-09-09 13:51:49 [INFO] my_app: layer:[18] , lwc lac iter:[7], lr:[0.00447791] ,time:[15.674922]s, mse: [0.00013830]
2026-09-09 13:52:05 [INFO] my_app: layer:[18] , lwc lac iter:[8], lr:[0.00345557] ,time:[15.661759]s, mse: [0.00013231]
2026-09-09 13:52:20 [INFO] my_app: layer:[18] , lwc lac iter:[9], lr:[0.00250075] ,time:[15.686738]s, mse: [0.00013068]
2026-09-09 13:52:36 [INFO] my_app: layer:[18] , lwc lac iter:[10], lr:[0.00165518] ,time:[15.678164]s, mse: [0.00012984]
2026-09-09 13:52:52 [INFO] my_app: layer:[18] , lwc lac iter:[11], lr:[0.00095582] ,time:[15.670831]s, mse: [0.00012966]
2026-09-09 13:53:07 [INFO] my_app: layer:[18] , lwc lac iter:[12], lr:[0.00043323] ,time:[15.661774]s, mse: [0.00013201]
2026-09-09 13:53:23 [INFO] my_app: layer:[18] , lwc lac iter:[13], lr:[0.00011025] ,time:[15.672296]s, mse: [0.00013378]
2026-09-09 13:53:39 [INFO] my_app: layer:[18] , lwc lac iter:[14], lr:[0.00000100] ,time:[15.692741]s, mse: [0.00013407]
2026-09-09 13:53:40 [INFO] my_app: saved parameters for layer 18 at /home/utn/luli38se/cv/QuantVGGT/evaluation/outputs/w4a4/a44_nosmooth_model_tracker_fixed_e20.pt_sym/qs_global_parameters_layer_18.pth
2026-09-09 13:53:40 [INFO] my_app: After global_Layer_18 Memory Stats:
2026-09-09 13:53:40 [INFO] my_app: Allocated: 2681.56 MB
2026-09-09 13:53:40 [INFO] my_app: Reserved/Cached: 3250.00 MB
2026-09-09 13:53:40 [INFO] my_app: Max Allocated: 10996.90 MB
2026-09-09 13:53:40 [INFO] my_app: Max Reserved: 11654.00 MB
2026-09-09 13:53:40 [INFO] my_app: ========= frame_Layer_19 =========
2026-09-09 13:53:40 [INFO] my_app: Before frame_Layer_19 Memory Stats:
2026-09-09 13:53:40 [INFO] my_app: Allocated: 2627.74 MB
2026-09-09 13:53:40 [INFO] my_app: Reserved/Cached: 3250.00 MB
2026-09-09 13:53:40 [INFO] my_app: Max Allocated: 10996.90 MB
2026-09-09 13:53:40 [INFO] my_app: Max Reserved: 11654.00 MB
2026-09-09 13:53:43 [INFO] my_app: Layer 19 Epoch 0 Start Memory Stats:
2026-09-09 13:53:43 [INFO] my_app: Allocated: 2627.74 MB
2026-09-09 13:53:43 [INFO] my_app: Reserved/Cached: 3250.00 MB
2026-09-09 13:53:43 [INFO] my_app: Max Allocated: 10996.90 MB
2026-09-09 13:53:43 [INFO] my_app: Max Reserved: 11654.00 MB
2026-09-09 13:53:59 [INFO] my_app: layer:[19] , lwc lac iter:[0], lr:[0.00989075] ,time:[15.620519]s, mse: [0.00026474]
2026-09-09 13:54:14 [INFO] my_app: layer:[19] , lwc lac iter:[1], lr:[0.00956777] ,time:[15.661880]s, mse: [0.00024638]
2026-09-09 13:54:30 [INFO] my_app: layer:[19] , lwc lac iter:[2], lr:[0.00904518] ,time:[15.648546]s, mse: [0.00022808]
2026-09-09 13:54:45 [INFO] my_app: layer:[19] , lwc lac iter:[3], lr:[0.00834582] ,time:[15.641783]s, mse: [0.00020876]
2026-09-09 13:55:01 [INFO] my_app: layer:[19] , lwc lac iter:[4], lr:[0.00750025] ,time:[15.671731]s, mse: [0.00019295]
2026-09-09 13:55:17 [INFO] my_app: layer:[19] , lwc lac iter:[5], lr:[0.00654543] ,time:[15.664657]s, mse: [0.00018196]
2026-09-09 13:55:32 [INFO] my_app: layer:[19] , lwc lac iter:[6], lr:[0.00552309] ,time:[15.670541]s, mse: [0.00017096]
2026-09-09 13:55:48 [INFO] my_app: layer:[19] , lwc lac iter:[7], lr:[0.00447791] ,time:[15.660507]s, mse: [0.00016343]
2026-09-09 13:56:04 [INFO] my_app: layer:[19] , lwc lac iter:[8], lr:[0.00345557] ,time:[15.655510]s, mse: [0.00015868]
2026-09-09 13:56:19 [INFO] my_app: layer:[19] , lwc lac iter:[9], lr:[0.00250075] ,time:[15.674311]s, mse: [0.00015664]
2026-09-09 13:56:35 [INFO] my_app: layer:[19] , lwc lac iter:[10], lr:[0.00165518] ,time:[15.688393]s, mse: [0.00015516]
2026-09-09 13:56:51 [INFO] my_app: layer:[19] , lwc lac iter:[11], lr:[0.00095582] ,time:[15.676710]s, mse: [0.00015471]
2026-09-09 13:57:06 [INFO] my_app: layer:[19] , lwc lac iter:[12], lr:[0.00043323] ,time:[15.658233]s, mse: [0.00015396]
2026-09-09 13:57:22 [INFO] my_app: layer:[19] , lwc lac iter:[13], lr:[0.00011025] ,time:[15.691708]s, mse: [0.00015364]
2026-09-09 13:57:38 [INFO] my_app: layer:[19] , lwc lac iter:[14], lr:[0.00000100] ,time:[15.681226]s, mse: [0.00015345]
2026-09-09 13:57:39 [INFO] my_app: saved parameters for layer 19 at /home/utn/luli38se/cv/QuantVGGT/evaluation/outputs/w4a4/a44_nosmooth_model_tracker_fixed_e20.pt_sym/qs_frame_parameters_layer_19.pth
2026-09-09 13:57:39 [INFO] my_app: After frame_Layer_19 Memory Stats:
2026-09-09 13:57:39 [INFO] my_app: Allocated: 2557.42 MB
2026-09-09 13:57:39 [INFO] my_app: Reserved/Cached: 3138.00 MB
2026-09-09 13:57:39 [INFO] my_app: Max Allocated: 10996.90 MB
2026-09-09 13:57:39 [INFO] my_app: Max Reserved: 11654.00 MB
2026-09-09 13:57:39 [INFO] my_app: ========= global_Layer_19 =========
2026-09-09 13:57:39 [INFO] my_app: Before global_Layer_19 Memory Stats:
2026-09-09 13:57:39 [INFO] my_app: Allocated: 2503.60 MB
2026-09-09 13:57:39 [INFO] my_app: Reserved/Cached: 3138.00 MB
2026-09-09 13:57:39 [INFO] my_app: Max Allocated: 10996.90 MB
2026-09-09 13:57:39 [INFO] my_app: Max Reserved: 11654.00 MB
2026-09-09 13:57:42 [INFO] my_app: Layer 19 Epoch 0 Start Memory Stats:
2026-09-09 13:57:42 [INFO] my_app: Allocated: 2503.60 MB
2026-09-09 13:57:42 [INFO] my_app: Reserved/Cached: 3138.00 MB
2026-09-09 13:57:42 [INFO] my_app: Max Allocated: 10996.90 MB
2026-09-09 13:57:42 [INFO] my_app: Max Reserved: 11654.00 MB
2026-09-09 13:57:57 [INFO] my_app: layer:[19] , lwc lac iter:[0], lr:[0.00989075] ,time:[15.588780]s, mse: [0.00066727]
2026-09-09 13:58:13 [INFO] my_app: layer:[19] , lwc lac iter:[1], lr:[0.00956777] ,time:[15.630828]s, mse: [0.00063957]
2026-09-09 13:58:29 [INFO] my_app: layer:[19] , lwc lac iter:[2], lr:[0.00904518] ,time:[15.639244]s, mse: [0.00060711]
2026-09-09 13:58:44 [INFO] my_app: layer:[19] , lwc lac iter:[3], lr:[0.00834582] ,time:[15.645579]s, mse: [0.00052099]
2026-09-09 13:59:00 [INFO] my_app: layer:[19] , lwc lac iter:[4], lr:[0.00750025] ,time:[15.640575]s, mse: [0.00045247]
2026-09-09 13:59:16 [INFO] my_app: layer:[19] , lwc lac iter:[5], lr:[0.00654543] ,time:[15.664984]s, mse: [0.00041131]
2026-09-09 13:59:31 [INFO] my_app: layer:[19] , lwc lac iter:[6], lr:[0.00552309] ,time:[15.638056]s, mse: [0.00040034]
2026-09-09 13:59:47 [INFO] my_app: layer:[19] , lwc lac iter:[7], lr:[0.00447791] ,time:[15.654511]s, mse: [0.00039230]
2026-09-09 14:00:03 [INFO] my_app: layer:[19] , lwc lac iter:[8], lr:[0.00345557] ,time:[15.650629]s, mse: [0.00039170]
2026-09-09 14:00:18 [INFO] my_app: layer:[19] , lwc lac iter:[9], lr:[0.00250075] ,time:[15.666718]s, mse: [0.00038205]
2026-09-09 14:00:34 [INFO] my_app: layer:[19] , lwc lac iter:[10], lr:[0.00165518] ,time:[15.663865]s, mse: [0.00038587]
2026-09-09 14:00:50 [INFO] my_app: layer:[19] , lwc lac iter:[11], lr:[0.00095582] ,time:[15.643610]s, mse: [0.00038165]
2026-09-09 14:01:05 [INFO] my_app: layer:[19] , lwc lac iter:[12], lr:[0.00043323] ,time:[15.645625]s, mse: [0.00038119]
2026-09-09 14:01:21 [INFO] my_app: layer:[19] , lwc lac iter:[13], lr:[0.00011025] ,time:[15.642399]s, mse: [0.00038237]
2026-09-09 14:01:37 [INFO] my_app: layer:[19] , lwc lac iter:[14], lr:[0.00000100] ,time:[15.654627]s, mse: [0.00038217]
2026-09-09 14:01:37 [INFO] my_app: saved parameters for layer 19 at /home/utn/luli38se/cv/QuantVGGT/evaluation/outputs/w4a4/a44_nosmooth_model_tracker_fixed_e20.pt_sym/qs_global_parameters_layer_19.pth
2026-09-09 14:01:37 [INFO] my_app: After global_Layer_19 Memory Stats:
2026-09-09 14:01:37 [INFO] my_app: Allocated: 2433.28 MB
2026-09-09 14:01:37 [INFO] my_app: Reserved/Cached: 2898.00 MB
2026-09-09 14:01:37 [INFO] my_app: Max Allocated: 10996.90 MB
2026-09-09 14:01:37 [INFO] my_app: Max Reserved: 11654.00 MB
2026-09-09 14:01:37 [INFO] my_app: ========= frame_Layer_20 =========
2026-09-09 14:01:37 [INFO] my_app: Before frame_Layer_20 Memory Stats:
2026-09-09 14:01:37 [INFO] my_app: Allocated: 2379.46 MB
2026-09-09 14:01:37 [INFO] my_app: Reserved/Cached: 2898.00 MB
2026-09-09 14:01:37 [INFO] my_app: Max Allocated: 10996.90 MB
2026-09-09 14:01:37 [INFO] my_app: Max Reserved: 11654.00 MB
2026-09-09 14:01:41 [INFO] my_app: Layer 20 Epoch 0 Start Memory Stats:
2026-09-09 14:01:41 [INFO] my_app: Allocated: 2379.46 MB
2026-09-09 14:01:41 [INFO] my_app: Reserved/Cached: 2898.00 MB
2026-09-09 14:01:41 [INFO] my_app: Max Allocated: 10996.90 MB
2026-09-09 14:01:41 [INFO] my_app: Max Reserved: 11654.00 MB
2026-09-09 14:01:56 [INFO] my_app: layer:[20] , lwc lac iter:[0], lr:[0.00989075] ,time:[15.655494]s, mse: [0.00159096]
2026-09-09 14:02:12 [INFO] my_app: layer:[20] , lwc lac iter:[1], lr:[0.00956777] ,time:[15.683692]s, mse: [0.00133544]
2026-09-09 14:02:28 [INFO] my_app: layer:[20] , lwc lac iter:[2], lr:[0.00904518] ,time:[15.683135]s, mse: [0.00115576]
2026-09-09 14:02:43 [INFO] my_app: layer:[20] , lwc lac iter:[3], lr:[0.00834582] ,time:[15.709130]s, mse: [0.00104077]
2026-09-09 14:02:59 [INFO] my_app: layer:[20] , lwc lac iter:[4], lr:[0.00750025] ,time:[15.702339]s, mse: [0.00094300]
2026-09-09 14:03:15 [INFO] my_app: layer:[20] , lwc lac iter:[5], lr:[0.00654543] ,time:[15.742834]s, mse: [0.00085119]
2026-09-09 14:03:30 [INFO] my_app: layer:[20] , lwc lac iter:[6], lr:[0.00552309] ,time:[15.692063]s, mse: [0.00078368]
2026-09-09 14:03:46 [INFO] my_app: layer:[20] , lwc lac iter:[7], lr:[0.00447791] ,time:[15.712672]s, mse: [0.00076665]
2026-09-09 14:04:02 [INFO] my_app: layer:[20] , lwc lac iter:[8], lr:[0.00345557] ,time:[15.725707]s, mse: [0.00074625]
2026-09-09 14:04:18 [INFO] my_app: layer:[20] , lwc lac iter:[9], lr:[0.00250075] ,time:[15.708237]s, mse: [0.00073398]
2026-09-09 14:04:33 [INFO] my_app: layer:[20] , lwc lac iter:[10], lr:[0.00165518] ,time:[15.712263]s, mse: [0.00073314]
2026-09-09 14:04:49 [INFO] my_app: layer:[20] , lwc lac iter:[11], lr:[0.00095582] ,time:[15.690037]s, mse: [0.00073086]
2026-09-09 14:05:05 [INFO] my_app: layer:[20] , lwc lac iter:[12], lr:[0.00043323] ,time:[15.724511]s, mse: [0.00072445]
2026-09-09 14:05:20 [INFO] my_app: layer:[20] , lwc lac iter:[13], lr:[0.00011025] ,time:[15.711556]s, mse: [0.00072068]
2026-09-09 14:05:36 [INFO] my_app: layer:[20] , lwc lac iter:[14], lr:[0.00000100] ,time:[15.689126]s, mse: [0.00072251]
2026-09-09 14:05:37 [INFO] my_app: saved parameters for layer 20 at /home/utn/luli38se/cv/QuantVGGT/evaluation/outputs/w4a4/a44_nosmooth_model_tracker_fixed_e20.pt_sym/qs_frame_parameters_layer_20.pth
2026-09-09 14:05:37 [INFO] my_app: After frame_Layer_20 Memory Stats:
2026-09-09 14:05:37 [INFO] my_app: Allocated: 2309.14 MB
2026-09-09 14:05:37 [INFO] my_app: Reserved/Cached: 2786.00 MB
2026-09-09 14:05:37 [INFO] my_app: Max Allocated: 10996.90 MB
2026-09-09 14:05:37 [INFO] my_app: Max Reserved: 11654.00 MB
2026-09-09 14:05:37 [INFO] my_app: ========= global_Layer_20 =========
2026-09-09 14:05:37 [INFO] my_app: Before global_Layer_20 Memory Stats:
2026-09-09 14:05:37 [INFO] my_app: Allocated: 2255.32 MB
2026-09-09 14:05:37 [INFO] my_app: Reserved/Cached: 2786.00 MB
2026-09-09 14:05:37 [INFO] my_app: Max Allocated: 10996.90 MB
2026-09-09 14:05:37 [INFO] my_app: Max Reserved: 11654.00 MB
2026-09-09 14:05:40 [INFO] my_app: Layer 20 Epoch 0 Start Memory Stats:
2026-09-09 14:05:40 [INFO] my_app: Allocated: 2255.32 MB
2026-09-09 14:05:40 [INFO] my_app: Reserved/Cached: 2786.00 MB
2026-09-09 14:05:40 [INFO] my_app: Max Allocated: 10996.90 MB
2026-09-09 14:05:40 [INFO] my_app: Max Reserved: 11654.00 MB
2026-09-09 14:05:56 [INFO] my_app: layer:[20] , lwc lac iter:[0], lr:[0.00989075] ,time:[15.675297]s, mse: [0.00088025]
2026-09-09 14:06:12 [INFO] my_app: layer:[20] , lwc lac iter:[1], lr:[0.00956777] ,time:[15.709279]s, mse: [0.00082945]
2026-09-09 14:06:27 [INFO] my_app: layer:[20] , lwc lac iter:[2], lr:[0.00904518] ,time:[15.710734]s, mse: [0.00077764]
2026-09-09 14:06:43 [INFO] my_app: layer:[20] , lwc lac iter:[3], lr:[0.00834582] ,time:[15.703807]s, mse: [0.00071603]
2026-09-09 14:06:59 [INFO] my_app: layer:[20] , lwc lac iter:[4], lr:[0.00750025] ,time:[15.724752]s, mse: [0.00064817]
2026-09-09 14:07:14 [INFO] my_app: layer:[20] , lwc lac iter:[5], lr:[0.00654543] ,time:[15.722037]s, mse: [0.00058837]
2026-09-09 14:07:30 [INFO] my_app: layer:[20] , lwc lac iter:[6], lr:[0.00552309] ,time:[15.692721]s, mse: [0.00054862]
2026-09-09 14:07:46 [INFO] my_app: layer:[20] , lwc lac iter:[7], lr:[0.00447791] ,time:[15.732571]s, mse: [0.00052871]
2026-09-09 14:08:02 [INFO] my_app: layer:[20] , lwc lac iter:[8], lr:[0.00345557] ,time:[15.692850]s, mse: [0.00051657]
2026-09-09 14:08:17 [INFO] my_app: layer:[20] , lwc lac iter:[9], lr:[0.00250075] ,time:[15.711648]s, mse: [0.00050955]
2026-09-09 14:08:33 [INFO] my_app: layer:[20] , lwc lac iter:[10], lr:[0.00165518] ,time:[15.708683]s, mse: [0.00050805]
2026-09-09 14:08:49 [INFO] my_app: layer:[20] , lwc lac iter:[11], lr:[0.00095582] ,time:[15.696665]s, mse: [0.00050578]
2026-09-09 14:09:04 [INFO] my_app: layer:[20] , lwc lac iter:[12], lr:[0.00043323] ,time:[15.716464]s, mse: [0.00050253]
2026-09-09 14:09:20 [INFO] my_app: layer:[20] , lwc lac iter:[13], lr:[0.00011025] ,time:[15.716239]s, mse: [0.00050252]
2026-09-09 14:09:36 [INFO] my_app: layer:[20] , lwc lac iter:[14], lr:[0.00000100] ,time:[15.720409]s, mse: [0.00050202]
2026-09-09 14:09:37 [INFO] my_app: saved parameters for layer 20 at /home/utn/luli38se/cv/QuantVGGT/evaluation/outputs/w4a4/a44_nosmooth_model_tracker_fixed_e20.pt_sym/qs_global_parameters_layer_20.pth
2026-09-09 14:09:37 [INFO] my_app: After global_Layer_20 Memory Stats:
2026-09-09 14:09:37 [INFO] my_app: Allocated: 2185.00 MB
2026-09-09 14:09:37 [INFO] my_app: Reserved/Cached: 2610.00 MB
2026-09-09 14:09:37 [INFO] my_app: Max Allocated: 10996.90 MB
2026-09-09 14:09:37 [INFO] my_app: Max Reserved: 11654.00 MB
2026-09-09 14:09:37 [INFO] my_app: ========= frame_Layer_21 =========
2026-09-09 14:09:37 [INFO] my_app: Before frame_Layer_21 Memory Stats:
2026-09-09 14:09:37 [INFO] my_app: Allocated: 2131.18 MB
2026-09-09 14:09:37 [INFO] my_app: Reserved/Cached: 2610.00 MB
2026-09-09 14:09:37 [INFO] my_app: Max Allocated: 10996.90 MB
2026-09-09 14:09:37 [INFO] my_app: Max Reserved: 11654.00 MB
2026-09-09 14:09:40 [INFO] my_app: Layer 21 Epoch 0 Start Memory Stats:
2026-09-09 14:09:40 [INFO] my_app: Allocated: 2131.18 MB
2026-09-09 14:09:40 [INFO] my_app: Reserved/Cached: 2610.00 MB
2026-09-09 14:09:40 [INFO] my_app: Max Allocated: 10996.90 MB
2026-09-09 14:09:40 [INFO] my_app: Max Reserved: 11654.00 MB
2026-09-09 14:09:56 [INFO] my_app: layer:[21] , lwc lac iter:[0], lr:[0.00989075] ,time:[15.708231]s, mse: [0.00142923]
2026-09-09 14:10:11 [INFO] my_app: layer:[21] , lwc lac iter:[1], lr:[0.00956777] ,time:[15.721460]s, mse: [0.00129009]
2026-09-09 14:10:27 [INFO] my_app: layer:[21] , lwc lac iter:[2], lr:[0.00904518] ,time:[15.766512]s, mse: [0.00108886]
2026-09-09 14:10:43 [INFO] my_app: layer:[21] , lwc lac iter:[3], lr:[0.00834582] ,time:[15.753942]s, mse: [0.00098497]
2026-09-09 14:10:59 [INFO] my_app: layer:[21] , lwc lac iter:[4], lr:[0.00750025] ,time:[15.766708]s, mse: [0.00089094]
2026-09-09 14:11:15 [INFO] my_app: layer:[21] , lwc lac iter:[5], lr:[0.00654543] ,time:[15.775027]s, mse: [0.00081628]
2026-09-09 14:11:30 [INFO] my_app: layer:[21] , lwc lac iter:[6], lr:[0.00552309] ,time:[15.761825]s, mse: [0.00077185]
2026-09-09 14:11:46 [INFO] my_app: layer:[21] , lwc lac iter:[7], lr:[0.00447791] ,time:[15.765780]s, mse: [0.00074286]
2026-09-09 14:12:02 [INFO] my_app: layer:[21] , lwc lac iter:[8], lr:[0.00345557] ,time:[15.768209]s, mse: [0.00072753]
2026-09-09 14:12:18 [INFO] my_app: layer:[21] , lwc lac iter:[9], lr:[0.00250075] ,time:[15.755912]s, mse: [0.00072012]
2026-09-09 14:12:33 [INFO] my_app: layer:[21] , lwc lac iter:[10], lr:[0.00165518] ,time:[15.764645]s, mse: [0.00070997]
2026-09-09 14:12:49 [INFO] my_app: layer:[21] , lwc lac iter:[11], lr:[0.00095582] ,time:[15.767583]s, mse: [0.00070397]
2026-09-09 14:13:05 [INFO] my_app: layer:[21] , lwc lac iter:[12], lr:[0.00043323] ,time:[15.756995]s, mse: [0.00070223]
2026-09-09 14:13:21 [INFO] my_app: layer:[21] , lwc lac iter:[13], lr:[0.00011025] ,time:[15.774649]s, mse: [0.00070004]
2026-09-09 14:13:36 [INFO] my_app: layer:[21] , lwc lac iter:[14], lr:[0.00000100] ,time:[15.746429]s, mse: [0.00069883]
2026-09-09 14:13:37 [INFO] my_app: saved parameters for layer 21 at /home/utn/luli38se/cv/QuantVGGT/evaluation/outputs/w4a4/a44_nosmooth_model_tracker_fixed_e20.pt_sym/qs_frame_parameters_layer_21.pth
2026-09-09 14:13:37 [INFO] my_app: After frame_Layer_21 Memory Stats:
2026-09-09 14:13:37 [INFO] my_app: Allocated: 2060.86 MB
2026-09-09 14:13:37 [INFO] my_app: Reserved/Cached: 2498.00 MB
2026-09-09 14:13:37 [INFO] my_app: Max Allocated: 10996.90 MB
2026-09-09 14:13:37 [INFO] my_app: Max Reserved: 11654.00 MB
2026-09-09 14:13:37 [INFO] my_app: ========= global_Layer_21 =========
2026-09-09 14:13:37 [INFO] my_app: Before global_Layer_21 Memory Stats:
2026-09-09 14:13:37 [INFO] my_app: Allocated: 2007.04 MB
2026-09-09 14:13:37 [INFO] my_app: Reserved/Cached: 2498.00 MB
2026-09-09 14:13:37 [INFO] my_app: Max Allocated: 10996.90 MB
2026-09-09 14:13:37 [INFO] my_app: Max Reserved: 11654.00 MB
2026-09-09 14:13:40 [INFO] my_app: Layer 21 Epoch 0 Start Memory Stats:
2026-09-09 14:13:40 [INFO] my_app: Allocated: 2007.04 MB
2026-09-09 14:13:40 [INFO] my_app: Reserved/Cached: 2498.00 MB
2026-09-09 14:13:40 [INFO] my_app: Max Allocated: 10996.90 MB
2026-09-09 14:13:40 [INFO] my_app: Max Reserved: 11654.00 MB
2026-09-09 14:13:56 [INFO] my_app: layer:[21] , lwc lac iter:[0], lr:[0.00989075] ,time:[15.701916]s, mse: [0.00133529]
2026-09-09 14:14:12 [INFO] my_app: layer:[21] , lwc lac iter:[1], lr:[0.00956777] ,time:[15.727998]s, mse: [0.00125105]
2026-09-09 14:14:28 [INFO] my_app: layer:[21] , lwc lac iter:[2], lr:[0.00904518] ,time:[15.730112]s, mse: [0.00113559]
2026-09-09 14:14:43 [INFO] my_app: layer:[21] , lwc lac iter:[3], lr:[0.00834582] ,time:[15.712972]s, mse: [0.00104468]
2026-09-09 14:14:59 [INFO] my_app: layer:[21] , lwc lac iter:[4], lr:[0.00750025] ,time:[15.739962]s, mse: [0.00094870]
2026-09-09 14:15:15 [INFO] my_app: layer:[21] , lwc lac iter:[5], lr:[0.00654543] ,time:[15.755759]s, mse: [0.00084561]
2026-09-09 14:15:31 [INFO] my_app: layer:[21] , lwc lac iter:[6], lr:[0.00552309] ,time:[15.742361]s, mse: [0.00081335]
2026-09-09 14:15:46 [INFO] my_app: layer:[21] , lwc lac iter:[7], lr:[0.00447791] ,time:[15.764889]s, mse: [0.00078504]
2026-09-09 14:16:02 [INFO] my_app: layer:[21] , lwc lac iter:[8], lr:[0.00345557] ,time:[15.743724]s, mse: [0.00078495]
2026-09-09 14:16:18 [INFO] my_app: layer:[21] , lwc lac iter:[9], lr:[0.00250075] ,time:[15.761522]s, mse: [0.00078023]
2026-09-09 14:16:34 [INFO] my_app: layer:[21] , lwc lac iter:[10], lr:[0.00165518] ,time:[15.737949]s, mse: [0.00076202]
2026-09-09 14:16:49 [INFO] my_app: layer:[21] , lwc lac iter:[11], lr:[0.00095582] ,time:[15.747697]s, mse: [0.00075427]
2026-09-09 14:17:05 [INFO] my_app: layer:[21] , lwc lac iter:[12], lr:[0.00043323] ,time:[15.770496]s, mse: [0.00076127]
2026-09-09 14:17:21 [INFO] my_app: layer:[21] , lwc lac iter:[13], lr:[0.00011025] ,time:[15.761066]s, mse: [0.00076280]
2026-09-09 14:17:37 [INFO] my_app: layer:[21] , lwc lac iter:[14], lr:[0.00000100] ,time:[15.735592]s, mse: [0.00076113]
2026-09-09 14:17:37 [INFO] my_app: saved parameters for layer 21 at /home/utn/luli38se/cv/QuantVGGT/evaluation/outputs/w4a4/a44_nosmooth_model_tracker_fixed_e20.pt_sym/qs_global_parameters_layer_21.pth
2026-09-09 14:17:37 [INFO] my_app: After global_Layer_21 Memory Stats:
2026-09-09 14:17:37 [INFO] my_app: Allocated: 1936.72 MB
2026-09-09 14:17:37 [INFO] my_app: Reserved/Cached: 2386.00 MB
2026-09-09 14:17:37 [INFO] my_app: Max Allocated: 10996.90 MB
2026-09-09 14:17:37 [INFO] my_app: Max Reserved: 11654.00 MB
2026-09-09 14:17:37 [INFO] my_app: ========= frame_Layer_22 =========
2026-09-09 14:17:37 [INFO] my_app: Before frame_Layer_22 Memory Stats:
2026-09-09 14:17:37 [INFO] my_app: Allocated: 1882.90 MB
2026-09-09 14:17:37 [INFO] my_app: Reserved/Cached: 2386.00 MB
2026-09-09 14:17:37 [INFO] my_app: Max Allocated: 10996.90 MB
2026-09-09 14:17:37 [INFO] my_app: Max Reserved: 11654.00 MB
2026-09-09 14:17:41 [INFO] my_app: Layer 22 Epoch 0 Start Memory Stats:
2026-09-09 14:17:41 [INFO] my_app: Allocated: 1882.90 MB
2026-09-09 14:17:41 [INFO] my_app: Reserved/Cached: 2386.00 MB
2026-09-09 14:17:41 [INFO] my_app: Max Allocated: 10996.90 MB
2026-09-09 14:17:41 [INFO] my_app: Max Reserved: 11654.00 MB
2026-09-09 14:17:56 [INFO] my_app: layer:[22] , lwc lac iter:[0], lr:[0.00989075] ,time:[15.707296]s, mse: [0.00134119]
2026-09-09 14:18:12 [INFO] my_app: layer:[22] , lwc lac iter:[1], lr:[0.00956777] ,time:[15.730152]s, mse: [0.00126251]
2026-09-09 14:18:28 [INFO] my_app: layer:[22] , lwc lac iter:[2], lr:[0.00904518] ,time:[15.740096]s, mse: [0.00118369]
2026-09-09 14:18:44 [INFO] my_app: layer:[22] , lwc lac iter:[3], lr:[0.00834582] ,time:[15.756406]s, mse: [0.00110591]
2026-09-09 14:18:59 [INFO] my_app: layer:[22] , lwc lac iter:[4], lr:[0.00750025] ,time:[15.730448]s, mse: [0.00098988]
2026-09-09 14:19:15 [INFO] my_app: layer:[22] , lwc lac iter:[5], lr:[0.00654543] ,time:[15.726823]s, mse: [0.00089807]
2026-09-09 14:19:31 [INFO] my_app: layer:[22] , lwc lac iter:[6], lr:[0.00552309] ,time:[15.756915]s, mse: [0.00083570]
2026-09-09 14:19:47 [INFO] my_app: layer:[22] , lwc lac iter:[7], lr:[0.00447791] ,time:[15.770229]s, mse: [0.00080521]
2026-09-09 14:20:02 [INFO] my_app: layer:[22] , lwc lac iter:[8], lr:[0.00345557] ,time:[15.763154]s, mse: [0.00079846]
2026-09-09 14:20:18 [INFO] my_app: layer:[22] , lwc lac iter:[9], lr:[0.00250075] ,time:[15.744286]s, mse: [0.00079600]
2026-09-09 14:20:34 [INFO] my_app: layer:[22] , lwc lac iter:[10], lr:[0.00165518] ,time:[15.753078]s, mse: [0.00078676]
2026-09-09 14:20:50 [INFO] my_app: layer:[22] , lwc lac iter:[11], lr:[0.00095582] ,time:[15.749310]s, mse: [0.00078520]
2026-09-09 14:21:05 [INFO] my_app: layer:[22] , lwc lac iter:[12], lr:[0.00043323] ,time:[15.751761]s, mse: [0.00078036]
2026-09-09 14:21:21 [INFO] my_app: layer:[22] , lwc lac iter:[13], lr:[0.00011025] ,time:[15.745235]s, mse: [0.00077733]
2026-09-09 14:21:37 [INFO] my_app: layer:[22] , lwc lac iter:[14], lr:[0.00000100] ,time:[15.743850]s, mse: [0.00077730]
2026-09-09 14:21:38 [INFO] my_app: saved parameters for layer 22 at /home/utn/luli38se/cv/QuantVGGT/evaluation/outputs/w4a4/a44_nosmooth_model_tracker_fixed_e20.pt_sym/qs_frame_parameters_layer_22.pth
2026-09-09 14:21:38 [INFO] my_app: After frame_Layer_22 Memory Stats:
2026-09-09 14:21:38 [INFO] my_app: Allocated: 1812.58 MB
2026-09-09 14:21:38 [INFO] my_app: Reserved/Cached: 2146.00 MB
2026-09-09 14:21:38 [INFO] my_app: Max Allocated: 10996.90 MB
2026-09-09 14:21:38 [INFO] my_app: Max Reserved: 11654.00 MB
2026-09-09 14:21:38 [INFO] my_app: ========= global_Layer_22 =========
2026-09-09 14:21:38 [INFO] my_app: Before global_Layer_22 Memory Stats:
2026-09-09 14:21:38 [INFO] my_app: Allocated: 1758.76 MB
2026-09-09 14:21:38 [INFO] my_app: Reserved/Cached: 2146.00 MB
2026-09-09 14:21:38 [INFO] my_app: Max Allocated: 10996.90 MB
2026-09-09 14:21:38 [INFO] my_app: Max Reserved: 11654.00 MB
2026-09-09 14:21:41 [INFO] my_app: Layer 22 Epoch 0 Start Memory Stats:
2026-09-09 14:21:41 [INFO] my_app: Allocated: 1758.76 MB
2026-09-09 14:21:41 [INFO] my_app: Reserved/Cached: 2146.00 MB
2026-09-09 14:21:41 [INFO] my_app: Max Allocated: 10996.90 MB
2026-09-09 14:21:41 [INFO] my_app: Max Reserved: 11654.00 MB
2026-09-09 14:21:57 [INFO] my_app: layer:[22] , lwc lac iter:[0], lr:[0.00989075] ,time:[15.799634]s, mse: [0.00046404]
2026-09-09 14:22:13 [INFO] my_app: layer:[22] , lwc lac iter:[1], lr:[0.00956777] ,time:[15.834194]s, mse: [0.00045938]
2026-09-09 14:22:29 [INFO] my_app: layer:[22] , lwc lac iter:[2], lr:[0.00904518] ,time:[15.820228]s, mse: [0.00041976]
2026-09-09 14:22:44 [INFO] my_app: layer:[22] , lwc lac iter:[3], lr:[0.00834582] ,time:[15.829821]s, mse: [0.00038623]
2026-09-09 14:23:00 [INFO] my_app: layer:[22] , lwc lac iter:[4], lr:[0.00750025] ,time:[15.850273]s, mse: [0.00035013]
2026-09-09 14:23:16 [INFO] my_app: layer:[22] , lwc lac iter:[5], lr:[0.00654543] ,time:[15.863069]s, mse: [0.00032226]
2026-09-09 14:23:32 [INFO] my_app: layer:[22] , lwc lac iter:[6], lr:[0.00552309] ,time:[15.841497]s, mse: [0.00031257]
2026-09-09 14:23:48 [INFO] my_app: layer:[22] , lwc lac iter:[7], lr:[0.00447791] ,time:[15.849593]s, mse: [0.00029582]
2026-09-09 14:24:04 [INFO] my_app: layer:[22] , lwc lac iter:[8], lr:[0.00345557] ,time:[15.866684]s, mse: [0.00029319]
2026-09-09 14:24:19 [INFO] my_app: layer:[22] , lwc lac iter:[9], lr:[0.00250075] ,time:[15.845716]s, mse: [0.00029017]
2026-09-09 14:24:35 [INFO] my_app: layer:[22] , lwc lac iter:[10], lr:[0.00165518] ,time:[15.847182]s, mse: [0.00028961]
2026-09-09 14:24:51 [INFO] my_app: layer:[22] , lwc lac iter:[11], lr:[0.00095582] ,time:[15.836691]s, mse: [0.00028989]
2026-09-09 14:25:07 [INFO] my_app: layer:[22] , lwc lac iter:[12], lr:[0.00043323] ,time:[15.825674]s, mse: [0.00028892]
2026-09-09 14:25:23 [INFO] my_app: layer:[22] , lwc lac iter:[13], lr:[0.00011025] ,time:[15.861483]s, mse: [0.00028870]
2026-09-09 14:25:39 [INFO] my_app: layer:[22] , lwc lac iter:[14], lr:[0.00000100] ,time:[15.837348]s, mse: [0.00028842]
2026-09-09 14:25:39 [INFO] my_app: saved parameters for layer 22 at /home/utn/luli38se/cv/QuantVGGT/evaluation/outputs/w4a4/a44_nosmooth_model_tracker_fixed_e20.pt_sym/qs_global_parameters_layer_22.pth
2026-09-09 14:25:39 [INFO] my_app: After global_Layer_22 Memory Stats:
2026-09-09 14:25:39 [INFO] my_app: Allocated: 1688.44 MB
2026-09-09 14:25:39 [INFO] my_app: Reserved/Cached: 2034.00 MB
2026-09-09 14:25:39 [INFO] my_app: Max Allocated: 10996.90 MB
2026-09-09 14:25:39 [INFO] my_app: Max Reserved: 11654.00 MB
2026-09-09 14:25:39 [INFO] my_app: ========= frame_Layer_23 =========
2026-09-09 14:25:39 [INFO] my_app: Before frame_Layer_23 Memory Stats:
2026-09-09 14:25:39 [INFO] my_app: Allocated: 1634.62 MB
2026-09-09 14:25:39 [INFO] my_app: Reserved/Cached: 2034.00 MB
2026-09-09 14:25:39 [INFO] my_app: Max Allocated: 10996.90 MB
2026-09-09 14:25:39 [INFO] my_app: Max Reserved: 11654.00 MB
2026-09-09 14:25:43 [INFO] my_app: Layer 23 Epoch 0 Start Memory Stats:
2026-09-09 14:25:43 [INFO] my_app: Allocated: 1634.62 MB
2026-09-09 14:25:43 [INFO] my_app: Reserved/Cached: 2034.00 MB
2026-09-09 14:25:43 [INFO] my_app: Max Allocated: 10996.90 MB
2026-09-09 14:25:43 [INFO] my_app: Max Reserved: 11654.00 MB
2026-09-09 14:25:59 [INFO] my_app: layer:[23] , lwc lac iter:[0], lr:[0.00989075] ,time:[15.744536]s, mse: [0.00522489]
2026-09-09 14:26:14 [INFO] my_app: layer:[23] , lwc lac iter:[1], lr:[0.00956777] ,time:[15.800380]s, mse: [0.00493602]
2026-09-09 14:26:30 [INFO] my_app: layer:[23] , lwc lac iter:[2], lr:[0.00904518] ,time:[15.803094]s, mse: [0.00461083]
2026-09-09 14:26:46 [INFO] my_app: layer:[23] , lwc lac iter:[3], lr:[0.00834582] ,time:[15.813615]s, mse: [0.00423795]
2026-09-09 14:27:02 [INFO] my_app: layer:[23] , lwc lac iter:[4], lr:[0.00750025] ,time:[15.804704]s, mse: [0.00374209]
2026-09-09 14:27:18 [INFO] my_app: layer:[23] , lwc lac iter:[5], lr:[0.00654543] ,time:[15.817161]s, mse: [0.00332183]
2026-09-09 14:27:33 [INFO] my_app: layer:[23] , lwc lac iter:[6], lr:[0.00552309] ,time:[15.816864]s, mse: [0.00311994]
2026-09-09 14:27:49 [INFO] my_app: layer:[23] , lwc lac iter:[7], lr:[0.00447791] ,time:[15.814018]s, mse: [0.00304997]
2026-09-09 14:28:05 [INFO] my_app: layer:[23] , lwc lac iter:[8], lr:[0.00345557] ,time:[15.795906]s, mse: [0.00302459]
2026-09-09 14:28:21 [INFO] my_app: layer:[23] , lwc lac iter:[9], lr:[0.00250075] ,time:[15.806247]s, mse: [0.00298669]
2026-09-09 14:28:37 [INFO] my_app: layer:[23] , lwc lac iter:[10], lr:[0.00165518] ,time:[15.812675]s, mse: [0.00296747]
2026-09-09 14:28:53 [INFO] my_app: layer:[23] , lwc lac iter:[11], lr:[0.00095582] ,time:[15.827760]s, mse: [0.00296758]
2026-09-09 14:29:08 [INFO] my_app: layer:[23] , lwc lac iter:[12], lr:[0.00043323] ,time:[15.815360]s, mse: [0.00296600]
2026-09-09 14:29:24 [INFO] my_app: layer:[23] , lwc lac iter:[13], lr:[0.00011025] ,time:[15.825624]s, mse: [0.00296294]
2026-09-09 14:29:40 [INFO] my_app: layer:[23] , lwc lac iter:[14], lr:[0.00000100] ,time:[15.806720]s, mse: [0.00295723]
2026-09-09 14:29:41 [INFO] my_app: saved parameters for layer 23 at /home/utn/luli38se/cv/QuantVGGT/evaluation/outputs/w4a4/a44_nosmooth_model_tracker_fixed_e20.pt_sym/qs_frame_parameters_layer_23.pth
2026-09-09 14:29:41 [INFO] my_app: After frame_Layer_23 Memory Stats:
2026-09-09 14:29:41 [INFO] my_app: Allocated: 1564.30 MB
2026-09-09 14:29:41 [INFO] my_app: Reserved/Cached: 1728.00 MB
2026-09-09 14:29:41 [INFO] my_app: Max Allocated: 10996.90 MB
2026-09-09 14:29:41 [INFO] my_app: Max Reserved: 11654.00 MB
2026-09-09 14:29:41 [INFO] my_app: ========= global_Layer_23 =========
2026-09-09 14:29:41 [INFO] my_app: Before global_Layer_23 Memory Stats:
2026-09-09 14:29:41 [INFO] my_app: Allocated: 1510.48 MB
2026-09-09 14:29:41 [INFO] my_app: Reserved/Cached: 1728.00 MB
2026-09-09 14:29:41 [INFO] my_app: Max Allocated: 10996.90 MB
2026-09-09 14:29:41 [INFO] my_app: Max Reserved: 11654.00 MB
2026-09-09 14:29:44 [INFO] my_app: Layer 23 Epoch 0 Start Memory Stats:
2026-09-09 14:29:44 [INFO] my_app: Allocated: 1510.48 MB
2026-09-09 14:29:44 [INFO] my_app: Reserved/Cached: 1728.00 MB
2026-09-09 14:29:44 [INFO] my_app: Max Allocated: 10996.90 MB
2026-09-09 14:29:44 [INFO] my_app: Max Reserved: 11654.00 MB
2026-09-09 14:30:00 [INFO] my_app: layer:[23] , lwc lac iter:[0], lr:[0.00989075] ,time:[15.916030]s, mse: [0.00997602]
2026-09-09 14:30:16 [INFO] my_app: layer:[23] , lwc lac iter:[1], lr:[0.00956777] ,time:[15.965985]s, mse: [0.00944126]
2026-09-09 14:30:32 [INFO] my_app: layer:[23] , lwc lac iter:[2], lr:[0.00904518] ,time:[15.941570]s, mse: [0.00881208]
2026-09-09 14:30:48 [INFO] my_app: layer:[23] , lwc lac iter:[3], lr:[0.00834582] ,time:[15.944453]s, mse: [0.00796423]
2026-09-09 14:31:04 [INFO] my_app: layer:[23] , lwc lac iter:[4], lr:[0.00750025] ,time:[15.944893]s, mse: [0.00717471]
2026-09-09 14:31:20 [INFO] my_app: layer:[23] , lwc lac iter:[5], lr:[0.00654543] ,time:[15.961969]s, mse: [0.00649472]
2026-09-09 14:31:36 [INFO] my_app: layer:[23] , lwc lac iter:[6], lr:[0.00552309] ,time:[15.949152]s, mse: [0.00616439]
2026-09-09 14:31:52 [INFO] my_app: layer:[23] , lwc lac iter:[7], lr:[0.00447791] ,time:[15.953811]s, mse: [0.00599026]
2026-09-09 14:32:08 [INFO] my_app: layer:[23] , lwc lac iter:[8], lr:[0.00345557] ,time:[15.958029]s, mse: [0.00590210]
2026-09-09 14:32:24 [INFO] my_app: layer:[23] , lwc lac iter:[9], lr:[0.00250075] ,time:[15.967598]s, mse: [0.00590168]
2026-09-09 14:32:40 [INFO] my_app: layer:[23] , lwc lac iter:[10], lr:[0.00165518] ,time:[15.957216]s, mse: [0.00586031]
2026-09-09 14:32:56 [INFO] my_app: layer:[23] , lwc lac iter:[11], lr:[0.00095582] ,time:[15.937609]s, mse: [0.00587539]
2026-09-09 14:33:12 [INFO] my_app: layer:[23] , lwc lac iter:[12], lr:[0.00043323] ,time:[15.953579]s, mse: [0.00584499]
2026-09-09 14:33:28 [INFO] my_app: layer:[23] , lwc lac iter:[13], lr:[0.00011025] ,time:[15.982276]s, mse: [0.00582492]
2026-09-09 14:33:44 [INFO] my_app: layer:[23] , lwc lac iter:[14], lr:[0.00000100] ,time:[15.945083]s, mse: [0.00582104]
2026-09-09 14:33:44 [INFO] my_app: saved parameters for layer 23 at /home/utn/luli38se/cv/QuantVGGT/evaluation/outputs/w4a4/a44_nosmooth_model_tracker_fixed_e20.pt_sym/qs_global_parameters_layer_23.pth
2026-09-09 14:33:44 [INFO] my_app: After global_Layer_23 Memory Stats:
2026-09-09 14:33:44 [INFO] my_app: Allocated: 1440.49 MB
2026-09-09 14:33:44 [INFO] my_app: Reserved/Cached: 1670.00 MB
2026-09-09 14:33:44 [INFO] my_app: Max Allocated: 10996.90 MB
2026-09-09 14:33:44 [INFO] my_app: Max Reserved: 11654.00 MB
2026-09-09 14:33:44 [INFO] my_app: Final Memory Stats:
2026-09-09 14:33:44 [INFO] my_app: Allocated: 1386.34 MB
2026-09-09 14:33:44 [INFO] my_app: Reserved/Cached: 1616.00 MB
2026-09-09 14:33:44 [INFO] my_app: Max Allocated: 10996.90 MB
2026-09-09 14:33:44 [INFO] my_app: Max Reserved: 11654.00 MB
2026-09-09 14:34:19 [INFO] my_app: saved merged parameters at /home/utn/luli38se/cv/QuantVGGT/evaluation/outputs/w4a4/a44_nosmooth_model_tracker_fixed_e20.pt_sym/qs_frame_parameters_total.pth
2026-09-09 14:34:19 [INFO] my_app: saved merged parameters at /home/utn/luli38se/cv/QuantVGGT/evaluation/outputs/w4a4/a44_nosmooth_model_tracker_fixed_e20.pt_sym/qs_global_parameters_total.pth
2026-09-09 14:34:19 [INFO] my_app: removed layer parameter file: /home/utn/luli38se/cv/QuantVGGT/evaluation/outputs/w4a4/a44_nosmooth_model_tracker_fixed_e20.pt_sym/qs_frame_parameters_layer_0.pth
2026-09-09 14:34:19 [INFO] my_app: removed layer parameter file: /home/utn/luli38se/cv/QuantVGGT/evaluation/outputs/w4a4/a44_nosmooth_model_tracker_fixed_e20.pt_sym/qs_global_parameters_layer_0.pth
2026-09-09 14:34:19 [INFO] my_app: removed layer parameter file: /home/utn/luli38se/cv/QuantVGGT/evaluation/outputs/w4a4/a44_nosmooth_model_tracker_fixed_e20.pt_sym/qs_frame_parameters_layer_1.pth
2026-09-09 14:34:19 [INFO] my_app: removed layer parameter file: /home/utn/luli38se/cv/QuantVGGT/evaluation/outputs/w4a4/a44_nosmooth_model_tracker_fixed_e20.pt_sym/qs_global_parameters_layer_1.pth
2026-09-09 14:34:19 [INFO] my_app: removed layer parameter file: /home/utn/luli38se/cv/QuantVGGT/evaluation/outputs/w4a4/a44_nosmooth_model_tracker_fixed_e20.pt_sym/qs_frame_parameters_layer_2.pth
2026-09-09 14:34:19 [INFO] my_app: removed layer parameter file: /home/utn/luli38se/cv/QuantVGGT/evaluation/outputs/w4a4/a44_nosmooth_model_tracker_fixed_e20.pt_sym/qs_global_parameters_layer_2.pth
2026-09-09 14:34:19 [INFO] my_app: removed layer parameter file: /home/utn/luli38se/cv/QuantVGGT/evaluation/outputs/w4a4/a44_nosmooth_model_tracker_fixed_e20.pt_sym/qs_frame_parameters_layer_3.pth
2026-09-09 14:34:19 [INFO] my_app: removed layer parameter file: /home/utn/luli38se/cv/QuantVGGT/evaluation/outputs/w4a4/a44_nosmooth_model_tracker_fixed_e20.pt_sym/qs_global_parameters_layer_3.pth
2026-09-09 14:34:19 [INFO] my_app: removed layer parameter file: /home/utn/luli38se/cv/QuantVGGT/evaluation/outputs/w4a4/a44_nosmooth_model_tracker_fixed_e20.pt_sym/qs_frame_parameters_layer_4.pth
2026-09-09 14:34:19 [INFO] my_app: removed layer parameter file: /home/utn/luli38se/cv/QuantVGGT/evaluation/outputs/w4a4/a44_nosmooth_model_tracker_fixed_e20.pt_sym/qs_global_parameters_layer_4.pth
2026-09-09 14:34:19 [INFO] my_app: removed layer parameter file: /home/utn/luli38se/cv/QuantVGGT/evaluation/outputs/w4a4/a44_nosmooth_model_tracker_fixed_e20.pt_sym/qs_frame_parameters_layer_5.pth
2026-09-09 14:34:19 [INFO] my_app: removed layer parameter file: /home/utn/luli38se/cv/QuantVGGT/evaluation/outputs/w4a4/a44_nosmooth_model_tracker_fixed_e20.pt_sym/qs_global_parameters_layer_5.pth
2026-09-09 14:34:19 [INFO] my_app: removed layer parameter file: /home/utn/luli38se/cv/QuantVGGT/evaluation/outputs/w4a4/a44_nosmooth_model_tracker_fixed_e20.pt_sym/qs_frame_parameters_layer_6.pth
2026-09-09 14:34:19 [INFO] my_app: removed layer parameter file: /home/utn/luli38se/cv/QuantVGGT/evaluation/outputs/w4a4/a44_nosmooth_model_tracker_fixed_e20.pt_sym/qs_global_parameters_layer_6.pth
2026-09-09 14:34:19 [INFO] my_app: removed layer parameter file: /home/utn/luli38se/cv/QuantVGGT/evaluation/outputs/w4a4/a44_nosmooth_model_tracker_fixed_e20.pt_sym/qs_frame_parameters_layer_7.pth
2026-09-09 14:34:19 [INFO] my_app: removed layer parameter file: /home/utn/luli38se/cv/QuantVGGT/evaluation/outputs/w4a4/a44_nosmooth_model_tracker_fixed_e20.pt_sym/qs_global_parameters_layer_7.pth
2026-09-09 14:34:19 [INFO] my_app: removed layer parameter file: /home/utn/luli38se/cv/QuantVGGT/evaluation/outputs/w4a4/a44_nosmooth_model_tracker_fixed_e20.pt_sym/qs_frame_parameters_layer_8.pth
2026-09-09 14:34:19 [INFO] my_app: removed layer parameter file: /home/utn/luli38se/cv/QuantVGGT/evaluation/outputs/w4a4/a44_nosmooth_model_tracker_fixed_e20.pt_sym/qs_global_parameters_layer_8.pth
2026-09-09 14:34:19 [INFO] my_app: removed layer parameter file: /home/utn/luli38se/cv/QuantVGGT/evaluation/outputs/w4a4/a44_nosmooth_model_tracker_fixed_e20.pt_sym/qs_frame_parameters_layer_9.pth
2026-09-09 14:34:20 [INFO] my_app: removed layer parameter file: /home/utn/luli38se/cv/QuantVGGT/evaluation/outputs/w4a4/a44_nosmooth_model_tracker_fixed_e20.pt_sym/qs_global_parameters_layer_9.pth
2026-09-09 14:34:20 [INFO] my_app: removed layer parameter file: /home/utn/luli38se/cv/QuantVGGT/evaluation/outputs/w4a4/a44_nosmooth_model_tracker_fixed_e20.pt_sym/qs_frame_parameters_layer_10.pth
2026-09-09 14:34:20 [INFO] my_app: removed layer parameter file: /home/utn/luli38se/cv/QuantVGGT/evaluation/outputs/w4a4/a44_nosmooth_model_tracker_fixed_e20.pt_sym/qs_global_parameters_layer_10.pth
2026-09-09 14:34:20 [INFO] my_app: removed layer parameter file: /home/utn/luli38se/cv/QuantVGGT/evaluation/outputs/w4a4/a44_nosmooth_model_tracker_fixed_e20.pt_sym/qs_frame_parameters_layer_11.pth
2026-09-09 14:34:20 [INFO] my_app: removed layer parameter file: /home/utn/luli38se/cv/QuantVGGT/evaluation/outputs/w4a4/a44_nosmooth_model_tracker_fixed_e20.pt_sym/qs_global_parameters_layer_11.pth
2026-09-09 14:34:20 [INFO] my_app: removed layer parameter file: /home/utn/luli38se/cv/QuantVGGT/evaluation/outputs/w4a4/a44_nosmooth_model_tracker_fixed_e20.pt_sym/qs_frame_parameters_layer_12.pth
2026-09-09 14:34:20 [INFO] my_app: removed layer parameter file: /home/utn/luli38se/cv/QuantVGGT/evaluation/outputs/w4a4/a44_nosmooth_model_tracker_fixed_e20.pt_sym/qs_global_parameters_layer_12.pth
2026-09-09 14:34:20 [INFO] my_app: removed layer parameter file: /home/utn/luli38se/cv/QuantVGGT/evaluation/outputs/w4a4/a44_nosmooth_model_tracker_fixed_e20.pt_sym/qs_frame_parameters_layer_13.pth
2026-09-09 14:34:20 [INFO] my_app: removed layer parameter file: /home/utn/luli38se/cv/QuantVGGT/evaluation/outputs/w4a4/a44_nosmooth_model_tracker_fixed_e20.pt_sym/qs_global_parameters_layer_13.pth
2026-09-09 14:34:20 [INFO] my_app: removed layer parameter file: /home/utn/luli38se/cv/QuantVGGT/evaluation/outputs/w4a4/a44_nosmooth_model_tracker_fixed_e20.pt_sym/qs_frame_parameters_layer_14.pth
2026-09-09 14:34:20 [INFO] my_app: removed layer parameter file: /home/utn/luli38se/cv/QuantVGGT/evaluation/outputs/w4a4/a44_nosmooth_model_tracker_fixed_e20.pt_sym/qs_global_parameters_layer_14.pth
2026-09-09 14:34:20 [INFO] my_app: removed layer parameter file: /home/utn/luli38se/cv/QuantVGGT/evaluation/outputs/w4a4/a44_nosmooth_model_tracker_fixed_e20.pt_sym/qs_frame_parameters_layer_15.pth
2026-09-09 14:34:20 [INFO] my_app: removed layer parameter file: /home/utn/luli38se/cv/QuantVGGT/evaluation/outputs/w4a4/a44_nosmooth_model_tracker_fixed_e20.pt_sym/qs_global_parameters_layer_15.pth
2026-09-09 14:34:20 [INFO] my_app: removed layer parameter file: /home/utn/luli38se/cv/QuantVGGT/evaluation/outputs/w4a4/a44_nosmooth_model_tracker_fixed_e20.pt_sym/qs_frame_parameters_layer_16.pth
2026-09-09 14:34:20 [INFO] my_app: removed layer parameter file: /home/utn/luli38se/cv/QuantVGGT/evaluation/outputs/w4a4/a44_nosmooth_model_tracker_fixed_e20.pt_sym/qs_global_parameters_layer_16.pth
2026-09-09 14:34:20 [INFO] my_app: removed layer parameter file: /home/utn/luli38se/cv/QuantVGGT/evaluation/outputs/w4a4/a44_nosmooth_model_tracker_fixed_e20.pt_sym/qs_frame_parameters_layer_17.pth
2026-09-09 14:34:20 [INFO] my_app: removed layer parameter file: /home/utn/luli38se/cv/QuantVGGT/evaluation/outputs/w4a4/a44_nosmooth_model_tracker_fixed_e20.pt_sym/qs_global_parameters_layer_17.pth
2026-09-09 14:34:20 [INFO] my_app: removed layer parameter file: /home/utn/luli38se/cv/QuantVGGT/evaluation/outputs/w4a4/a44_nosmooth_model_tracker_fixed_e20.pt_sym/qs_frame_parameters_layer_18.pth
2026-09-09 14:34:20 [INFO] my_app: removed layer parameter file: /home/utn/luli38se/cv/QuantVGGT/evaluation/outputs/w4a4/a44_nosmooth_model_tracker_fixed_e20.pt_sym/qs_global_parameters_layer_18.pth
2026-09-09 14:34:20 [INFO] my_app: removed layer parameter file: /home/utn/luli38se/cv/QuantVGGT/evaluation/outputs/w4a4/a44_nosmooth_model_tracker_fixed_e20.pt_sym/qs_frame_parameters_layer_19.pth
2026-09-09 14:34:20 [INFO] my_app: removed layer parameter file: /home/utn/luli38se/cv/QuantVGGT/evaluation/outputs/w4a4/a44_nosmooth_model_tracker_fixed_e20.pt_sym/qs_global_parameters_layer_19.pth
2026-09-09 14:34:20 [INFO] my_app: removed layer parameter file: /home/utn/luli38se/cv/QuantVGGT/evaluation/outputs/w4a4/a44_nosmooth_model_tracker_fixed_e20.pt_sym/qs_frame_parameters_layer_20.pth
2026-09-09 14:34:20 [INFO] my_app: removed layer parameter file: /home/utn/luli38se/cv/QuantVGGT/evaluation/outputs/w4a4/a44_nosmooth_model_tracker_fixed_e20.pt_sym/qs_global_parameters_layer_20.pth
2026-09-09 14:34:20 [INFO] my_app: removed layer parameter file: /home/utn/luli38se/cv/QuantVGGT/evaluation/outputs/w4a4/a44_nosmooth_model_tracker_fixed_e20.pt_sym/qs_frame_parameters_layer_21.pth
2026-09-09 14:34:20 [INFO] my_app: removed layer parameter file: /home/utn/luli38se/cv/QuantVGGT/evaluation/outputs/w4a4/a44_nosmooth_model_tracker_fixed_e20.pt_sym/qs_global_parameters_layer_21.pth
2026-09-09 14:34:20 [INFO] my_app: removed layer parameter file: /home/utn/luli38se/cv/QuantVGGT/evaluation/outputs/w4a4/a44_nosmooth_model_tracker_fixed_e20.pt_sym/qs_frame_parameters_layer_22.pth
2026-09-09 14:34:20 [INFO] my_app: removed layer parameter file: /home/utn/luli38se/cv/QuantVGGT/evaluation/outputs/w4a4/a44_nosmooth_model_tracker_fixed_e20.pt_sym/qs_global_parameters_layer_22.pth
2026-09-09 14:34:20 [INFO] my_app: removed layer parameter file: /home/utn/luli38se/cv/QuantVGGT/evaluation/outputs/w4a4/a44_nosmooth_model_tracker_fixed_e20.pt_sym/qs_frame_parameters_layer_23.pth
2026-09-09 14:34:20 [INFO] my_app: removed layer parameter file: /home/utn/luli38se/cv/QuantVGGT/evaluation/outputs/w4a4/a44_nosmooth_model_tracker_fixed_e20.pt_sym/qs_global_parameters_layer_23.pth
calibration finished in 194.2 min
  wrote /home/utn/luli38se/cv/QuantVGGT/evaluation/outputs/w4a4/a44_nosmooth_model_tracker_fixed_e20.pt_sym/qs_frame_parameters_total.pth  (1.78 GiB)
  wrote /home/utn/luli38se/cv/QuantVGGT/evaluation/outputs/w4a4/a44_nosmooth_model_tracker_fixed_e20.pt_sym/qs_global_parameters_total.pth  (1.78 GiB)
